product_id,product_name,category,price,_corrupt_record,ingestion_timestamp,source_file
1,Product1,clothing,4395.89,,2026-02-17T06:33:28.351Z,file:///opt/spark-apps/data/raw/products.csv
2,Product2,books,2868.88,,2026-02-17T06:33:28.351Z,file:///opt/spark-apps/data/raw/products.csv
3,Product3,clothing,3364.95,,2026-02-17T06:33:28.351Z,file:///opt/spark-apps/data/raw/products.csv
4,Product4,home,4595.99,,2026-02-17T06:33:28.351Z,file:///opt/spark-apps/data/raw/products.csv
5,Product5,home,222.08,,2026-02-17T06:33:28.351Z,file:///opt/spark-apps/data/raw/products.csv
6,Product6,sports,4856.91,,2026-02-17T06:33:28.351Z,file:///opt/spark-apps/data/raw/products.csv
7,Product7,home,1026.84,,2026-02-17T06:33:28.351Z,file:///opt/spark-apps/data/raw/products.csv
8,Product8,home,2593.41,,2026-02-17T06:33:28.351Z,file:///opt/spark-apps/data/raw/products.csv
9,Product9,books,1281.44,,2026-02-17T06:33:28.351Z,file:///opt/spark-apps/data/raw/products.csv
10,Product10,clothing,835.8,,2026-02-17T06:33:28.351Z,file:///opt/spark-apps/data/raw/products.csv
11,Product11,clothing,1281.6,,2026-02-17T06:33:28.351Z,file:///opt/spark-apps/data/raw/products.csv
12,Product12,books,151.75,,2026-02-17T06:33:28.351Z,file:///opt/spark-apps/data/raw/products.csv
13,Product13,clothing,1868.25,,2026-02-17T06:33:28.351Z,file:///opt/spark-apps/data/raw/products.csv
14,Product14,home,501.99,,2026-02-17T06:33:28.351Z,file:///opt/spark-apps/data/raw/products.csv
15,Product15,sports,2393.7,,2026-02-17T06:33:28.351Z,file:///opt/spark-apps/data/raw/products.csv
16,Product16,home,3942.94,,2026-02-17T06:33:28.351Z,file:///opt/spark-apps/data/raw/products.csv
17,Product17,home,2680.47,,2026-02-17T06:33:28.351Z,file:///opt/spark-apps/data/raw/products.csv
18,Product18,books,3565.83,,2026-02-17T06:33:28.351Z,file:///opt/spark-apps/data/raw/products.csv
19,Product19,home,4983.27,,2026-02-17T06:33:28.351Z,file:///opt/spark-apps/data/raw/products.csv
20,Product20,home,1247.81,,2026-02-17T06:33:28.351Z,file:///opt/spark-apps/data/raw/products.csv
21,Product21,clothing,3702.29,,2026-02-17T06:33:28.351Z,file:///opt/spark-apps/data/raw/products.csv
22,Product22,home,2543.46,,2026-02-17T06:33:28.351Z,file:///opt/spark-apps/data/raw/products.csv
23,Product23,clothing,2766.54,,2026-02-17T06:33:28.351Z,file:///opt/spark-apps/data/raw/products.csv
24,Product24,clothing,1889.95,,2026-02-17T06:33:28.351Z,file:///opt/spark-apps/data/raw/products.csv
25,Product25,sports,2921.19,,2026-02-17T06:33:28.351Z,file:///opt/spark-apps/data/raw/products.csv
26,Product26,books,1398.7,,2026-02-17T06:33:28.351Z,file:///opt/spark-apps/data/raw/products.csv
27,Product27,sports,4488.03,,2026-02-17T06:33:28.351Z,file:///opt/spark-apps/data/raw/products.csv
28,Product28,sports,3725.71,,2026-02-17T06:33:28.351Z,file:///opt/spark-apps/data/raw/products.csv
29,Product29,clothing,357.08,,2026-02-17T06:33:28.351Z,file:///opt/spark-apps/data/raw/products.csv
30,Product30,clothing,2220.35,,2026-02-17T06:33:28.351Z,file:///opt/spark-apps/data/raw/products.csv
31,Product31,sports,4987.44,,2026-02-17T06:33:28.351Z,file:///opt/spark-apps/data/raw/products.csv
32,Product32,home,1774.39,,2026-02-17T06:33:28.351Z,file:///opt/spark-apps/data/raw/products.csv
33,Product33,sports,1392.25,,2026-02-17T06:33:28.351Z,file:///opt/spark-apps/data/raw/products.csv
34,Product34,home,3751.68,,2026-02-17T06:33:28.351Z,file:///opt/spark-apps/data/raw/products.csv
35,Product35,books,3806.53,,2026-02-17T06:33:28.351Z,file:///opt/spark-apps/data/raw/products.csv
36,Product36,electronics,2688.32,,2026-02-17T06:33:28.351Z,file:///opt/spark-apps/data/raw/products.csv
37,Product37,sports,1202.66,,2026-02-17T06:33:28.351Z,file:///opt/spark-apps/data/raw/products.csv
38,Product38,clothing,2316.39,,2026-02-17T06:33:28.351Z,file:///opt/spark-apps/data/raw/products.csv
39,Product39,electronics,1216.83,,2026-02-17T06:33:28.351Z,file:///opt/spark-apps/data/raw/products.csv
40,Product40,sports,717.09,,2026-02-17T06:33:28.351Z,file:///opt/spark-apps/data/raw/products.csv
41,Product41,electronics,254.53,,2026-02-17T06:33:28.351Z,file:///opt/spark-apps/data/raw/products.csv
42,Product42,sports,1602.18,,2026-02-17T06:33:28.351Z,file:///opt/spark-apps/data/raw/products.csv
43,Product43,home,3647.77,,2026-02-17T06:33:28.351Z,file:///opt/spark-apps/data/raw/products.csv
44,Product44,electronics,2832.7,,2026-02-17T06:33:28.351Z,file:///opt/spark-apps/data/raw/products.csv
45,Product45,sports,564.27,,2026-02-17T06:33:28.351Z,file:///opt/spark-apps/data/raw/products.csv
46,Product46,sports,1240.13,,2026-02-17T06:33:28.351Z,file:///opt/spark-apps/data/raw/products.csv
47,Product47,clothing,471.51,,2026-02-17T06:33:28.351Z,file:///opt/spark-apps/data/raw/products.csv
48,Product48,home,631.76,,2026-02-17T06:33:28.351Z,file:///opt/spark-apps/data/raw/products.csv
49,Product49,clothing,981.99,,2026-02-17T06:33:28.351Z,file:///opt/spark-apps/data/raw/products.csv
50,Product50,electronics,1997.73,,2026-02-17T06:33:28.351Z,file:///opt/spark-apps/data/raw/products.csv
51,Product51,books,3830.26,,2026-02-17T06:33:28.351Z,file:///opt/spark-apps/data/raw/products.csv
52,Product52,sports,2248.71,,2026-02-17T06:33:28.351Z,file:///opt/spark-apps/data/raw/products.csv
53,Product53,clothing,176.33,,2026-02-17T06:33:28.351Z,file:///opt/spark-apps/data/raw/products.csv
54,Product54,books,1307.64,,2026-02-17T06:33:28.351Z,file:///opt/spark-apps/data/raw/products.csv
55,Product55,books,2643.98,,2026-02-17T06:33:28.351Z,file:///opt/spark-apps/data/raw/products.csv
56,Product56,sports,2597.01,,2026-02-17T06:33:28.351Z,file:///opt/spark-apps/data/raw/products.csv
57,Product57,sports,3946.55,,2026-02-17T06:33:28.351Z,file:///opt/spark-apps/data/raw/products.csv
58,Product58,home,4707.57,,2026-02-17T06:33:28.351Z,file:///opt/spark-apps/data/raw/products.csv
59,Product59,home,4973.36,,2026-02-17T06:33:28.351Z,file:///opt/spark-apps/data/raw/products.csv
60,Product60,sports,395.67,,2026-02-17T06:33:28.351Z,file:///opt/spark-apps/data/raw/products.csv
61,Product61,clothing,1023.91,,2026-02-17T06:33:28.351Z,file:///opt/spark-apps/data/raw/products.csv
62,Product62,clothing,2302.64,,2026-02-17T06:33:28.351Z,file:///opt/spark-apps/data/raw/products.csv
63,Product63,electronics,1962.29,,2026-02-17T06:33:28.351Z,file:///opt/spark-apps/data/raw/products.csv
64,Product64,sports,2923.19,,2026-02-17T06:33:28.351Z,file:///opt/spark-apps/data/raw/products.csv
65,Product65,home,4382.39,,2026-02-17T06:33:28.351Z,file:///opt/spark-apps/data/raw/products.csv
66,Product66,electronics,2543.99,,2026-02-17T06:33:28.351Z,file:///opt/spark-apps/data/raw/products.csv
67,Product67,sports,1130.09,,2026-02-17T06:33:28.351Z,file:///opt/spark-apps/data/raw/products.csv
68,Product68,sports,4503.04,,2026-02-17T06:33:28.351Z,file:///opt/spark-apps/data/raw/products.csv
69,Product69,sports,4608.55,,2026-02-17T06:33:28.351Z,file:///opt/spark-apps/data/raw/products.csv
70,Product70,sports,1459.74,,2026-02-17T06:33:28.351Z,file:///opt/spark-apps/data/raw/products.csv
71,Product71,clothing,1492.36,,2026-02-17T06:33:28.351Z,file:///opt/spark-apps/data/raw/products.csv
72,Product72,electronics,4331.87,,2026-02-17T06:33:28.351Z,file:///opt/spark-apps/data/raw/products.csv
73,Product73,home,1940.04,,2026-02-17T06:33:28.351Z,file:///opt/spark-apps/data/raw/products.csv
74,Product74,sports,3846.65,,2026-02-17T06:33:28.351Z,file:///opt/spark-apps/data/raw/products.csv
75,Product75,sports,3075.46,,2026-02-17T06:33:28.351Z,file:///opt/spark-apps/data/raw/products.csv
76,Product76,home,1093.51,,2026-02-17T06:33:28.351Z,file:///opt/spark-apps/data/raw/products.csv
77,Product77,clothing,3496.02,,2026-02-17T06:33:28.351Z,file:///opt/spark-apps/data/raw/products.csv
78,Product78,sports,2199.06,,2026-02-17T06:33:28.351Z,file:///opt/spark-apps/data/raw/products.csv
79,Product79,clothing,4498.52,,2026-02-17T06:33:28.351Z,file:///opt/spark-apps/data/raw/products.csv
80,Product80,home,1841.08,,2026-02-17T06:33:28.351Z,file:///opt/spark-apps/data/raw/products.csv
81,Product81,home,2908.73,,2026-02-17T06:33:28.351Z,file:///opt/spark-apps/data/raw/products.csv
82,Product82,books,798.56,,2026-02-17T06:33:28.351Z,file:///opt/spark-apps/data/raw/products.csv
83,Product83,books,151.64,,2026-02-17T06:33:28.351Z,file:///opt/spark-apps/data/raw/products.csv
84,Product84,clothing,3797.06,,2026-02-17T06:33:28.351Z,file:///opt/spark-apps/data/raw/products.csv
85,Product85,books,1320.65,,2026-02-17T06:33:28.351Z,file:///opt/spark-apps/data/raw/products.csv
86,Product86,books,2310.21,,2026-02-17T06:33:28.351Z,file:///opt/spark-apps/data/raw/products.csv
87,Product87,electronics,3307.07,,2026-02-17T06:33:28.351Z,file:///opt/spark-apps/data/raw/products.csv
88,Product88,electronics,4945.58,,2026-02-17T06:33:28.351Z,file:///opt/spark-apps/data/raw/products.csv
89,Product89,electronics,905.55,,2026-02-17T06:33:28.351Z,file:///opt/spark-apps/data/raw/products.csv
90,Product90,books,1835.03,,2026-02-17T06:33:28.351Z,file:///opt/spark-apps/data/raw/products.csv
91,Product91,books,1608.42,,2026-02-17T06:33:28.351Z,file:///opt/spark-apps/data/raw/products.csv
92,Product92,clothing,4171.85,,2026-02-17T06:33:28.351Z,file:///opt/spark-apps/data/raw/products.csv
93,Product93,clothing,1938.35,,2026-02-17T06:33:28.351Z,file:///opt/spark-apps/data/raw/products.csv
94,Product94,electronics,2345.23,,2026-02-17T06:33:28.351Z,file:///opt/spark-apps/data/raw/products.csv
95,Product95,books,711.54,,2026-02-17T06:33:28.351Z,file:///opt/spark-apps/data/raw/products.csv
96,Product96,sports,4154.92,,2026-02-17T06:33:28.351Z,file:///opt/spark-apps/data/raw/products.csv
97,Product97,home,3735.3,,2026-02-17T06:33:28.351Z,file:///opt/spark-apps/data/raw/products.csv
98,Product98,electronics,3878.03,,2026-02-17T06:33:28.351Z,file:///opt/spark-apps/data/raw/products.csv
99,Product99,books,4561.61,,2026-02-17T06:33:28.351Z,file:///opt/spark-apps/data/raw/products.csv
100,Product100,clothing,4456.35,,2026-02-17T06:33:28.351Z,file:///opt/spark-apps/data/raw/products.csv
101,Product101,home,4267.87,,2026-02-17T06:33:28.351Z,file:///opt/spark-apps/data/raw/products.csv
102,Product102,sports,4309.78,,2026-02-17T06:33:28.351Z,file:///opt/spark-apps/data/raw/products.csv
103,Product103,books,716.77,,2026-02-17T06:33:28.351Z,file:///opt/spark-apps/data/raw/products.csv
104,Product104,clothing,974.55,,2026-02-17T06:33:28.351Z,file:///opt/spark-apps/data/raw/products.csv
105,Product105,home,836.67,,2026-02-17T06:33:28.351Z,file:///opt/spark-apps/data/raw/products.csv
106,Product106,clothing,3383.06,,2026-02-17T06:33:28.351Z,file:///opt/spark-apps/data/raw/products.csv
107,Product107,books,3951.47,,2026-02-17T06:33:28.351Z,file:///opt/spark-apps/data/raw/products.csv
108,Product108,electronics,3223.25,,2026-02-17T06:33:28.351Z,file:///opt/spark-apps/data/raw/products.csv
109,Product109,books,1210.52,,2026-02-17T06:33:28.351Z,file:///opt/spark-apps/data/raw/products.csv
110,Product110,electronics,2515.16,,2026-02-17T06:33:28.351Z,file:///opt/spark-apps/data/raw/products.csv
111,Product111,electronics,572.83,,2026-02-17T06:33:28.351Z,file:///opt/spark-apps/data/raw/products.csv
112,Product112,sports,4526.42,,2026-02-17T06:33:28.351Z,file:///opt/spark-apps/data/raw/products.csv
113,Product113,electronics,655.14,,2026-02-17T06:33:28.351Z,file:///opt/spark-apps/data/raw/products.csv
114,Product114,electronics,1063.96,,2026-02-17T06:33:28.351Z,file:///opt/spark-apps/data/raw/products.csv
115,Product115,sports,2589.23,,2026-02-17T06:33:28.351Z,file:///opt/spark-apps/data/raw/products.csv
116,Product116,electronics,923.36,,2026-02-17T06:33:28.351Z,file:///opt/spark-apps/data/raw/products.csv
117,Product117,clothing,3866.74,,2026-02-17T06:33:28.351Z,file:///opt/spark-apps/data/raw/products.csv
118,Product118,clothing,1158.99,,2026-02-17T06:33:28.351Z,file:///opt/spark-apps/data/raw/products.csv
119,Product119,electronics,1594.66,,2026-02-17T06:33:28.351Z,file:///opt/spark-apps/data/raw/products.csv
120,Product120,sports,3418.22,,2026-02-17T06:33:28.351Z,file:///opt/spark-apps/data/raw/products.csv
121,Product121,books,2400.08,,2026-02-17T06:33:28.351Z,file:///opt/spark-apps/data/raw/products.csv
122,Product122,home,1410.59,,2026-02-17T06:33:28.351Z,file:///opt/spark-apps/data/raw/products.csv
123,Product123,electronics,2062.87,,2026-02-17T06:33:28.351Z,file:///opt/spark-apps/data/raw/products.csv
124,Product124,home,408.77,,2026-02-17T06:33:28.351Z,file:///opt/spark-apps/data/raw/products.csv
125,Product125,electronics,1366.09,,2026-02-17T06:33:28.351Z,file:///opt/spark-apps/data/raw/products.csv
126,Product126,clothing,1245.36,,2026-02-17T06:33:28.351Z,file:///opt/spark-apps/data/raw/products.csv
127,Product127,electronics,2212.53,,2026-02-17T06:33:28.351Z,file:///opt/spark-apps/data/raw/products.csv
128,Product128,clothing,2592.41,,2026-02-17T06:33:28.351Z,file:///opt/spark-apps/data/raw/products.csv
129,Product129,clothing,1790.46,,2026-02-17T06:33:28.351Z,file:///opt/spark-apps/data/raw/products.csv
130,Product130,books,1410.15,,2026-02-17T06:33:28.351Z,file:///opt/spark-apps/data/raw/products.csv
131,Product131,electronics,3781.23,,2026-02-17T06:33:28.351Z,file:///opt/spark-apps/data/raw/products.csv
132,Product132,books,4357.84,,2026-02-17T06:33:28.351Z,file:///opt/spark-apps/data/raw/products.csv
133,Product133,sports,4523.16,,2026-02-17T06:33:28.351Z,file:///opt/spark-apps/data/raw/products.csv
134,Product134,home,408.14,,2026-02-17T06:33:28.351Z,file:///opt/spark-apps/data/raw/products.csv
135,Product135,sports,2061.6,,2026-02-17T06:33:28.351Z,file:///opt/spark-apps/data/raw/products.csv
136,Product136,home,348.03,,2026-02-17T06:33:28.351Z,file:///opt/spark-apps/data/raw/products.csv
137,Product137,electronics,2365.78,,2026-02-17T06:33:28.351Z,file:///opt/spark-apps/data/raw/products.csv
138,Product138,electronics,3372.67,,2026-02-17T06:33:28.351Z,file:///opt/spark-apps/data/raw/products.csv
139,Product139,clothing,1082.2,,2026-02-17T06:33:28.351Z,file:///opt/spark-apps/data/raw/products.csv
140,Product140,clothing,303.67,,2026-02-17T06:33:28.351Z,file:///opt/spark-apps/data/raw/products.csv
141,Product141,books,4793.67,,2026-02-17T06:33:28.351Z,file:///opt/spark-apps/data/raw/products.csv
142,Product142,home,1883.7,,2026-02-17T06:33:28.351Z,file:///opt/spark-apps/data/raw/products.csv
143,Product143,clothing,2070.63,,2026-02-17T06:33:28.351Z,file:///opt/spark-apps/data/raw/products.csv
144,Product144,home,2623.17,,2026-02-17T06:33:28.351Z,file:///opt/spark-apps/data/raw/products.csv
145,Product145,electronics,3587.72,,2026-02-17T06:33:28.351Z,file:///opt/spark-apps/data/raw/products.csv
146,Product146,electronics,785.87,,2026-02-17T06:33:28.351Z,file:///opt/spark-apps/data/raw/products.csv
147,Product147,clothing,988.15,,2026-02-17T06:33:28.351Z,file:///opt/spark-apps/data/raw/products.csv
148,Product148,home,1107.81,,2026-02-17T06:33:28.351Z,file:///opt/spark-apps/data/raw/products.csv
149,Product149,sports,144.43,,2026-02-17T06:33:28.351Z,file:///opt/spark-apps/data/raw/products.csv
150,Product150,sports,2551.94,,2026-02-17T06:33:28.351Z,file:///opt/spark-apps/data/raw/products.csv
151,Product151,books,3499.57,,2026-02-17T06:33:28.351Z,file:///opt/spark-apps/data/raw/products.csv
152,Product152,home,3394.0,,2026-02-17T06:33:28.351Z,file:///opt/spark-apps/data/raw/products.csv
153,Product153,clothing,3376.49,,2026-02-17T06:33:28.351Z,file:///opt/spark-apps/data/raw/products.csv
154,Product154,clothing,4856.4,,2026-02-17T06:33:28.351Z,file:///opt/spark-apps/data/raw/products.csv
155,Product155,books,1815.66,,2026-02-17T06:33:28.351Z,file:///opt/spark-apps/data/raw/products.csv
156,Product156,clothing,19.47,,2026-02-17T06:33:28.351Z,file:///opt/spark-apps/data/raw/products.csv
157,Product157,home,2105.84,,2026-02-17T06:33:28.351Z,file:///opt/spark-apps/data/raw/products.csv
158,Product158,clothing,3020.34,,2026-02-17T06:33:28.351Z,file:///opt/spark-apps/data/raw/products.csv
159,Product159,clothing,592.38,,2026-02-17T06:33:28.351Z,file:///opt/spark-apps/data/raw/products.csv
160,Product160,clothing,4672.63,,2026-02-17T06:33:28.351Z,file:///opt/spark-apps/data/raw/products.csv
161,Product161,clothing,3363.98,,2026-02-17T06:33:28.351Z,file:///opt/spark-apps/data/raw/products.csv
162,Product162,books,964.45,,2026-02-17T06:33:28.351Z,file:///opt/spark-apps/data/raw/products.csv
163,Product163,sports,2404.56,,2026-02-17T06:33:28.351Z,file:///opt/spark-apps/data/raw/products.csv
164,Product164,electronics,3458.53,,2026-02-17T06:33:28.351Z,file:///opt/spark-apps/data/raw/products.csv
165,Product165,sports,3078.57,,2026-02-17T06:33:28.351Z,file:///opt/spark-apps/data/raw/products.csv
166,Product166,sports,3117.21,,2026-02-17T06:33:28.351Z,file:///opt/spark-apps/data/raw/products.csv
167,Product167,electronics,241.01,,2026-02-17T06:33:28.351Z,file:///opt/spark-apps/data/raw/products.csv
168,Product168,books,767.38,,2026-02-17T06:33:28.351Z,file:///opt/spark-apps/data/raw/products.csv
169,Product169,books,3291.14,,2026-02-17T06:33:28.351Z,file:///opt/spark-apps/data/raw/products.csv
170,Product170,home,1652.21,,2026-02-17T06:33:28.351Z,file:///opt/spark-apps/data/raw/products.csv
171,Product171,electronics,1344.12,,2026-02-17T06:33:28.351Z,file:///opt/spark-apps/data/raw/products.csv
172,Product172,books,1084.32,,2026-02-17T06:33:28.351Z,file:///opt/spark-apps/data/raw/products.csv
173,Product173,home,2909.62,,2026-02-17T06:33:28.351Z,file:///opt/spark-apps/data/raw/products.csv
174,Product174,clothing,3877.04,,2026-02-17T06:33:28.351Z,file:///opt/spark-apps/data/raw/products.csv
175,Product175,books,2823.43,,2026-02-17T06:33:28.351Z,file:///opt/spark-apps/data/raw/products.csv
176,Product176,clothing,964.27,,2026-02-17T06:33:28.351Z,file:///opt/spark-apps/data/raw/products.csv
177,Product177,sports,3516.99,,2026-02-17T06:33:28.351Z,file:///opt/spark-apps/data/raw/products.csv
178,Product178,sports,2953.52,,2026-02-17T06:33:28.351Z,file:///opt/spark-apps/data/raw/products.csv
179,Product179,sports,2199.9,,2026-02-17T06:33:28.351Z,file:///opt/spark-apps/data/raw/products.csv
180,Product180,electronics,2640.72,,2026-02-17T06:33:28.351Z,file:///opt/spark-apps/data/raw/products.csv
181,Product181,books,3003.44,,2026-02-17T06:33:28.351Z,file:///opt/spark-apps/data/raw/products.csv
182,Product182,electronics,3791.6,,2026-02-17T06:33:28.351Z,file:///opt/spark-apps/data/raw/products.csv
183,Product183,clothing,4954.48,,2026-02-17T06:33:28.351Z,file:///opt/spark-apps/data/raw/products.csv
184,Product184,home,4811.57,,2026-02-17T06:33:28.351Z,file:///opt/spark-apps/data/raw/products.csv
185,Product185,sports,3277.01,,2026-02-17T06:33:28.351Z,file:///opt/spark-apps/data/raw/products.csv
186,Product186,clothing,4932.47,,2026-02-17T06:33:28.351Z,file:///opt/spark-apps/data/raw/products.csv
187,Product187,sports,3827.65,,2026-02-17T06:33:28.351Z,file:///opt/spark-apps/data/raw/products.csv
188,Product188,books,3883.08,,2026-02-17T06:33:28.351Z,file:///opt/spark-apps/data/raw/products.csv
189,Product189,electronics,2584.22,,2026-02-17T06:33:28.351Z,file:///opt/spark-apps/data/raw/products.csv
190,Product190,clothing,3327.67,,2026-02-17T06:33:28.351Z,file:///opt/spark-apps/data/raw/products.csv
191,Product191,books,4538.57,,2026-02-17T06:33:28.351Z,file:///opt/spark-apps/data/raw/products.csv
192,Product192,home,3251.98,,2026-02-17T06:33:28.351Z,file:///opt/spark-apps/data/raw/products.csv
193,Product193,sports,627.45,,2026-02-17T06:33:28.351Z,file:///opt/spark-apps/data/raw/products.csv
194,Product194,clothing,4530.98,,2026-02-17T06:33:28.351Z,file:///opt/spark-apps/data/raw/products.csv
195,Product195,sports,2286.44,,2026-02-17T06:33:28.351Z,file:///opt/spark-apps/data/raw/products.csv
196,Product196,home,4265.04,,2026-02-17T06:33:28.351Z,file:///opt/spark-apps/data/raw/products.csv
197,Product197,clothing,1076.47,,2026-02-17T06:33:28.351Z,file:///opt/spark-apps/data/raw/products.csv
198,Product198,sports,1045.8,,2026-02-17T06:33:28.351Z,file:///opt/spark-apps/data/raw/products.csv
199,Product199,clothing,187.36,,2026-02-17T06:33:28.351Z,file:///opt/spark-apps/data/raw/products.csv
200,Product200,sports,4972.75,,2026-02-17T06:33:28.351Z,file:///opt/spark-apps/data/raw/products.csv
201,Product201,home,2500.27,,2026-02-17T06:33:28.351Z,file:///opt/spark-apps/data/raw/products.csv
202,Product202,books,1759.66,,2026-02-17T06:33:28.351Z,file:///opt/spark-apps/data/raw/products.csv
203,Product203,books,3741.93,,2026-02-17T06:33:28.351Z,file:///opt/spark-apps/data/raw/products.csv
204,Product204,electronics,2810.53,,2026-02-17T06:33:28.351Z,file:///opt/spark-apps/data/raw/products.csv
205,Product205,electronics,1302.84,,2026-02-17T06:33:28.351Z,file:///opt/spark-apps/data/raw/products.csv
206,Product206,clothing,180.59,,2026-02-17T06:33:28.351Z,file:///opt/spark-apps/data/raw/products.csv
207,Product207,home,3879.49,,2026-02-17T06:33:28.351Z,file:///opt/spark-apps/data/raw/products.csv
208,Product208,clothing,2440.36,,2026-02-17T06:33:28.351Z,file:///opt/spark-apps/data/raw/products.csv
209,Product209,books,1131.56,,2026-02-17T06:33:28.351Z,file:///opt/spark-apps/data/raw/products.csv
210,Product210,sports,3003.92,,2026-02-17T06:33:28.351Z,file:///opt/spark-apps/data/raw/products.csv
211,Product211,books,601.99,,2026-02-17T06:33:28.351Z,file:///opt/spark-apps/data/raw/products.csv
212,Product212,electronics,4528.06,,2026-02-17T06:33:28.351Z,file:///opt/spark-apps/data/raw/products.csv
213,Product213,books,2154.04,,2026-02-17T06:33:28.351Z,file:///opt/spark-apps/data/raw/products.csv
214,Product214,books,1303.3,,2026-02-17T06:33:28.351Z,file:///opt/spark-apps/data/raw/products.csv
215,Product215,clothing,1146.51,,2026-02-17T06:33:28.351Z,file:///opt/spark-apps/data/raw/products.csv
216,Product216,sports,4777.63,,2026-02-17T06:33:28.351Z,file:///opt/spark-apps/data/raw/products.csv
217,Product217,electronics,2993.33,,2026-02-17T06:33:28.351Z,file:///opt/spark-apps/data/raw/products.csv
218,Product218,sports,3593.58,,2026-02-17T06:33:28.351Z,file:///opt/spark-apps/data/raw/products.csv
219,Product219,clothing,1581.68,,2026-02-17T06:33:28.351Z,file:///opt/spark-apps/data/raw/products.csv
220,Product220,clothing,186.87,,2026-02-17T06:33:28.351Z,file:///opt/spark-apps/data/raw/products.csv
221,Product221,electronics,2326.57,,2026-02-17T06:33:28.351Z,file:///opt/spark-apps/data/raw/products.csv
222,Product222,books,188.9,,2026-02-17T06:33:28.351Z,file:///opt/spark-apps/data/raw/products.csv
223,Product223,electronics,738.88,,2026-02-17T06:33:28.351Z,file:///opt/spark-apps/data/raw/products.csv
224,Product224,home,3687.63,,2026-02-17T06:33:28.351Z,file:///opt/spark-apps/data/raw/products.csv
225,Product225,books,1158.85,,2026-02-17T06:33:28.351Z,file:///opt/spark-apps/data/raw/products.csv
226,Product226,home,4040.63,,2026-02-17T06:33:28.351Z,file:///opt/spark-apps/data/raw/products.csv
227,Product227,books,168.37,,2026-02-17T06:33:28.351Z,file:///opt/spark-apps/data/raw/products.csv
228,Product228,books,938.51,,2026-02-17T06:33:28.351Z,file:///opt/spark-apps/data/raw/products.csv
229,Product229,books,3483.67,,2026-02-17T06:33:28.351Z,file:///opt/spark-apps/data/raw/products.csv
230,Product230,home,3161.71,,2026-02-17T06:33:28.351Z,file:///opt/spark-apps/data/raw/products.csv
231,Product231,electronics,2956.14,,2026-02-17T06:33:28.351Z,file:///opt/spark-apps/data/raw/products.csv
232,Product232,books,394.35,,2026-02-17T06:33:28.351Z,file:///opt/spark-apps/data/raw/products.csv
233,Product233,sports,2482.31,,2026-02-17T06:33:28.351Z,file:///opt/spark-apps/data/raw/products.csv
234,Product234,electronics,3633.76,,2026-02-17T06:33:28.351Z,file:///opt/spark-apps/data/raw/products.csv
235,Product235,clothing,609.63,,2026-02-17T06:33:28.351Z,file:///opt/spark-apps/data/raw/products.csv
236,Product236,clothing,4009.66,,2026-02-17T06:33:28.351Z,file:///opt/spark-apps/data/raw/products.csv
237,Product237,home,523.35,,2026-02-17T06:33:28.351Z,file:///opt/spark-apps/data/raw/products.csv
238,Product238,books,2575.86,,2026-02-17T06:33:28.351Z,file:///opt/spark-apps/data/raw/products.csv
239,Product239,electronics,1917.1,,2026-02-17T06:33:28.351Z,file:///opt/spark-apps/data/raw/products.csv
240,Product240,home,2106.81,,2026-02-17T06:33:28.351Z,file:///opt/spark-apps/data/raw/products.csv
241,Product241,electronics,4627.89,,2026-02-17T06:33:28.351Z,file:///opt/spark-apps/data/raw/products.csv
242,Product242,books,3085.8,,2026-02-17T06:33:28.351Z,file:///opt/spark-apps/data/raw/products.csv
243,Product243,clothing,681.22,,2026-02-17T06:33:28.351Z,file:///opt/spark-apps/data/raw/products.csv
244,Product244,home,191.86,,2026-02-17T06:33:28.351Z,file:///opt/spark-apps/data/raw/products.csv
245,Product245,sports,7.29,,2026-02-17T06:33:28.351Z,file:///opt/spark-apps/data/raw/products.csv
246,Product246,books,4466.14,,2026-02-17T06:33:28.351Z,file:///opt/spark-apps/data/raw/products.csv
247,Product247,books,4555.29,,2026-02-17T06:33:28.351Z,file:///opt/spark-apps/data/raw/products.csv
248,Product248,books,3636.92,,2026-02-17T06:33:28.351Z,file:///opt/spark-apps/data/raw/products.csv
249,Product249,books,359.53,,2026-02-17T06:33:28.351Z,file:///opt/spark-apps/data/raw/products.csv
250,Product250,clothing,561.57,,2026-02-17T06:33:28.351Z,file:///opt/spark-apps/data/raw/products.csv
251,Product251,clothing,17.08,,2026-02-17T06:33:28.351Z,file:///opt/spark-apps/data/raw/products.csv
252,Product252,sports,2675.77,,2026-02-17T06:33:28.351Z,file:///opt/spark-apps/data/raw/products.csv
253,Product253,sports,3901.83,,2026-02-17T06:33:28.351Z,file:///opt/spark-apps/data/raw/products.csv
254,Product254,sports,66.95,,2026-02-17T06:33:28.351Z,file:///opt/spark-apps/data/raw/products.csv
255,Product255,electronics,1140.02,,2026-02-17T06:33:28.351Z,file:///opt/spark-apps/data/raw/products.csv
256,Product256,sports,2596.01,,2026-02-17T06:33:28.351Z,file:///opt/spark-apps/data/raw/products.csv
257,Product257,books,3620.43,,2026-02-17T06:33:28.351Z,file:///opt/spark-apps/data/raw/products.csv
258,Product258,home,3771.61,,2026-02-17T06:33:28.351Z,file:///opt/spark-apps/data/raw/products.csv
259,Product259,books,2712.56,,2026-02-17T06:33:28.351Z,file:///opt/spark-apps/data/raw/products.csv
260,Product260,sports,387.7,,2026-02-17T06:33:28.351Z,file:///opt/spark-apps/data/raw/products.csv
261,Product261,books,4582.61,,2026-02-17T06:33:28.351Z,file:///opt/spark-apps/data/raw/products.csv
262,Product262,clothing,3603.74,,2026-02-17T06:33:28.351Z,file:///opt/spark-apps/data/raw/products.csv
263,Product263,clothing,4611.55,,2026-02-17T06:33:28.351Z,file:///opt/spark-apps/data/raw/products.csv
264,Product264,clothing,2228.59,,2026-02-17T06:33:28.351Z,file:///opt/spark-apps/data/raw/products.csv
265,Product265,electronics,769.4,,2026-02-17T06:33:28.351Z,file:///opt/spark-apps/data/raw/products.csv
266,Product266,electronics,1490.33,,2026-02-17T06:33:28.351Z,file:///opt/spark-apps/data/raw/products.csv
267,Product267,books,3497.52,,2026-02-17T06:33:28.351Z,file:///opt/spark-apps/data/raw/products.csv
268,Product268,clothing,179.19,,2026-02-17T06:33:28.351Z,file:///opt/spark-apps/data/raw/products.csv
269,Product269,electronics,1218.69,,2026-02-17T06:33:28.351Z,file:///opt/spark-apps/data/raw/products.csv
270,Product270,home,4912.16,,2026-02-17T06:33:28.351Z,file:///opt/spark-apps/data/raw/products.csv
271,Product271,electronics,351.07,,2026-02-17T06:33:28.351Z,file:///opt/spark-apps/data/raw/products.csv
272,Product272,books,3154.23,,2026-02-17T06:33:28.351Z,file:///opt/spark-apps/data/raw/products.csv
273,Product273,clothing,984.13,,2026-02-17T06:33:28.351Z,file:///opt/spark-apps/data/raw/products.csv
274,Product274,clothing,1696.16,,2026-02-17T06:33:28.351Z,file:///opt/spark-apps/data/raw/products.csv
275,Product275,electronics,4782.85,,2026-02-17T06:33:28.351Z,file:///opt/spark-apps/data/raw/products.csv
276,Product276,home,4158.41,,2026-02-17T06:33:28.351Z,file:///opt/spark-apps/data/raw/products.csv
277,Product277,books,1410.18,,2026-02-17T06:33:28.351Z,file:///opt/spark-apps/data/raw/products.csv
278,Product278,clothing,2448.94,,2026-02-17T06:33:28.351Z,file:///opt/spark-apps/data/raw/products.csv
279,Product279,books,4319.14,,2026-02-17T06:33:28.351Z,file:///opt/spark-apps/data/raw/products.csv
280,Product280,books,2781.0,,2026-02-17T06:33:28.351Z,file:///opt/spark-apps/data/raw/products.csv
281,Product281,home,3893.54,,2026-02-17T06:33:28.351Z,file:///opt/spark-apps/data/raw/products.csv
282,Product282,electronics,4980.86,,2026-02-17T06:33:28.351Z,file:///opt/spark-apps/data/raw/products.csv
283,Product283,home,3012.38,,2026-02-17T06:33:28.351Z,file:///opt/spark-apps/data/raw/products.csv
284,Product284,books,3066.16,,2026-02-17T06:33:28.351Z,file:///opt/spark-apps/data/raw/products.csv
285,Product285,sports,4498.6,,2026-02-17T06:33:28.351Z,file:///opt/spark-apps/data/raw/products.csv
286,Product286,home,2365.45,,2026-02-17T06:33:28.351Z,file:///opt/spark-apps/data/raw/products.csv
287,Product287,electronics,91.22,,2026-02-17T06:33:28.351Z,file:///opt/spark-apps/data/raw/products.csv
288,Product288,home,4142.46,,2026-02-17T06:33:28.351Z,file:///opt/spark-apps/data/raw/products.csv
289,Product289,home,4767.55,,2026-02-17T06:33:28.351Z,file:///opt/spark-apps/data/raw/products.csv
290,Product290,books,4333.07,,2026-02-17T06:33:28.351Z,file:///opt/spark-apps/data/raw/products.csv
291,Product291,clothing,1848.67,,2026-02-17T06:33:28.351Z,file:///opt/spark-apps/data/raw/products.csv
292,Product292,clothing,3869.67,,2026-02-17T06:33:28.351Z,file:///opt/spark-apps/data/raw/products.csv
293,Product293,sports,2337.21,,2026-02-17T06:33:28.351Z,file:///opt/spark-apps/data/raw/products.csv
294,Product294,home,25.83,,2026-02-17T06:33:28.351Z,file:///opt/spark-apps/data/raw/products.csv
295,Product295,home,3381.45,,2026-02-17T06:33:28.351Z,file:///opt/spark-apps/data/raw/products.csv
296,Product296,home,3016.63,,2026-02-17T06:33:28.351Z,file:///opt/spark-apps/data/raw/products.csv
297,Product297,books,3626.92,,2026-02-17T06:33:28.351Z,file:///opt/spark-apps/data/raw/products.csv
298,Product298,home,1849.34,,2026-02-17T06:33:28.351Z,file:///opt/spark-apps/data/raw/products.csv
299,Product299,sports,1800.75,,2026-02-17T06:33:28.351Z,file:///opt/spark-apps/data/raw/products.csv
300,Product300,books,4783.43,,2026-02-17T06:33:28.351Z,file:///opt/spark-apps/data/raw/products.csv
301,Product301,sports,4252.36,,2026-02-17T06:33:28.351Z,file:///opt/spark-apps/data/raw/products.csv
302,Product302,books,4860.29,,2026-02-17T06:33:28.351Z,file:///opt/spark-apps/data/raw/products.csv
303,Product303,home,3390.49,,2026-02-17T06:33:28.351Z,file:///opt/spark-apps/data/raw/products.csv
304,Product304,home,1774.13,,2026-02-17T06:33:28.351Z,file:///opt/spark-apps/data/raw/products.csv
305,Product305,sports,3274.1,,2026-02-17T06:33:28.351Z,file:///opt/spark-apps/data/raw/products.csv
306,Product306,sports,4853.1,,2026-02-17T06:33:28.351Z,file:///opt/spark-apps/data/raw/products.csv
307,Product307,sports,4083.84,,2026-02-17T06:33:28.351Z,file:///opt/spark-apps/data/raw/products.csv
308,Product308,home,1833.42,,2026-02-17T06:33:28.351Z,file:///opt/spark-apps/data/raw/products.csv
309,Product309,electronics,3780.66,,2026-02-17T06:33:28.351Z,file:///opt/spark-apps/data/raw/products.csv
310,Product310,sports,2484.48,,2026-02-17T06:33:28.351Z,file:///opt/spark-apps/data/raw/products.csv
311,Product311,sports,2942.93,,2026-02-17T06:33:28.351Z,file:///opt/spark-apps/data/raw/products.csv
312,Product312,clothing,3155.75,,2026-02-17T06:33:28.351Z,file:///opt/spark-apps/data/raw/products.csv
313,Product313,books,4713.18,,2026-02-17T06:33:28.351Z,file:///opt/spark-apps/data/raw/products.csv
314,Product314,sports,121.82,,2026-02-17T06:33:28.351Z,file:///opt/spark-apps/data/raw/products.csv
315,Product315,home,4623.59,,2026-02-17T06:33:28.351Z,file:///opt/spark-apps/data/raw/products.csv
316,Product316,sports,1341.2,,2026-02-17T06:33:28.351Z,file:///opt/spark-apps/data/raw/products.csv
317,Product317,sports,1505.86,,2026-02-17T06:33:28.351Z,file:///opt/spark-apps/data/raw/products.csv
318,Product318,books,2934.46,,2026-02-17T06:33:28.351Z,file:///opt/spark-apps/data/raw/products.csv
319,Product319,home,1080.06,,2026-02-17T06:33:28.351Z,file:///opt/spark-apps/data/raw/products.csv
320,Product320,home,4807.26,,2026-02-17T06:33:28.351Z,file:///opt/spark-apps/data/raw/products.csv
321,Product321,electronics,822.81,,2026-02-17T06:33:28.351Z,file:///opt/spark-apps/data/raw/products.csv
322,Product322,electronics,2113.29,,2026-02-17T06:33:28.351Z,file:///opt/spark-apps/data/raw/products.csv
323,Product323,clothing,3513.3,,2026-02-17T06:33:28.351Z,file:///opt/spark-apps/data/raw/products.csv
324,Product324,sports,956.53,,2026-02-17T06:33:28.351Z,file:///opt/spark-apps/data/raw/products.csv
325,Product325,electronics,3590.85,,2026-02-17T06:33:28.351Z,file:///opt/spark-apps/data/raw/products.csv
326,Product326,sports,568.35,,2026-02-17T06:33:28.351Z,file:///opt/spark-apps/data/raw/products.csv
327,Product327,electronics,4487.46,,2026-02-17T06:33:28.351Z,file:///opt/spark-apps/data/raw/products.csv
328,Product328,books,3320.54,,2026-02-17T06:33:28.351Z,file:///opt/spark-apps/data/raw/products.csv
329,Product329,clothing,1601.13,,2026-02-17T06:33:28.351Z,file:///opt/spark-apps/data/raw/products.csv
330,Product330,books,1616.75,,2026-02-17T06:33:28.351Z,file:///opt/spark-apps/data/raw/products.csv
331,Product331,clothing,1214.0,,2026-02-17T06:33:28.351Z,file:///opt/spark-apps/data/raw/products.csv
332,Product332,books,4691.76,,2026-02-17T06:33:28.351Z,file:///opt/spark-apps/data/raw/products.csv
333,Product333,books,2432.37,,2026-02-17T06:33:28.351Z,file:///opt/spark-apps/data/raw/products.csv
334,Product334,clothing,3160.87,,2026-02-17T06:33:28.351Z,file:///opt/spark-apps/data/raw/products.csv
335,Product335,home,459.28,,2026-02-17T06:33:28.351Z,file:///opt/spark-apps/data/raw/products.csv
336,Product336,clothing,4763.05,,2026-02-17T06:33:28.351Z,file:///opt/spark-apps/data/raw/products.csv
337,Product337,electronics,2278.7,,2026-02-17T06:33:28.351Z,file:///opt/spark-apps/data/raw/products.csv
338,Product338,books,1926.08,,2026-02-17T06:33:28.351Z,file:///opt/spark-apps/data/raw/products.csv
339,Product339,clothing,2028.71,,2026-02-17T06:33:28.351Z,file:///opt/spark-apps/data/raw/products.csv
340,Product340,home,4469.79,,2026-02-17T06:33:28.351Z,file:///opt/spark-apps/data/raw/products.csv
341,Product341,sports,3358.02,,2026-02-17T06:33:28.351Z,file:///opt/spark-apps/data/raw/products.csv
342,Product342,books,1504.49,,2026-02-17T06:33:28.351Z,file:///opt/spark-apps/data/raw/products.csv
343,Product343,electronics,1157.61,,2026-02-17T06:33:28.351Z,file:///opt/spark-apps/data/raw/products.csv
344,Product344,clothing,2519.08,,2026-02-17T06:33:28.351Z,file:///opt/spark-apps/data/raw/products.csv
345,Product345,books,3622.52,,2026-02-17T06:33:28.351Z,file:///opt/spark-apps/data/raw/products.csv
346,Product346,books,4904.39,,2026-02-17T06:33:28.351Z,file:///opt/spark-apps/data/raw/products.csv
347,Product347,sports,595.31,,2026-02-17T06:33:28.351Z,file:///opt/spark-apps/data/raw/products.csv
348,Product348,home,236.63,,2026-02-17T06:33:28.351Z,file:///opt/spark-apps/data/raw/products.csv
349,Product349,electronics,2523.58,,2026-02-17T06:33:28.351Z,file:///opt/spark-apps/data/raw/products.csv
350,Product350,electronics,2348.62,,2026-02-17T06:33:28.351Z,file:///opt/spark-apps/data/raw/products.csv
351,Product351,clothing,729.81,,2026-02-17T06:33:28.351Z,file:///opt/spark-apps/data/raw/products.csv
352,Product352,home,3307.52,,2026-02-17T06:33:28.351Z,file:///opt/spark-apps/data/raw/products.csv
353,Product353,sports,2536.76,,2026-02-17T06:33:28.351Z,file:///opt/spark-apps/data/raw/products.csv
354,Product354,home,3509.27,,2026-02-17T06:33:28.351Z,file:///opt/spark-apps/data/raw/products.csv
355,Product355,electronics,1003.98,,2026-02-17T06:33:28.351Z,file:///opt/spark-apps/data/raw/products.csv
356,Product356,clothing,3823.19,,2026-02-17T06:33:28.351Z,file:///opt/spark-apps/data/raw/products.csv
357,Product357,electronics,1444.66,,2026-02-17T06:33:28.351Z,file:///opt/spark-apps/data/raw/products.csv
358,Product358,clothing,2000.96,,2026-02-17T06:33:28.351Z,file:///opt/spark-apps/data/raw/products.csv
359,Product359,clothing,3680.11,,2026-02-17T06:33:28.351Z,file:///opt/spark-apps/data/raw/products.csv
360,Product360,clothing,3925.68,,2026-02-17T06:33:28.351Z,file:///opt/spark-apps/data/raw/products.csv
361,Product361,sports,3755.4,,2026-02-17T06:33:28.351Z,file:///opt/spark-apps/data/raw/products.csv
362,Product362,electronics,1358.72,,2026-02-17T06:33:28.351Z,file:///opt/spark-apps/data/raw/products.csv
363,Product363,sports,1366.95,,2026-02-17T06:33:28.351Z,file:///opt/spark-apps/data/raw/products.csv
364,Product364,books,1028.94,,2026-02-17T06:33:28.351Z,file:///opt/spark-apps/data/raw/products.csv
365,Product365,sports,58.03,,2026-02-17T06:33:28.351Z,file:///opt/spark-apps/data/raw/products.csv
366,Product366,books,557.59,,2026-02-17T06:33:28.351Z,file:///opt/spark-apps/data/raw/products.csv
367,Product367,home,3255.92,,2026-02-17T06:33:28.351Z,file:///opt/spark-apps/data/raw/products.csv
368,Product368,books,1761.33,,2026-02-17T06:33:28.351Z,file:///opt/spark-apps/data/raw/products.csv
369,Product369,books,1778.52,,2026-02-17T06:33:28.351Z,file:///opt/spark-apps/data/raw/products.csv
370,Product370,books,2626.0,,2026-02-17T06:33:28.351Z,file:///opt/spark-apps/data/raw/products.csv
371,Product371,electronics,1931.39,,2026-02-17T06:33:28.351Z,file:///opt/spark-apps/data/raw/products.csv
372,Product372,electronics,4047.26,,2026-02-17T06:33:28.351Z,file:///opt/spark-apps/data/raw/products.csv
373,Product373,home,4697.57,,2026-02-17T06:33:28.351Z,file:///opt/spark-apps/data/raw/products.csv
374,Product374,books,2451.41,,2026-02-17T06:33:28.351Z,file:///opt/spark-apps/data/raw/products.csv
375,Product375,home,1496.54,,2026-02-17T06:33:28.351Z,file:///opt/spark-apps/data/raw/products.csv
376,Product376,books,1339.2,,2026-02-17T06:33:28.351Z,file:///opt/spark-apps/data/raw/products.csv
377,Product377,home,2633.67,,2026-02-17T06:33:28.351Z,file:///opt/spark-apps/data/raw/products.csv
378,Product378,sports,1330.49,,2026-02-17T06:33:28.351Z,file:///opt/spark-apps/data/raw/products.csv
379,Product379,sports,21.97,,2026-02-17T06:33:28.351Z,file:///opt/spark-apps/data/raw/products.csv
380,Product380,clothing,3119.5,,2026-02-17T06:33:28.351Z,file:///opt/spark-apps/data/raw/products.csv
381,Product381,clothing,4349.79,,2026-02-17T06:33:28.351Z,file:///opt/spark-apps/data/raw/products.csv
382,Product382,clothing,2918.18,,2026-02-17T06:33:28.351Z,file:///opt/spark-apps/data/raw/products.csv
383,Product383,home,164.46,,2026-02-17T06:33:28.351Z,file:///opt/spark-apps/data/raw/products.csv
384,Product384,clothing,2657.83,,2026-02-17T06:33:28.351Z,file:///opt/spark-apps/data/raw/products.csv
385,Product385,sports,3630.3,,2026-02-17T06:33:28.351Z,file:///opt/spark-apps/data/raw/products.csv
386,Product386,clothing,2191.79,,2026-02-17T06:33:28.351Z,file:///opt/spark-apps/data/raw/products.csv
387,Product387,electronics,2861.05,,2026-02-17T06:33:28.351Z,file:///opt/spark-apps/data/raw/products.csv
388,Product388,electronics,2794.66,,2026-02-17T06:33:28.351Z,file:///opt/spark-apps/data/raw/products.csv
389,Product389,clothing,834.65,,2026-02-17T06:33:28.351Z,file:///opt/spark-apps/data/raw/products.csv
390,Product390,electronics,3549.63,,2026-02-17T06:33:28.351Z,file:///opt/spark-apps/data/raw/products.csv
391,Product391,sports,3730.46,,2026-02-17T06:33:28.351Z,file:///opt/spark-apps/data/raw/products.csv
392,Product392,home,1520.34,,2026-02-17T06:33:28.351Z,file:///opt/spark-apps/data/raw/products.csv
393,Product393,electronics,4992.83,,2026-02-17T06:33:28.351Z,file:///opt/spark-apps/data/raw/products.csv
394,Product394,sports,3620.27,,2026-02-17T06:33:28.351Z,file:///opt/spark-apps/data/raw/products.csv
395,Product395,electronics,1618.69,,2026-02-17T06:33:28.351Z,file:///opt/spark-apps/data/raw/products.csv
396,Product396,sports,3757.52,,2026-02-17T06:33:28.351Z,file:///opt/spark-apps/data/raw/products.csv
397,Product397,clothing,4547.28,,2026-02-17T06:33:28.351Z,file:///opt/spark-apps/data/raw/products.csv
398,Product398,books,4920.78,,2026-02-17T06:33:28.351Z,file:///opt/spark-apps/data/raw/products.csv
399,Product399,clothing,1228.21,,2026-02-17T06:33:28.351Z,file:///opt/spark-apps/data/raw/products.csv
400,Product400,clothing,1876.1,,2026-02-17T06:33:28.351Z,file:///opt/spark-apps/data/raw/products.csv
401,Product401,home,4632.62,,2026-02-17T06:33:28.351Z,file:///opt/spark-apps/data/raw/products.csv
402,Product402,home,4988.56,,2026-02-17T06:33:28.351Z,file:///opt/spark-apps/data/raw/products.csv
403,Product403,sports,3376.26,,2026-02-17T06:33:28.351Z,file:///opt/spark-apps/data/raw/products.csv
404,Product404,clothing,4167.83,,2026-02-17T06:33:28.351Z,file:///opt/spark-apps/data/raw/products.csv
405,Product405,books,634.06,,2026-02-17T06:33:28.351Z,file:///opt/spark-apps/data/raw/products.csv
406,Product406,books,4249.23,,2026-02-17T06:33:28.351Z,file:///opt/spark-apps/data/raw/products.csv
407,Product407,clothing,653.15,,2026-02-17T06:33:28.351Z,file:///opt/spark-apps/data/raw/products.csv
408,Product408,books,3379.69,,2026-02-17T06:33:28.351Z,file:///opt/spark-apps/data/raw/products.csv
409,Product409,home,4214.7,,2026-02-17T06:33:28.351Z,file:///opt/spark-apps/data/raw/products.csv
410,Product410,clothing,3371.54,,2026-02-17T06:33:28.351Z,file:///opt/spark-apps/data/raw/products.csv
411,Product411,electronics,3930.27,,2026-02-17T06:33:28.351Z,file:///opt/spark-apps/data/raw/products.csv
412,Product412,electronics,857.2,,2026-02-17T06:33:28.351Z,file:///opt/spark-apps/data/raw/products.csv
413,Product413,books,2398.08,,2026-02-17T06:33:28.351Z,file:///opt/spark-apps/data/raw/products.csv
414,Product414,clothing,2967.0,,2026-02-17T06:33:28.351Z,file:///opt/spark-apps/data/raw/products.csv
415,Product415,electronics,3255.31,,2026-02-17T06:33:28.351Z,file:///opt/spark-apps/data/raw/products.csv
416,Product416,sports,3806.21,,2026-02-17T06:33:28.351Z,file:///opt/spark-apps/data/raw/products.csv
417,Product417,sports,3514.64,,2026-02-17T06:33:28.351Z,file:///opt/spark-apps/data/raw/products.csv
418,Product418,clothing,2619.99,,2026-02-17T06:33:28.351Z,file:///opt/spark-apps/data/raw/products.csv
419,Product419,home,3099.4,,2026-02-17T06:33:28.351Z,file:///opt/spark-apps/data/raw/products.csv
420,Product420,books,4496.37,,2026-02-17T06:33:28.351Z,file:///opt/spark-apps/data/raw/products.csv
421,Product421,sports,2668.01,,2026-02-17T06:33:28.351Z,file:///opt/spark-apps/data/raw/products.csv
422,Product422,home,3537.65,,2026-02-17T06:33:28.351Z,file:///opt/spark-apps/data/raw/products.csv
423,Product423,books,1069.12,,2026-02-17T06:33:28.351Z,file:///opt/spark-apps/data/raw/products.csv
424,Product424,home,915.26,,2026-02-17T06:33:28.351Z,file:///opt/spark-apps/data/raw/products.csv
425,Product425,sports,2736.21,,2026-02-17T06:33:28.351Z,file:///opt/spark-apps/data/raw/products.csv
426,Product426,home,2128.28,,2026-02-17T06:33:28.351Z,file:///opt/spark-apps/data/raw/products.csv
427,Product427,clothing,2358.46,,2026-02-17T06:33:28.351Z,file:///opt/spark-apps/data/raw/products.csv
428,Product428,home,2082.71,,2026-02-17T06:33:28.351Z,file:///opt/spark-apps/data/raw/products.csv
429,Product429,clothing,86.02,,2026-02-17T06:33:28.351Z,file:///opt/spark-apps/data/raw/products.csv
430,Product430,electronics,3638.67,,2026-02-17T06:33:28.351Z,file:///opt/spark-apps/data/raw/products.csv
431,Product431,electronics,2761.59,,2026-02-17T06:33:28.351Z,file:///opt/spark-apps/data/raw/products.csv
432,Product432,books,501.52,,2026-02-17T06:33:28.351Z,file:///opt/spark-apps/data/raw/products.csv
433,Product433,home,4768.69,,2026-02-17T06:33:28.351Z,file:///opt/spark-apps/data/raw/products.csv
434,Product434,home,2607.27,,2026-02-17T06:33:28.351Z,file:///opt/spark-apps/data/raw/products.csv
435,Product435,clothing,743.57,,2026-02-17T06:33:28.351Z,file:///opt/spark-apps/data/raw/products.csv
436,Product436,books,227.06,,2026-02-17T06:33:28.351Z,file:///opt/spark-apps/data/raw/products.csv
437,Product437,home,1716.58,,2026-02-17T06:33:28.351Z,file:///opt/spark-apps/data/raw/products.csv
438,Product438,clothing,941.72,,2026-02-17T06:33:28.351Z,file:///opt/spark-apps/data/raw/products.csv
439,Product439,home,103.99,,2026-02-17T06:33:28.351Z,file:///opt/spark-apps/data/raw/products.csv
440,Product440,electronics,4475.18,,2026-02-17T06:33:28.351Z,file:///opt/spark-apps/data/raw/products.csv
441,Product441,books,959.8,,2026-02-17T06:33:28.351Z,file:///opt/spark-apps/data/raw/products.csv
442,Product442,clothing,2625.72,,2026-02-17T06:33:28.351Z,file:///opt/spark-apps/data/raw/products.csv
443,Product443,books,4214.03,,2026-02-17T06:33:28.351Z,file:///opt/spark-apps/data/raw/products.csv
444,Product444,clothing,2333.3,,2026-02-17T06:33:28.351Z,file:///opt/spark-apps/data/raw/products.csv
445,Product445,books,1298.01,,2026-02-17T06:33:28.351Z,file:///opt/spark-apps/data/raw/products.csv
446,Product446,sports,3705.36,,2026-02-17T06:33:28.351Z,file:///opt/spark-apps/data/raw/products.csv
447,Product447,electronics,3530.7,,2026-02-17T06:33:28.351Z,file:///opt/spark-apps/data/raw/products.csv
448,Product448,home,4997.29,,2026-02-17T06:33:28.351Z,file:///opt/spark-apps/data/raw/products.csv
449,Product449,clothing,1462.43,,2026-02-17T06:33:28.351Z,file:///opt/spark-apps/data/raw/products.csv
450,Product450,home,2308.72,,2026-02-17T06:33:28.351Z,file:///opt/spark-apps/data/raw/products.csv
451,Product451,electronics,4862.69,,2026-02-17T06:33:28.351Z,file:///opt/spark-apps/data/raw/products.csv
452,Product452,books,4104.08,,2026-02-17T06:33:28.351Z,file:///opt/spark-apps/data/raw/products.csv
453,Product453,home,2651.72,,2026-02-17T06:33:28.351Z,file:///opt/spark-apps/data/raw/products.csv
454,Product454,electronics,1510.23,,2026-02-17T06:33:28.351Z,file:///opt/spark-apps/data/raw/products.csv
455,Product455,clothing,2971.15,,2026-02-17T06:33:28.351Z,file:///opt/spark-apps/data/raw/products.csv
456,Product456,sports,3879.16,,2026-02-17T06:33:28.351Z,file:///opt/spark-apps/data/raw/products.csv
457,Product457,clothing,2184.9,,2026-02-17T06:33:28.351Z,file:///opt/spark-apps/data/raw/products.csv
458,Product458,electronics,1069.27,,2026-02-17T06:33:28.351Z,file:///opt/spark-apps/data/raw/products.csv
459,Product459,books,4079.23,,2026-02-17T06:33:28.351Z,file:///opt/spark-apps/data/raw/products.csv
460,Product460,clothing,3034.36,,2026-02-17T06:33:28.351Z,file:///opt/spark-apps/data/raw/products.csv
461,Product461,sports,1021.07,,2026-02-17T06:33:28.351Z,file:///opt/spark-apps/data/raw/products.csv
462,Product462,electronics,1655.42,,2026-02-17T06:33:28.351Z,file:///opt/spark-apps/data/raw/products.csv
463,Product463,sports,2495.94,,2026-02-17T06:33:28.351Z,file:///opt/spark-apps/data/raw/products.csv
464,Product464,books,3673.88,,2026-02-17T06:33:28.351Z,file:///opt/spark-apps/data/raw/products.csv
465,Product465,clothing,3370.36,,2026-02-17T06:33:28.351Z,file:///opt/spark-apps/data/raw/products.csv
466,Product466,sports,565.11,,2026-02-17T06:33:28.351Z,file:///opt/spark-apps/data/raw/products.csv
467,Product467,home,1586.58,,2026-02-17T06:33:28.351Z,file:///opt/spark-apps/data/raw/products.csv
468,Product468,home,2707.28,,2026-02-17T06:33:28.351Z,file:///opt/spark-apps/data/raw/products.csv
469,Product469,books,4195.4,,2026-02-17T06:33:28.351Z,file:///opt/spark-apps/data/raw/products.csv
470,Product470,clothing,269.1,,2026-02-17T06:33:28.351Z,file:///opt/spark-apps/data/raw/products.csv
471,Product471,books,4494.32,,2026-02-17T06:33:28.351Z,file:///opt/spark-apps/data/raw/products.csv
472,Product472,electronics,404.73,,2026-02-17T06:33:28.351Z,file:///opt/spark-apps/data/raw/products.csv
473,Product473,sports,461.14,,2026-02-17T06:33:28.351Z,file:///opt/spark-apps/data/raw/products.csv
474,Product474,electronics,1471.56,,2026-02-17T06:33:28.351Z,file:///opt/spark-apps/data/raw/products.csv
475,Product475,books,4607.83,,2026-02-17T06:33:28.351Z,file:///opt/spark-apps/data/raw/products.csv
476,Product476,sports,1436.97,,2026-02-17T06:33:28.351Z,file:///opt/spark-apps/data/raw/products.csv
477,Product477,clothing,3152.23,,2026-02-17T06:33:28.351Z,file:///opt/spark-apps/data/raw/products.csv
478,Product478,home,537.6,,2026-02-17T06:33:28.351Z,file:///opt/spark-apps/data/raw/products.csv
479,Product479,home,2827.4,,2026-02-17T06:33:28.351Z,file:///opt/spark-apps/data/raw/products.csv
480,Product480,sports,418.98,,2026-02-17T06:33:28.351Z,file:///opt/spark-apps/data/raw/products.csv
481,Product481,sports,2275.58,,2026-02-17T06:33:28.351Z,file:///opt/spark-apps/data/raw/products.csv
482,Product482,books,1206.2,,2026-02-17T06:33:28.351Z,file:///opt/spark-apps/data/raw/products.csv
483,Product483,home,1332.51,,2026-02-17T06:33:28.351Z,file:///opt/spark-apps/data/raw/products.csv
484,Product484,books,1280.35,,2026-02-17T06:33:28.351Z,file:///opt/spark-apps/data/raw/products.csv
485,Product485,clothing,4740.75,,2026-02-17T06:33:28.351Z,file:///opt/spark-apps/data/raw/products.csv
486,Product486,electronics,3866.65,,2026-02-17T06:33:28.351Z,file:///opt/spark-apps/data/raw/products.csv
487,Product487,clothing,4430.73,,2026-02-17T06:33:28.351Z,file:///opt/spark-apps/data/raw/products.csv
488,Product488,clothing,4684.61,,2026-02-17T06:33:28.351Z,file:///opt/spark-apps/data/raw/products.csv
489,Product489,home,1364.11,,2026-02-17T06:33:28.351Z,file:///opt/spark-apps/data/raw/products.csv
490,Product490,electronics,3547.67,,2026-02-17T06:33:28.351Z,file:///opt/spark-apps/data/raw/products.csv
491,Product491,clothing,3659.44,,2026-02-17T06:33:28.351Z,file:///opt/spark-apps/data/raw/products.csv
492,Product492,books,4759.96,,2026-02-17T06:33:28.351Z,file:///opt/spark-apps/data/raw/products.csv
493,Product493,books,1415.54,,2026-02-17T06:33:28.351Z,file:///opt/spark-apps/data/raw/products.csv
494,Product494,electronics,1081.88,,2026-02-17T06:33:28.351Z,file:///opt/spark-apps/data/raw/products.csv
495,Product495,home,911.88,,2026-02-17T06:33:28.351Z,file:///opt/spark-apps/data/raw/products.csv
496,Product496,books,959.55,,2026-02-17T06:33:28.351Z,file:///opt/spark-apps/data/raw/products.csv
497,Product497,electronics,4068.09,,2026-02-17T06:33:28.351Z,file:///opt/spark-apps/data/raw/products.csv
498,Product498,electronics,3856.2,,2026-02-17T06:33:28.351Z,file:///opt/spark-apps/data/raw/products.csv
499,Product499,home,1587.63,,2026-02-17T06:33:28.351Z,file:///opt/spark-apps/data/raw/products.csv
500,Product500,sports,2014.56,,2026-02-17T06:33:28.351Z,file:///opt/spark-apps/data/raw/products.csv
501,Product501,sports,4277.28,,2026-02-17T06:33:28.351Z,file:///opt/spark-apps/data/raw/products.csv
502,Product502,home,2899.67,,2026-02-17T06:33:28.351Z,file:///opt/spark-apps/data/raw/products.csv
503,Product503,books,621.97,,2026-02-17T06:33:28.351Z,file:///opt/spark-apps/data/raw/products.csv
504,Product504,books,1707.92,,2026-02-17T06:33:28.351Z,file:///opt/spark-apps/data/raw/products.csv
505,Product505,home,600.05,,2026-02-17T06:33:28.351Z,file:///opt/spark-apps/data/raw/products.csv
506,Product506,clothing,2224.91,,2026-02-17T06:33:28.351Z,file:///opt/spark-apps/data/raw/products.csv
507,Product507,books,2970.93,,2026-02-17T06:33:28.351Z,file:///opt/spark-apps/data/raw/products.csv
508,Product508,books,2307.74,,2026-02-17T06:33:28.351Z,file:///opt/spark-apps/data/raw/products.csv
509,Product509,home,3398.04,,2026-02-17T06:33:28.351Z,file:///opt/spark-apps/data/raw/products.csv
510,Product510,electronics,3102.97,,2026-02-17T06:33:28.351Z,file:///opt/spark-apps/data/raw/products.csv
511,Product511,sports,4319.36,,2026-02-17T06:33:28.351Z,file:///opt/spark-apps/data/raw/products.csv
512,Product512,electronics,3115.63,,2026-02-17T06:33:28.351Z,file:///opt/spark-apps/data/raw/products.csv
513,Product513,books,2152.58,,2026-02-17T06:33:28.351Z,file:///opt/spark-apps/data/raw/products.csv
514,Product514,clothing,626.27,,2026-02-17T06:33:28.351Z,file:///opt/spark-apps/data/raw/products.csv
515,Product515,home,1169.74,,2026-02-17T06:33:28.351Z,file:///opt/spark-apps/data/raw/products.csv
516,Product516,home,250.17,,2026-02-17T06:33:28.351Z,file:///opt/spark-apps/data/raw/products.csv
517,Product517,electronics,3583.96,,2026-02-17T06:33:28.351Z,file:///opt/spark-apps/data/raw/products.csv
518,Product518,books,2930.93,,2026-02-17T06:33:28.351Z,file:///opt/spark-apps/data/raw/products.csv
519,Product519,clothing,3835.58,,2026-02-17T06:33:28.351Z,file:///opt/spark-apps/data/raw/products.csv
520,Product520,books,4181.77,,2026-02-17T06:33:28.351Z,file:///opt/spark-apps/data/raw/products.csv
521,Product521,books,2942.36,,2026-02-17T06:33:28.351Z,file:///opt/spark-apps/data/raw/products.csv
522,Product522,clothing,3691.06,,2026-02-17T06:33:28.351Z,file:///opt/spark-apps/data/raw/products.csv
523,Product523,electronics,1398.19,,2026-02-17T06:33:28.351Z,file:///opt/spark-apps/data/raw/products.csv
524,Product524,home,3149.59,,2026-02-17T06:33:28.351Z,file:///opt/spark-apps/data/raw/products.csv
525,Product525,clothing,3868.12,,2026-02-17T06:33:28.351Z,file:///opt/spark-apps/data/raw/products.csv
526,Product526,electronics,1188.51,,2026-02-17T06:33:28.351Z,file:///opt/spark-apps/data/raw/products.csv
527,Product527,sports,3973.18,,2026-02-17T06:33:28.351Z,file:///opt/spark-apps/data/raw/products.csv
528,Product528,sports,1778.68,,2026-02-17T06:33:28.351Z,file:///opt/spark-apps/data/raw/products.csv
529,Product529,clothing,1281.84,,2026-02-17T06:33:28.351Z,file:///opt/spark-apps/data/raw/products.csv
530,Product530,electronics,1799.76,,2026-02-17T06:33:28.351Z,file:///opt/spark-apps/data/raw/products.csv
531,Product531,electronics,146.95,,2026-02-17T06:33:28.351Z,file:///opt/spark-apps/data/raw/products.csv
532,Product532,electronics,1654.74,,2026-02-17T06:33:28.351Z,file:///opt/spark-apps/data/raw/products.csv
533,Product533,clothing,3743.11,,2026-02-17T06:33:28.351Z,file:///opt/spark-apps/data/raw/products.csv
534,Product534,sports,3427.45,,2026-02-17T06:33:28.351Z,file:///opt/spark-apps/data/raw/products.csv
535,Product535,sports,3821.97,,2026-02-17T06:33:28.351Z,file:///opt/spark-apps/data/raw/products.csv
536,Product536,electronics,641.32,,2026-02-17T06:33:28.351Z,file:///opt/spark-apps/data/raw/products.csv
537,Product537,electronics,142.25,,2026-02-17T06:33:28.351Z,file:///opt/spark-apps/data/raw/products.csv
538,Product538,electronics,2551.69,,2026-02-17T06:33:28.351Z,file:///opt/spark-apps/data/raw/products.csv
539,Product539,home,4777.12,,2026-02-17T06:33:28.351Z,file:///opt/spark-apps/data/raw/products.csv
540,Product540,home,3427.06,,2026-02-17T06:33:28.351Z,file:///opt/spark-apps/data/raw/products.csv
541,Product541,books,531.57,,2026-02-17T06:33:28.351Z,file:///opt/spark-apps/data/raw/products.csv
542,Product542,home,4865.76,,2026-02-17T06:33:28.351Z,file:///opt/spark-apps/data/raw/products.csv
543,Product543,home,1895.52,,2026-02-17T06:33:28.351Z,file:///opt/spark-apps/data/raw/products.csv
544,Product544,sports,603.52,,2026-02-17T06:33:28.351Z,file:///opt/spark-apps/data/raw/products.csv
545,Product545,sports,313.96,,2026-02-17T06:33:28.351Z,file:///opt/spark-apps/data/raw/products.csv
546,Product546,books,3813.55,,2026-02-17T06:33:28.351Z,file:///opt/spark-apps/data/raw/products.csv
547,Product547,electronics,1302.71,,2026-02-17T06:33:28.351Z,file:///opt/spark-apps/data/raw/products.csv
548,Product548,electronics,2453.86,,2026-02-17T06:33:28.351Z,file:///opt/spark-apps/data/raw/products.csv
549,Product549,home,2215.1,,2026-02-17T06:33:28.351Z,file:///opt/spark-apps/data/raw/products.csv
550,Product550,sports,3129.26,,2026-02-17T06:33:28.351Z,file:///opt/spark-apps/data/raw/products.csv
551,Product551,clothing,1476.24,,2026-02-17T06:33:28.351Z,file:///opt/spark-apps/data/raw/products.csv
552,Product552,home,1098.68,,2026-02-17T06:33:28.351Z,file:///opt/spark-apps/data/raw/products.csv
553,Product553,home,1559.69,,2026-02-17T06:33:28.351Z,file:///opt/spark-apps/data/raw/products.csv
554,Product554,electronics,2569.78,,2026-02-17T06:33:28.351Z,file:///opt/spark-apps/data/raw/products.csv
555,Product555,electronics,2431.58,,2026-02-17T06:33:28.351Z,file:///opt/spark-apps/data/raw/products.csv
556,Product556,home,3373.03,,2026-02-17T06:33:28.351Z,file:///opt/spark-apps/data/raw/products.csv
557,Product557,clothing,751.42,,2026-02-17T06:33:28.351Z,file:///opt/spark-apps/data/raw/products.csv
558,Product558,sports,1681.32,,2026-02-17T06:33:28.351Z,file:///opt/spark-apps/data/raw/products.csv
559,Product559,clothing,606.05,,2026-02-17T06:33:28.351Z,file:///opt/spark-apps/data/raw/products.csv
560,Product560,electronics,2966.74,,2026-02-17T06:33:28.351Z,file:///opt/spark-apps/data/raw/products.csv
561,Product561,books,2570.77,,2026-02-17T06:33:28.351Z,file:///opt/spark-apps/data/raw/products.csv
562,Product562,home,4912.45,,2026-02-17T06:33:28.351Z,file:///opt/spark-apps/data/raw/products.csv
563,Product563,home,4087.27,,2026-02-17T06:33:28.351Z,file:///opt/spark-apps/data/raw/products.csv
564,Product564,electronics,1635.34,,2026-02-17T06:33:28.351Z,file:///opt/spark-apps/data/raw/products.csv
565,Product565,home,2042.02,,2026-02-17T06:33:28.351Z,file:///opt/spark-apps/data/raw/products.csv
566,Product566,sports,1149.83,,2026-02-17T06:33:28.351Z,file:///opt/spark-apps/data/raw/products.csv
567,Product567,home,411.21,,2026-02-17T06:33:28.351Z,file:///opt/spark-apps/data/raw/products.csv
568,Product568,electronics,4166.82,,2026-02-17T06:33:28.351Z,file:///opt/spark-apps/data/raw/products.csv
569,Product569,sports,1604.2,,2026-02-17T06:33:28.351Z,file:///opt/spark-apps/data/raw/products.csv
570,Product570,books,2668.77,,2026-02-17T06:33:28.351Z,file:///opt/spark-apps/data/raw/products.csv
571,Product571,electronics,316.69,,2026-02-17T06:33:28.351Z,file:///opt/spark-apps/data/raw/products.csv
572,Product572,sports,5.04,,2026-02-17T06:33:28.351Z,file:///opt/spark-apps/data/raw/products.csv
573,Product573,electronics,2852.31,,2026-02-17T06:33:28.351Z,file:///opt/spark-apps/data/raw/products.csv
574,Product574,home,3091.58,,2026-02-17T06:33:28.351Z,file:///opt/spark-apps/data/raw/products.csv
575,Product575,sports,679.29,,2026-02-17T06:33:28.351Z,file:///opt/spark-apps/data/raw/products.csv
576,Product576,sports,486.3,,2026-02-17T06:33:28.351Z,file:///opt/spark-apps/data/raw/products.csv
577,Product577,electronics,4272.65,,2026-02-17T06:33:28.351Z,file:///opt/spark-apps/data/raw/products.csv
578,Product578,home,1998.08,,2026-02-17T06:33:28.351Z,file:///opt/spark-apps/data/raw/products.csv
579,Product579,home,1420.0,,2026-02-17T06:33:28.351Z,file:///opt/spark-apps/data/raw/products.csv
580,Product580,electronics,2188.91,,2026-02-17T06:33:28.351Z,file:///opt/spark-apps/data/raw/products.csv
581,Product581,clothing,1886.2,,2026-02-17T06:33:28.351Z,file:///opt/spark-apps/data/raw/products.csv
582,Product582,electronics,1689.99,,2026-02-17T06:33:28.351Z,file:///opt/spark-apps/data/raw/products.csv
583,Product583,electronics,3404.32,,2026-02-17T06:33:28.351Z,file:///opt/spark-apps/data/raw/products.csv
584,Product584,clothing,2210.3,,2026-02-17T06:33:28.351Z,file:///opt/spark-apps/data/raw/products.csv
585,Product585,electronics,2351.05,,2026-02-17T06:33:28.351Z,file:///opt/spark-apps/data/raw/products.csv
586,Product586,home,4741.56,,2026-02-17T06:33:28.351Z,file:///opt/spark-apps/data/raw/products.csv
587,Product587,clothing,4540.06,,2026-02-17T06:33:28.351Z,file:///opt/spark-apps/data/raw/products.csv
588,Product588,home,3818.58,,2026-02-17T06:33:28.351Z,file:///opt/spark-apps/data/raw/products.csv
589,Product589,clothing,1045.61,,2026-02-17T06:33:28.351Z,file:///opt/spark-apps/data/raw/products.csv
590,Product590,home,1537.65,,2026-02-17T06:33:28.351Z,file:///opt/spark-apps/data/raw/products.csv
591,Product591,home,3097.86,,2026-02-17T06:33:28.351Z,file:///opt/spark-apps/data/raw/products.csv
592,Product592,home,4764.52,,2026-02-17T06:33:28.351Z,file:///opt/spark-apps/data/raw/products.csv
593,Product593,books,4822.94,,2026-02-17T06:33:28.351Z,file:///opt/spark-apps/data/raw/products.csv
594,Product594,books,4518.89,,2026-02-17T06:33:28.351Z,file:///opt/spark-apps/data/raw/products.csv
595,Product595,clothing,1843.52,,2026-02-17T06:33:28.351Z,file:///opt/spark-apps/data/raw/products.csv
596,Product596,books,4512.58,,2026-02-17T06:33:28.351Z,file:///opt/spark-apps/data/raw/products.csv
597,Product597,clothing,4497.19,,2026-02-17T06:33:28.351Z,file:///opt/spark-apps/data/raw/products.csv
598,Product598,electronics,4550.15,,2026-02-17T06:33:28.351Z,file:///opt/spark-apps/data/raw/products.csv
599,Product599,clothing,3305.7,,2026-02-17T06:33:28.351Z,file:///opt/spark-apps/data/raw/products.csv
600,Product600,home,3529.74,,2026-02-17T06:33:28.351Z,file:///opt/spark-apps/data/raw/products.csv
601,Product601,clothing,2831.69,,2026-02-17T06:33:28.351Z,file:///opt/spark-apps/data/raw/products.csv
602,Product602,clothing,2044.83,,2026-02-17T06:33:28.351Z,file:///opt/spark-apps/data/raw/products.csv
603,Product603,home,4593.61,,2026-02-17T06:33:28.351Z,file:///opt/spark-apps/data/raw/products.csv
604,Product604,home,1675.46,,2026-02-17T06:33:28.351Z,file:///opt/spark-apps/data/raw/products.csv
605,Product605,clothing,3164.7,,2026-02-17T06:33:28.351Z,file:///opt/spark-apps/data/raw/products.csv
606,Product606,books,1636.11,,2026-02-17T06:33:28.351Z,file:///opt/spark-apps/data/raw/products.csv
607,Product607,home,286.65,,2026-02-17T06:33:28.351Z,file:///opt/spark-apps/data/raw/products.csv
608,Product608,sports,963.52,,2026-02-17T06:33:28.351Z,file:///opt/spark-apps/data/raw/products.csv
609,Product609,home,879.09,,2026-02-17T06:33:28.351Z,file:///opt/spark-apps/data/raw/products.csv
610,Product610,books,2685.96,,2026-02-17T06:33:28.351Z,file:///opt/spark-apps/data/raw/products.csv
611,Product611,electronics,2794.77,,2026-02-17T06:33:28.351Z,file:///opt/spark-apps/data/raw/products.csv
612,Product612,books,4385.89,,2026-02-17T06:33:28.351Z,file:///opt/spark-apps/data/raw/products.csv
613,Product613,books,1952.3,,2026-02-17T06:33:28.351Z,file:///opt/spark-apps/data/raw/products.csv
614,Product614,electronics,599.41,,2026-02-17T06:33:28.351Z,file:///opt/spark-apps/data/raw/products.csv
615,Product615,electronics,2211.07,,2026-02-17T06:33:28.351Z,file:///opt/spark-apps/data/raw/products.csv
616,Product616,books,4877.69,,2026-02-17T06:33:28.351Z,file:///opt/spark-apps/data/raw/products.csv
617,Product617,books,4399.43,,2026-02-17T06:33:28.351Z,file:///opt/spark-apps/data/raw/products.csv
618,Product618,home,3131.8,,2026-02-17T06:33:28.351Z,file:///opt/spark-apps/data/raw/products.csv
619,Product619,clothing,700.51,,2026-02-17T06:33:28.351Z,file:///opt/spark-apps/data/raw/products.csv
620,Product620,books,3887.97,,2026-02-17T06:33:28.351Z,file:///opt/spark-apps/data/raw/products.csv
621,Product621,clothing,532.56,,2026-02-17T06:33:28.351Z,file:///opt/spark-apps/data/raw/products.csv
622,Product622,electronics,111.06,,2026-02-17T06:33:28.351Z,file:///opt/spark-apps/data/raw/products.csv
623,Product623,books,948.34,,2026-02-17T06:33:28.351Z,file:///opt/spark-apps/data/raw/products.csv
624,Product624,sports,634.86,,2026-02-17T06:33:28.351Z,file:///opt/spark-apps/data/raw/products.csv
625,Product625,sports,1670.61,,2026-02-17T06:33:28.351Z,file:///opt/spark-apps/data/raw/products.csv
626,Product626,clothing,4255.73,,2026-02-17T06:33:28.351Z,file:///opt/spark-apps/data/raw/products.csv
627,Product627,books,4185.3,,2026-02-17T06:33:28.351Z,file:///opt/spark-apps/data/raw/products.csv
628,Product628,electronics,8.28,,2026-02-17T06:33:28.351Z,file:///opt/spark-apps/data/raw/products.csv
629,Product629,home,2985.05,,2026-02-17T06:33:28.351Z,file:///opt/spark-apps/data/raw/products.csv
630,Product630,sports,2132.29,,2026-02-17T06:33:28.351Z,file:///opt/spark-apps/data/raw/products.csv
631,Product631,electronics,3231.4,,2026-02-17T06:33:28.351Z,file:///opt/spark-apps/data/raw/products.csv
632,Product632,sports,411.86,,2026-02-17T06:33:28.351Z,file:///opt/spark-apps/data/raw/products.csv
633,Product633,clothing,178.68,,2026-02-17T06:33:28.351Z,file:///opt/spark-apps/data/raw/products.csv
634,Product634,sports,1871.1,,2026-02-17T06:33:28.351Z,file:///opt/spark-apps/data/raw/products.csv
635,Product635,clothing,3283.5,,2026-02-17T06:33:28.351Z,file:///opt/spark-apps/data/raw/products.csv
636,Product636,sports,629.47,,2026-02-17T06:33:28.351Z,file:///opt/spark-apps/data/raw/products.csv
637,Product637,electronics,1051.43,,2026-02-17T06:33:28.351Z,file:///opt/spark-apps/data/raw/products.csv
638,Product638,home,2628.83,,2026-02-17T06:33:28.351Z,file:///opt/spark-apps/data/raw/products.csv
639,Product639,clothing,1741.82,,2026-02-17T06:33:28.351Z,file:///opt/spark-apps/data/raw/products.csv
640,Product640,home,3614.13,,2026-02-17T06:33:28.351Z,file:///opt/spark-apps/data/raw/products.csv
641,Product641,electronics,4523.86,,2026-02-17T06:33:28.351Z,file:///opt/spark-apps/data/raw/products.csv
642,Product642,home,2970.98,,2026-02-17T06:33:28.351Z,file:///opt/spark-apps/data/raw/products.csv
643,Product643,home,3284.95,,2026-02-17T06:33:28.351Z,file:///opt/spark-apps/data/raw/products.csv
644,Product644,sports,1567.59,,2026-02-17T06:33:28.351Z,file:///opt/spark-apps/data/raw/products.csv
645,Product645,sports,1690.73,,2026-02-17T06:33:28.351Z,file:///opt/spark-apps/data/raw/products.csv
646,Product646,clothing,3601.56,,2026-02-17T06:33:28.351Z,file:///opt/spark-apps/data/raw/products.csv
647,Product647,books,61.34,,2026-02-17T06:33:28.351Z,file:///opt/spark-apps/data/raw/products.csv
648,Product648,clothing,4230.46,,2026-02-17T06:33:28.351Z,file:///opt/spark-apps/data/raw/products.csv
649,Product649,clothing,1785.51,,2026-02-17T06:33:28.351Z,file:///opt/spark-apps/data/raw/products.csv
650,Product650,electronics,2733.3,,2026-02-17T06:33:28.351Z,file:///opt/spark-apps/data/raw/products.csv
651,Product651,home,1601.35,,2026-02-17T06:33:28.351Z,file:///opt/spark-apps/data/raw/products.csv
652,Product652,books,3837.12,,2026-02-17T06:33:28.351Z,file:///opt/spark-apps/data/raw/products.csv
653,Product653,clothing,2062.05,,2026-02-17T06:33:28.351Z,file:///opt/spark-apps/data/raw/products.csv
654,Product654,home,3392.88,,2026-02-17T06:33:28.351Z,file:///opt/spark-apps/data/raw/products.csv
655,Product655,books,3872.18,,2026-02-17T06:33:28.351Z,file:///opt/spark-apps/data/raw/products.csv
656,Product656,electronics,2623.75,,2026-02-17T06:33:28.351Z,file:///opt/spark-apps/data/raw/products.csv
657,Product657,sports,4327.49,,2026-02-17T06:33:28.351Z,file:///opt/spark-apps/data/raw/products.csv
658,Product658,clothing,1826.72,,2026-02-17T06:33:28.351Z,file:///opt/spark-apps/data/raw/products.csv
659,Product659,electronics,253.18,,2026-02-17T06:33:28.351Z,file:///opt/spark-apps/data/raw/products.csv
660,Product660,books,663.05,,2026-02-17T06:33:28.351Z,file:///opt/spark-apps/data/raw/products.csv
661,Product661,electronics,2405.53,,2026-02-17T06:33:28.351Z,file:///opt/spark-apps/data/raw/products.csv
662,Product662,books,4634.75,,2026-02-17T06:33:28.351Z,file:///opt/spark-apps/data/raw/products.csv
663,Product663,books,442.49,,2026-02-17T06:33:28.351Z,file:///opt/spark-apps/data/raw/products.csv
664,Product664,electronics,1860.26,,2026-02-17T06:33:28.351Z,file:///opt/spark-apps/data/raw/products.csv
665,Product665,books,8.42,,2026-02-17T06:33:28.351Z,file:///opt/spark-apps/data/raw/products.csv
666,Product666,clothing,2243.68,,2026-02-17T06:33:28.351Z,file:///opt/spark-apps/data/raw/products.csv
667,Product667,sports,4113.08,,2026-02-17T06:33:28.351Z,file:///opt/spark-apps/data/raw/products.csv
668,Product668,electronics,1199.11,,2026-02-17T06:33:28.351Z,file:///opt/spark-apps/data/raw/products.csv
669,Product669,clothing,894.69,,2026-02-17T06:33:28.351Z,file:///opt/spark-apps/data/raw/products.csv
670,Product670,home,3088.45,,2026-02-17T06:33:28.351Z,file:///opt/spark-apps/data/raw/products.csv
671,Product671,sports,2351.24,,2026-02-17T06:33:28.351Z,file:///opt/spark-apps/data/raw/products.csv
672,Product672,clothing,2595.77,,2026-02-17T06:33:28.351Z,file:///opt/spark-apps/data/raw/products.csv
673,Product673,electronics,4647.91,,2026-02-17T06:33:28.351Z,file:///opt/spark-apps/data/raw/products.csv
674,Product674,books,2085.51,,2026-02-17T06:33:28.351Z,file:///opt/spark-apps/data/raw/products.csv
675,Product675,electronics,345.42,,2026-02-17T06:33:28.351Z,file:///opt/spark-apps/data/raw/products.csv
676,Product676,home,4731.64,,2026-02-17T06:33:28.351Z,file:///opt/spark-apps/data/raw/products.csv
677,Product677,clothing,754.52,,2026-02-17T06:33:28.351Z,file:///opt/spark-apps/data/raw/products.csv
678,Product678,sports,2082.44,,2026-02-17T06:33:28.351Z,file:///opt/spark-apps/data/raw/products.csv
679,Product679,books,4415.21,,2026-02-17T06:33:28.351Z,file:///opt/spark-apps/data/raw/products.csv
680,Product680,sports,2911.43,,2026-02-17T06:33:28.351Z,file:///opt/spark-apps/data/raw/products.csv
681,Product681,sports,973.29,,2026-02-17T06:33:28.351Z,file:///opt/spark-apps/data/raw/products.csv
682,Product682,electronics,3350.73,,2026-02-17T06:33:28.351Z,file:///opt/spark-apps/data/raw/products.csv
683,Product683,electronics,4318.42,,2026-02-17T06:33:28.351Z,file:///opt/spark-apps/data/raw/products.csv
684,Product684,home,4074.14,,2026-02-17T06:33:28.351Z,file:///opt/spark-apps/data/raw/products.csv
685,Product685,electronics,37.31,,2026-02-17T06:33:28.351Z,file:///opt/spark-apps/data/raw/products.csv
686,Product686,books,734.06,,2026-02-17T06:33:28.351Z,file:///opt/spark-apps/data/raw/products.csv
687,Product687,home,530.46,,2026-02-17T06:33:28.351Z,file:///opt/spark-apps/data/raw/products.csv
688,Product688,electronics,4977.39,,2026-02-17T06:33:28.351Z,file:///opt/spark-apps/data/raw/products.csv
689,Product689,clothing,15.75,,2026-02-17T06:33:28.351Z,file:///opt/spark-apps/data/raw/products.csv
690,Product690,books,355.91,,2026-02-17T06:33:28.351Z,file:///opt/spark-apps/data/raw/products.csv
691,Product691,clothing,3434.66,,2026-02-17T06:33:28.351Z,file:///opt/spark-apps/data/raw/products.csv
692,Product692,home,4319.74,,2026-02-17T06:33:28.351Z,file:///opt/spark-apps/data/raw/products.csv
693,Product693,sports,3782.39,,2026-02-17T06:33:28.351Z,file:///opt/spark-apps/data/raw/products.csv
694,Product694,electronics,745.99,,2026-02-17T06:33:28.351Z,file:///opt/spark-apps/data/raw/products.csv
695,Product695,electronics,4353.55,,2026-02-17T06:33:28.351Z,file:///opt/spark-apps/data/raw/products.csv
696,Product696,sports,700.37,,2026-02-17T06:33:28.351Z,file:///opt/spark-apps/data/raw/products.csv
697,Product697,sports,2407.44,,2026-02-17T06:33:28.351Z,file:///opt/spark-apps/data/raw/products.csv
698,Product698,home,4733.94,,2026-02-17T06:33:28.351Z,file:///opt/spark-apps/data/raw/products.csv
699,Product699,books,4890.33,,2026-02-17T06:33:28.351Z,file:///opt/spark-apps/data/raw/products.csv
700,Product700,sports,1394.6,,2026-02-17T06:33:28.351Z,file:///opt/spark-apps/data/raw/products.csv
701,Product701,home,3334.37,,2026-02-17T06:33:28.351Z,file:///opt/spark-apps/data/raw/products.csv
702,Product702,home,4194.82,,2026-02-17T06:33:28.351Z,file:///opt/spark-apps/data/raw/products.csv
703,Product703,clothing,3629.49,,2026-02-17T06:33:28.351Z,file:///opt/spark-apps/data/raw/products.csv
704,Product704,home,2308.98,,2026-02-17T06:33:28.351Z,file:///opt/spark-apps/data/raw/products.csv
705,Product705,clothing,3210.33,,2026-02-17T06:33:28.351Z,file:///opt/spark-apps/data/raw/products.csv
706,Product706,sports,1343.15,,2026-02-17T06:33:28.351Z,file:///opt/spark-apps/data/raw/products.csv
707,Product707,books,1054.64,,2026-02-17T06:33:28.351Z,file:///opt/spark-apps/data/raw/products.csv
708,Product708,clothing,4942.38,,2026-02-17T06:33:28.351Z,file:///opt/spark-apps/data/raw/products.csv
709,Product709,sports,259.14,,2026-02-17T06:33:28.351Z,file:///opt/spark-apps/data/raw/products.csv
710,Product710,home,1860.17,,2026-02-17T06:33:28.351Z,file:///opt/spark-apps/data/raw/products.csv
711,Product711,clothing,4055.89,,2026-02-17T06:33:28.351Z,file:///opt/spark-apps/data/raw/products.csv
712,Product712,home,1089.26,,2026-02-17T06:33:28.351Z,file:///opt/spark-apps/data/raw/products.csv
713,Product713,clothing,2862.74,,2026-02-17T06:33:28.351Z,file:///opt/spark-apps/data/raw/products.csv
714,Product714,electronics,4400.24,,2026-02-17T06:33:28.351Z,file:///opt/spark-apps/data/raw/products.csv
715,Product715,electronics,3204.32,,2026-02-17T06:33:28.351Z,file:///opt/spark-apps/data/raw/products.csv
716,Product716,clothing,2979.52,,2026-02-17T06:33:28.351Z,file:///opt/spark-apps/data/raw/products.csv
717,Product717,home,4007.15,,2026-02-17T06:33:28.351Z,file:///opt/spark-apps/data/raw/products.csv
718,Product718,sports,3443.2,,2026-02-17T06:33:28.351Z,file:///opt/spark-apps/data/raw/products.csv
719,Product719,books,1301.62,,2026-02-17T06:33:28.351Z,file:///opt/spark-apps/data/raw/products.csv
720,Product720,electronics,814.29,,2026-02-17T06:33:28.351Z,file:///opt/spark-apps/data/raw/products.csv
721,Product721,home,2467.2,,2026-02-17T06:33:28.351Z,file:///opt/spark-apps/data/raw/products.csv
722,Product722,sports,3518.75,,2026-02-17T06:33:28.351Z,file:///opt/spark-apps/data/raw/products.csv
723,Product723,electronics,3189.26,,2026-02-17T06:33:28.351Z,file:///opt/spark-apps/data/raw/products.csv
724,Product724,electronics,4536.56,,2026-02-17T06:33:28.351Z,file:///opt/spark-apps/data/raw/products.csv
725,Product725,sports,49.01,,2026-02-17T06:33:28.351Z,file:///opt/spark-apps/data/raw/products.csv
726,Product726,home,1127.05,,2026-02-17T06:33:28.351Z,file:///opt/spark-apps/data/raw/products.csv
727,Product727,clothing,987.74,,2026-02-17T06:33:28.351Z,file:///opt/spark-apps/data/raw/products.csv
728,Product728,books,975.21,,2026-02-17T06:33:28.351Z,file:///opt/spark-apps/data/raw/products.csv
729,Product729,electronics,3315.31,,2026-02-17T06:33:28.351Z,file:///opt/spark-apps/data/raw/products.csv
730,Product730,books,4135.84,,2026-02-17T06:33:28.351Z,file:///opt/spark-apps/data/raw/products.csv
731,Product731,books,2347.57,,2026-02-17T06:33:28.351Z,file:///opt/spark-apps/data/raw/products.csv
732,Product732,sports,4857.56,,2026-02-17T06:33:28.351Z,file:///opt/spark-apps/data/raw/products.csv
733,Product733,clothing,3848.21,,2026-02-17T06:33:28.351Z,file:///opt/spark-apps/data/raw/products.csv
734,Product734,books,2796.96,,2026-02-17T06:33:28.351Z,file:///opt/spark-apps/data/raw/products.csv
735,Product735,electronics,4762.49,,2026-02-17T06:33:28.351Z,file:///opt/spark-apps/data/raw/products.csv
736,Product736,sports,1095.45,,2026-02-17T06:33:28.351Z,file:///opt/spark-apps/data/raw/products.csv
737,Product737,sports,451.43,,2026-02-17T06:33:28.351Z,file:///opt/spark-apps/data/raw/products.csv
738,Product738,clothing,3090.79,,2026-02-17T06:33:28.351Z,file:///opt/spark-apps/data/raw/products.csv
739,Product739,sports,3746.34,,2026-02-17T06:33:28.351Z,file:///opt/spark-apps/data/raw/products.csv
740,Product740,books,2793.57,,2026-02-17T06:33:28.351Z,file:///opt/spark-apps/data/raw/products.csv
741,Product741,sports,380.87,,2026-02-17T06:33:28.351Z,file:///opt/spark-apps/data/raw/products.csv
742,Product742,home,2208.37,,2026-02-17T06:33:28.351Z,file:///opt/spark-apps/data/raw/products.csv
743,Product743,electronics,4367.53,,2026-02-17T06:33:28.351Z,file:///opt/spark-apps/data/raw/products.csv
744,Product744,electronics,1370.55,,2026-02-17T06:33:28.351Z,file:///opt/spark-apps/data/raw/products.csv
745,Product745,electronics,4446.44,,2026-02-17T06:33:28.351Z,file:///opt/spark-apps/data/raw/products.csv
746,Product746,clothing,136.68,,2026-02-17T06:33:28.351Z,file:///opt/spark-apps/data/raw/products.csv
747,Product747,home,3845.26,,2026-02-17T06:33:28.351Z,file:///opt/spark-apps/data/raw/products.csv
748,Product748,sports,53.23,,2026-02-17T06:33:28.351Z,file:///opt/spark-apps/data/raw/products.csv
749,Product749,books,3440.96,,2026-02-17T06:33:28.351Z,file:///opt/spark-apps/data/raw/products.csv
750,Product750,sports,1360.17,,2026-02-17T06:33:28.351Z,file:///opt/spark-apps/data/raw/products.csv
751,Product751,books,785.55,,2026-02-17T06:33:28.351Z,file:///opt/spark-apps/data/raw/products.csv
752,Product752,home,1385.41,,2026-02-17T06:33:28.351Z,file:///opt/spark-apps/data/raw/products.csv
753,Product753,books,3234.58,,2026-02-17T06:33:28.351Z,file:///opt/spark-apps/data/raw/products.csv
754,Product754,electronics,2829.05,,2026-02-17T06:33:28.351Z,file:///opt/spark-apps/data/raw/products.csv
755,Product755,sports,2241.69,,2026-02-17T06:33:28.351Z,file:///opt/spark-apps/data/raw/products.csv
756,Product756,sports,369.76,,2026-02-17T06:33:28.351Z,file:///opt/spark-apps/data/raw/products.csv
757,Product757,clothing,4670.46,,2026-02-17T06:33:28.351Z,file:///opt/spark-apps/data/raw/products.csv
758,Product758,home,2987.35,,2026-02-17T06:33:28.351Z,file:///opt/spark-apps/data/raw/products.csv
759,Product759,books,3292.06,,2026-02-17T06:33:28.351Z,file:///opt/spark-apps/data/raw/products.csv
760,Product760,sports,4611.03,,2026-02-17T06:33:28.351Z,file:///opt/spark-apps/data/raw/products.csv
761,Product761,sports,265.01,,2026-02-17T06:33:28.351Z,file:///opt/spark-apps/data/raw/products.csv
762,Product762,clothing,1351.51,,2026-02-17T06:33:28.351Z,file:///opt/spark-apps/data/raw/products.csv
763,Product763,home,2594.84,,2026-02-17T06:33:28.351Z,file:///opt/spark-apps/data/raw/products.csv
764,Product764,books,964.71,,2026-02-17T06:33:28.351Z,file:///opt/spark-apps/data/raw/products.csv
765,Product765,home,1257.51,,2026-02-17T06:33:28.351Z,file:///opt/spark-apps/data/raw/products.csv
766,Product766,home,2988.4,,2026-02-17T06:33:28.351Z,file:///opt/spark-apps/data/raw/products.csv
767,Product767,home,2376.33,,2026-02-17T06:33:28.351Z,file:///opt/spark-apps/data/raw/products.csv
768,Product768,books,4525.41,,2026-02-17T06:33:28.351Z,file:///opt/spark-apps/data/raw/products.csv
769,Product769,electronics,2545.77,,2026-02-17T06:33:28.351Z,file:///opt/spark-apps/data/raw/products.csv
770,Product770,home,2724.17,,2026-02-17T06:33:28.351Z,file:///opt/spark-apps/data/raw/products.csv
771,Product771,electronics,1101.75,,2026-02-17T06:33:28.351Z,file:///opt/spark-apps/data/raw/products.csv
772,Product772,electronics,3995.3,,2026-02-17T06:33:28.351Z,file:///opt/spark-apps/data/raw/products.csv
773,Product773,books,1269.08,,2026-02-17T06:33:28.351Z,file:///opt/spark-apps/data/raw/products.csv
774,Product774,electronics,4673.62,,2026-02-17T06:33:28.351Z,file:///opt/spark-apps/data/raw/products.csv
775,Product775,books,1892.6,,2026-02-17T06:33:28.351Z,file:///opt/spark-apps/data/raw/products.csv
776,Product776,books,3708.99,,2026-02-17T06:33:28.351Z,file:///opt/spark-apps/data/raw/products.csv
777,Product777,books,1834.18,,2026-02-17T06:33:28.351Z,file:///opt/spark-apps/data/raw/products.csv
778,Product778,clothing,2352.75,,2026-02-17T06:33:28.351Z,file:///opt/spark-apps/data/raw/products.csv
779,Product779,sports,93.02,,2026-02-17T06:33:28.351Z,file:///opt/spark-apps/data/raw/products.csv
780,Product780,clothing,3354.42,,2026-02-17T06:33:28.351Z,file:///opt/spark-apps/data/raw/products.csv
781,Product781,clothing,3394.92,,2026-02-17T06:33:28.351Z,file:///opt/spark-apps/data/raw/products.csv
782,Product782,sports,1975.9,,2026-02-17T06:33:28.351Z,file:///opt/spark-apps/data/raw/products.csv
783,Product783,sports,3172.59,,2026-02-17T06:33:28.351Z,file:///opt/spark-apps/data/raw/products.csv
784,Product784,sports,531.93,,2026-02-17T06:33:28.351Z,file:///opt/spark-apps/data/raw/products.csv
785,Product785,clothing,2660.52,,2026-02-17T06:33:28.351Z,file:///opt/spark-apps/data/raw/products.csv
786,Product786,sports,1752.2,,2026-02-17T06:33:28.351Z,file:///opt/spark-apps/data/raw/products.csv
787,Product787,sports,3717.76,,2026-02-17T06:33:28.351Z,file:///opt/spark-apps/data/raw/products.csv
788,Product788,clothing,406.23,,2026-02-17T06:33:28.351Z,file:///opt/spark-apps/data/raw/products.csv
789,Product789,books,2031.07,,2026-02-17T06:33:28.351Z,file:///opt/spark-apps/data/raw/products.csv
790,Product790,electronics,2710.33,,2026-02-17T06:33:28.351Z,file:///opt/spark-apps/data/raw/products.csv
791,Product791,books,4942.83,,2026-02-17T06:33:28.351Z,file:///opt/spark-apps/data/raw/products.csv
792,Product792,home,1431.78,,2026-02-17T06:33:28.351Z,file:///opt/spark-apps/data/raw/products.csv
793,Product793,books,84.87,,2026-02-17T06:33:28.351Z,file:///opt/spark-apps/data/raw/products.csv
794,Product794,sports,1184.04,,2026-02-17T06:33:28.351Z,file:///opt/spark-apps/data/raw/products.csv
795,Product795,home,177.27,,2026-02-17T06:33:28.351Z,file:///opt/spark-apps/data/raw/products.csv
796,Product796,home,1254.92,,2026-02-17T06:33:28.351Z,file:///opt/spark-apps/data/raw/products.csv
797,Product797,clothing,952.04,,2026-02-17T06:33:28.351Z,file:///opt/spark-apps/data/raw/products.csv
798,Product798,sports,3399.15,,2026-02-17T06:33:28.351Z,file:///opt/spark-apps/data/raw/products.csv
799,Product799,electronics,2200.48,,2026-02-17T06:33:28.351Z,file:///opt/spark-apps/data/raw/products.csv
800,Product800,sports,2846.5,,2026-02-17T06:33:28.351Z,file:///opt/spark-apps/data/raw/products.csv
801,Product801,sports,4099.32,,2026-02-17T06:33:28.351Z,file:///opt/spark-apps/data/raw/products.csv
802,Product802,clothing,4566.01,,2026-02-17T06:33:28.351Z,file:///opt/spark-apps/data/raw/products.csv
803,Product803,sports,2668.6,,2026-02-17T06:33:28.351Z,file:///opt/spark-apps/data/raw/products.csv
804,Product804,electronics,4158.01,,2026-02-17T06:33:28.351Z,file:///opt/spark-apps/data/raw/products.csv
805,Product805,sports,4307.88,,2026-02-17T06:33:28.351Z,file:///opt/spark-apps/data/raw/products.csv
806,Product806,books,3462.69,,2026-02-17T06:33:28.351Z,file:///opt/spark-apps/data/raw/products.csv
807,Product807,home,1054.12,,2026-02-17T06:33:28.351Z,file:///opt/spark-apps/data/raw/products.csv
808,Product808,clothing,778.14,,2026-02-17T06:33:28.351Z,file:///opt/spark-apps/data/raw/products.csv
809,Product809,electronics,2592.77,,2026-02-17T06:33:28.351Z,file:///opt/spark-apps/data/raw/products.csv
810,Product810,books,1309.08,,2026-02-17T06:33:28.351Z,file:///opt/spark-apps/data/raw/products.csv
811,Product811,books,1582.25,,2026-02-17T06:33:28.351Z,file:///opt/spark-apps/data/raw/products.csv
812,Product812,books,2938.56,,2026-02-17T06:33:28.351Z,file:///opt/spark-apps/data/raw/products.csv
813,Product813,home,812.28,,2026-02-17T06:33:28.351Z,file:///opt/spark-apps/data/raw/products.csv
814,Product814,home,3602.7,,2026-02-17T06:33:28.351Z,file:///opt/spark-apps/data/raw/products.csv
815,Product815,clothing,768.42,,2026-02-17T06:33:28.351Z,file:///opt/spark-apps/data/raw/products.csv
816,Product816,clothing,1253.19,,2026-02-17T06:33:28.351Z,file:///opt/spark-apps/data/raw/products.csv
817,Product817,sports,4386.57,,2026-02-17T06:33:28.351Z,file:///opt/spark-apps/data/raw/products.csv
818,Product818,books,1064.97,,2026-02-17T06:33:28.351Z,file:///opt/spark-apps/data/raw/products.csv
819,Product819,electronics,3244.05,,2026-02-17T06:33:28.351Z,file:///opt/spark-apps/data/raw/products.csv
820,Product820,sports,2616.66,,2026-02-17T06:33:28.351Z,file:///opt/spark-apps/data/raw/products.csv
821,Product821,clothing,2063.28,,2026-02-17T06:33:28.351Z,file:///opt/spark-apps/data/raw/products.csv
822,Product822,books,2077.81,,2026-02-17T06:33:28.351Z,file:///opt/spark-apps/data/raw/products.csv
823,Product823,home,1357.46,,2026-02-17T06:33:28.351Z,file:///opt/spark-apps/data/raw/products.csv
824,Product824,clothing,1362.84,,2026-02-17T06:33:28.351Z,file:///opt/spark-apps/data/raw/products.csv
825,Product825,home,4842.34,,2026-02-17T06:33:28.351Z,file:///opt/spark-apps/data/raw/products.csv
826,Product826,electronics,3398.5,,2026-02-17T06:33:28.351Z,file:///opt/spark-apps/data/raw/products.csv
827,Product827,home,4785.39,,2026-02-17T06:33:28.351Z,file:///opt/spark-apps/data/raw/products.csv
828,Product828,books,4049.7,,2026-02-17T06:33:28.351Z,file:///opt/spark-apps/data/raw/products.csv
829,Product829,sports,3961.28,,2026-02-17T06:33:28.351Z,file:///opt/spark-apps/data/raw/products.csv
830,Product830,books,3192.77,,2026-02-17T06:33:28.351Z,file:///opt/spark-apps/data/raw/products.csv
831,Product831,home,4799.18,,2026-02-17T06:33:28.351Z,file:///opt/spark-apps/data/raw/products.csv
832,Product832,electronics,368.3,,2026-02-17T06:33:28.351Z,file:///opt/spark-apps/data/raw/products.csv
833,Product833,home,2266.75,,2026-02-17T06:33:28.351Z,file:///opt/spark-apps/data/raw/products.csv
834,Product834,sports,2803.45,,2026-02-17T06:33:28.351Z,file:///opt/spark-apps/data/raw/products.csv
835,Product835,sports,4473.57,,2026-02-17T06:33:28.351Z,file:///opt/spark-apps/data/raw/products.csv
836,Product836,clothing,4100.58,,2026-02-17T06:33:28.351Z,file:///opt/spark-apps/data/raw/products.csv
837,Product837,electronics,2042.07,,2026-02-17T06:33:28.351Z,file:///opt/spark-apps/data/raw/products.csv
838,Product838,home,2642.23,,2026-02-17T06:33:28.351Z,file:///opt/spark-apps/data/raw/products.csv
839,Product839,electronics,2579.85,,2026-02-17T06:33:28.351Z,file:///opt/spark-apps/data/raw/products.csv
840,Product840,sports,1923.53,,2026-02-17T06:33:28.351Z,file:///opt/spark-apps/data/raw/products.csv
841,Product841,home,1399.92,,2026-02-17T06:33:28.351Z,file:///opt/spark-apps/data/raw/products.csv
842,Product842,books,172.73,,2026-02-17T06:33:28.351Z,file:///opt/spark-apps/data/raw/products.csv
843,Product843,books,4036.64,,2026-02-17T06:33:28.351Z,file:///opt/spark-apps/data/raw/products.csv
844,Product844,home,2138.97,,2026-02-17T06:33:28.351Z,file:///opt/spark-apps/data/raw/products.csv
845,Product845,clothing,896.29,,2026-02-17T06:33:28.351Z,file:///opt/spark-apps/data/raw/products.csv
846,Product846,sports,768.02,,2026-02-17T06:33:28.351Z,file:///opt/spark-apps/data/raw/products.csv
847,Product847,books,570.32,,2026-02-17T06:33:28.351Z,file:///opt/spark-apps/data/raw/products.csv
848,Product848,clothing,448.71,,2026-02-17T06:33:28.351Z,file:///opt/spark-apps/data/raw/products.csv
849,Product849,electronics,3065.84,,2026-02-17T06:33:28.351Z,file:///opt/spark-apps/data/raw/products.csv
850,Product850,electronics,1247.24,,2026-02-17T06:33:28.351Z,file:///opt/spark-apps/data/raw/products.csv
851,Product851,sports,3522.74,,2026-02-17T06:33:28.351Z,file:///opt/spark-apps/data/raw/products.csv
852,Product852,home,3013.42,,2026-02-17T06:33:28.351Z,file:///opt/spark-apps/data/raw/products.csv
853,Product853,home,767.67,,2026-02-17T06:33:28.351Z,file:///opt/spark-apps/data/raw/products.csv
854,Product854,home,3303.85,,2026-02-17T06:33:28.351Z,file:///opt/spark-apps/data/raw/products.csv
855,Product855,books,3386.51,,2026-02-17T06:33:28.351Z,file:///opt/spark-apps/data/raw/products.csv
856,Product856,clothing,3228.72,,2026-02-17T06:33:28.351Z,file:///opt/spark-apps/data/raw/products.csv
857,Product857,electronics,3979.75,,2026-02-17T06:33:28.351Z,file:///opt/spark-apps/data/raw/products.csv
858,Product858,electronics,1328.94,,2026-02-17T06:33:28.351Z,file:///opt/spark-apps/data/raw/products.csv
859,Product859,home,4994.73,,2026-02-17T06:33:28.351Z,file:///opt/spark-apps/data/raw/products.csv
860,Product860,electronics,616.9,,2026-02-17T06:33:28.351Z,file:///opt/spark-apps/data/raw/products.csv
861,Product861,books,794.44,,2026-02-17T06:33:28.351Z,file:///opt/spark-apps/data/raw/products.csv
862,Product862,electronics,1630.29,,2026-02-17T06:33:28.351Z,file:///opt/spark-apps/data/raw/products.csv
863,Product863,books,4376.4,,2026-02-17T06:33:28.351Z,file:///opt/spark-apps/data/raw/products.csv
864,Product864,books,2898.05,,2026-02-17T06:33:28.351Z,file:///opt/spark-apps/data/raw/products.csv
865,Product865,sports,4433.28,,2026-02-17T06:33:28.351Z,file:///opt/spark-apps/data/raw/products.csv
866,Product866,books,940.96,,2026-02-17T06:33:28.351Z,file:///opt/spark-apps/data/raw/products.csv
867,Product867,clothing,2309.22,,2026-02-17T06:33:28.351Z,file:///opt/spark-apps/data/raw/products.csv
868,Product868,clothing,1548.84,,2026-02-17T06:33:28.351Z,file:///opt/spark-apps/data/raw/products.csv
869,Product869,clothing,3291.85,,2026-02-17T06:33:28.351Z,file:///opt/spark-apps/data/raw/products.csv
870,Product870,home,1857.97,,2026-02-17T06:33:28.351Z,file:///opt/spark-apps/data/raw/products.csv
871,Product871,home,2399.93,,2026-02-17T06:33:28.351Z,file:///opt/spark-apps/data/raw/products.csv
872,Product872,home,3886.31,,2026-02-17T06:33:28.351Z,file:///opt/spark-apps/data/raw/products.csv
873,Product873,home,841.97,,2026-02-17T06:33:28.351Z,file:///opt/spark-apps/data/raw/products.csv
874,Product874,sports,3384.39,,2026-02-17T06:33:28.351Z,file:///opt/spark-apps/data/raw/products.csv
875,Product875,sports,1523.07,,2026-02-17T06:33:28.351Z,file:///opt/spark-apps/data/raw/products.csv
876,Product876,books,2907.9,,2026-02-17T06:33:28.351Z,file:///opt/spark-apps/data/raw/products.csv
877,Product877,books,4374.64,,2026-02-17T06:33:28.351Z,file:///opt/spark-apps/data/raw/products.csv
878,Product878,home,4897.93,,2026-02-17T06:33:28.351Z,file:///opt/spark-apps/data/raw/products.csv
879,Product879,books,1400.65,,2026-02-17T06:33:28.351Z,file:///opt/spark-apps/data/raw/products.csv
880,Product880,sports,1594.83,,2026-02-17T06:33:28.351Z,file:///opt/spark-apps/data/raw/products.csv
881,Product881,books,2644.72,,2026-02-17T06:33:28.351Z,file:///opt/spark-apps/data/raw/products.csv
882,Product882,sports,2586.32,,2026-02-17T06:33:28.351Z,file:///opt/spark-apps/data/raw/products.csv
883,Product883,sports,4340.41,,2026-02-17T06:33:28.351Z,file:///opt/spark-apps/data/raw/products.csv
884,Product884,electronics,2607.9,,2026-02-17T06:33:28.351Z,file:///opt/spark-apps/data/raw/products.csv
885,Product885,clothing,1875.85,,2026-02-17T06:33:28.351Z,file:///opt/spark-apps/data/raw/products.csv
886,Product886,sports,1488.74,,2026-02-17T06:33:28.351Z,file:///opt/spark-apps/data/raw/products.csv
887,Product887,clothing,1468.41,,2026-02-17T06:33:28.351Z,file:///opt/spark-apps/data/raw/products.csv
888,Product888,home,4774.11,,2026-02-17T06:33:28.351Z,file:///opt/spark-apps/data/raw/products.csv
889,Product889,sports,2211.04,,2026-02-17T06:33:28.351Z,file:///opt/spark-apps/data/raw/products.csv
890,Product890,books,149.1,,2026-02-17T06:33:28.351Z,file:///opt/spark-apps/data/raw/products.csv
891,Product891,sports,4609.2,,2026-02-17T06:33:28.351Z,file:///opt/spark-apps/data/raw/products.csv
892,Product892,books,2678.59,,2026-02-17T06:33:28.351Z,file:///opt/spark-apps/data/raw/products.csv
893,Product893,clothing,2360.17,,2026-02-17T06:33:28.351Z,file:///opt/spark-apps/data/raw/products.csv
894,Product894,home,1408.54,,2026-02-17T06:33:28.351Z,file:///opt/spark-apps/data/raw/products.csv
895,Product895,books,1866.69,,2026-02-17T06:33:28.351Z,file:///opt/spark-apps/data/raw/products.csv
896,Product896,clothing,844.29,,2026-02-17T06:33:28.351Z,file:///opt/spark-apps/data/raw/products.csv
897,Product897,electronics,667.8,,2026-02-17T06:33:28.351Z,file:///opt/spark-apps/data/raw/products.csv
898,Product898,clothing,2197.7,,2026-02-17T06:33:28.351Z,file:///opt/spark-apps/data/raw/products.csv
899,Product899,clothing,1832.53,,2026-02-17T06:33:28.351Z,file:///opt/spark-apps/data/raw/products.csv
900,Product900,home,4093.3,,2026-02-17T06:33:28.351Z,file:///opt/spark-apps/data/raw/products.csv
901,Product901,electronics,3856.5,,2026-02-17T06:33:28.351Z,file:///opt/spark-apps/data/raw/products.csv
902,Product902,electronics,1579.83,,2026-02-17T06:33:28.351Z,file:///opt/spark-apps/data/raw/products.csv
903,Product903,home,2414.92,,2026-02-17T06:33:28.351Z,file:///opt/spark-apps/data/raw/products.csv
904,Product904,books,1645.09,,2026-02-17T06:33:28.351Z,file:///opt/spark-apps/data/raw/products.csv
905,Product905,electronics,319.54,,2026-02-17T06:33:28.351Z,file:///opt/spark-apps/data/raw/products.csv
906,Product906,clothing,853.01,,2026-02-17T06:33:28.351Z,file:///opt/spark-apps/data/raw/products.csv
907,Product907,electronics,1650.43,,2026-02-17T06:33:28.351Z,file:///opt/spark-apps/data/raw/products.csv
908,Product908,sports,659.04,,2026-02-17T06:33:28.351Z,file:///opt/spark-apps/data/raw/products.csv
909,Product909,clothing,1697.2,,2026-02-17T06:33:28.351Z,file:///opt/spark-apps/data/raw/products.csv
910,Product910,books,303.84,,2026-02-17T06:33:28.351Z,file:///opt/spark-apps/data/raw/products.csv
911,Product911,books,3702.22,,2026-02-17T06:33:28.351Z,file:///opt/spark-apps/data/raw/products.csv
912,Product912,sports,3311.94,,2026-02-17T06:33:28.351Z,file:///opt/spark-apps/data/raw/products.csv
913,Product913,books,4612.1,,2026-02-17T06:33:28.351Z,file:///opt/spark-apps/data/raw/products.csv
914,Product914,home,4190.52,,2026-02-17T06:33:28.351Z,file:///opt/spark-apps/data/raw/products.csv
915,Product915,sports,4840.44,,2026-02-17T06:33:28.351Z,file:///opt/spark-apps/data/raw/products.csv
916,Product916,sports,1677.13,,2026-02-17T06:33:28.351Z,file:///opt/spark-apps/data/raw/products.csv
917,Product917,clothing,449.48,,2026-02-17T06:33:28.351Z,file:///opt/spark-apps/data/raw/products.csv
918,Product918,home,3154.79,,2026-02-17T06:33:28.351Z,file:///opt/spark-apps/data/raw/products.csv
919,Product919,books,4176.45,,2026-02-17T06:33:28.351Z,file:///opt/spark-apps/data/raw/products.csv
920,Product920,sports,2553.02,,2026-02-17T06:33:28.351Z,file:///opt/spark-apps/data/raw/products.csv
921,Product921,home,2850.46,,2026-02-17T06:33:28.351Z,file:///opt/spark-apps/data/raw/products.csv
922,Product922,home,1929.71,,2026-02-17T06:33:28.351Z,file:///opt/spark-apps/data/raw/products.csv
923,Product923,electronics,9.55,,2026-02-17T06:33:28.351Z,file:///opt/spark-apps/data/raw/products.csv
924,Product924,electronics,4485.15,,2026-02-17T06:33:28.351Z,file:///opt/spark-apps/data/raw/products.csv
925,Product925,electronics,3738.64,,2026-02-17T06:33:28.351Z,file:///opt/spark-apps/data/raw/products.csv
926,Product926,electronics,4158.55,,2026-02-17T06:33:28.351Z,file:///opt/spark-apps/data/raw/products.csv
927,Product927,clothing,2104.17,,2026-02-17T06:33:28.351Z,file:///opt/spark-apps/data/raw/products.csv
928,Product928,books,341.93,,2026-02-17T06:33:28.351Z,file:///opt/spark-apps/data/raw/products.csv
929,Product929,sports,2945.29,,2026-02-17T06:33:28.351Z,file:///opt/spark-apps/data/raw/products.csv
930,Product930,home,939.19,,2026-02-17T06:33:28.351Z,file:///opt/spark-apps/data/raw/products.csv
931,Product931,clothing,3067.47,,2026-02-17T06:33:28.351Z,file:///opt/spark-apps/data/raw/products.csv
932,Product932,electronics,1585.2,,2026-02-17T06:33:28.351Z,file:///opt/spark-apps/data/raw/products.csv
933,Product933,clothing,3984.07,,2026-02-17T06:33:28.351Z,file:///opt/spark-apps/data/raw/products.csv
934,Product934,sports,1306.7,,2026-02-17T06:33:28.351Z,file:///opt/spark-apps/data/raw/products.csv
935,Product935,electronics,4417.16,,2026-02-17T06:33:28.351Z,file:///opt/spark-apps/data/raw/products.csv
936,Product936,clothing,2226.2,,2026-02-17T06:33:28.351Z,file:///opt/spark-apps/data/raw/products.csv
937,Product937,sports,2021.17,,2026-02-17T06:33:28.351Z,file:///opt/spark-apps/data/raw/products.csv
938,Product938,books,3130.68,,2026-02-17T06:33:28.351Z,file:///opt/spark-apps/data/raw/products.csv
939,Product939,books,1304.46,,2026-02-17T06:33:28.351Z,file:///opt/spark-apps/data/raw/products.csv
940,Product940,books,3008.18,,2026-02-17T06:33:28.351Z,file:///opt/spark-apps/data/raw/products.csv
941,Product941,books,3500.47,,2026-02-17T06:33:28.351Z,file:///opt/spark-apps/data/raw/products.csv
942,Product942,clothing,26.17,,2026-02-17T06:33:28.351Z,file:///opt/spark-apps/data/raw/products.csv
943,Product943,books,1147.96,,2026-02-17T06:33:28.351Z,file:///opt/spark-apps/data/raw/products.csv
944,Product944,electronics,4462.07,,2026-02-17T06:33:28.351Z,file:///opt/spark-apps/data/raw/products.csv
945,Product945,home,3408.03,,2026-02-17T06:33:28.351Z,file:///opt/spark-apps/data/raw/products.csv
946,Product946,home,2212.55,,2026-02-17T06:33:28.351Z,file:///opt/spark-apps/data/raw/products.csv
947,Product947,sports,1679.76,,2026-02-17T06:33:28.351Z,file:///opt/spark-apps/data/raw/products.csv
948,Product948,clothing,2445.05,,2026-02-17T06:33:28.351Z,file:///opt/spark-apps/data/raw/products.csv
949,Product949,sports,2020.1,,2026-02-17T06:33:28.351Z,file:///opt/spark-apps/data/raw/products.csv
950,Product950,clothing,3470.55,,2026-02-17T06:33:28.351Z,file:///opt/spark-apps/data/raw/products.csv
951,Product951,sports,3743.29,,2026-02-17T06:33:28.351Z,file:///opt/spark-apps/data/raw/products.csv
952,Product952,home,327.18,,2026-02-17T06:33:28.351Z,file:///opt/spark-apps/data/raw/products.csv
953,Product953,home,1185.52,,2026-02-17T06:33:28.351Z,file:///opt/spark-apps/data/raw/products.csv
954,Product954,books,3183.59,,2026-02-17T06:33:28.351Z,file:///opt/spark-apps/data/raw/products.csv
955,Product955,electronics,1208.38,,2026-02-17T06:33:28.351Z,file:///opt/spark-apps/data/raw/products.csv
956,Product956,clothing,2430.1,,2026-02-17T06:33:28.351Z,file:///opt/spark-apps/data/raw/products.csv
957,Product957,sports,269.86,,2026-02-17T06:33:28.351Z,file:///opt/spark-apps/data/raw/products.csv
958,Product958,books,4941.15,,2026-02-17T06:33:28.351Z,file:///opt/spark-apps/data/raw/products.csv
959,Product959,sports,4147.62,,2026-02-17T06:33:28.351Z,file:///opt/spark-apps/data/raw/products.csv
960,Product960,electronics,4350.34,,2026-02-17T06:33:28.351Z,file:///opt/spark-apps/data/raw/products.csv
961,Product961,home,1718.16,,2026-02-17T06:33:28.351Z,file:///opt/spark-apps/data/raw/products.csv
962,Product962,electronics,706.75,,2026-02-17T06:33:28.351Z,file:///opt/spark-apps/data/raw/products.csv
963,Product963,books,4257.74,,2026-02-17T06:33:28.351Z,file:///opt/spark-apps/data/raw/products.csv
964,Product964,clothing,4224.9,,2026-02-17T06:33:28.351Z,file:///opt/spark-apps/data/raw/products.csv
965,Product965,clothing,1651.62,,2026-02-17T06:33:28.351Z,file:///opt/spark-apps/data/raw/products.csv
966,Product966,home,4277.66,,2026-02-17T06:33:28.351Z,file:///opt/spark-apps/data/raw/products.csv
967,Product967,sports,217.68,,2026-02-17T06:33:28.351Z,file:///opt/spark-apps/data/raw/products.csv
968,Product968,books,1441.38,,2026-02-17T06:33:28.351Z,file:///opt/spark-apps/data/raw/products.csv
969,Product969,clothing,3202.07,,2026-02-17T06:33:28.351Z,file:///opt/spark-apps/data/raw/products.csv
970,Product970,sports,226.79,,2026-02-17T06:33:28.351Z,file:///opt/spark-apps/data/raw/products.csv
971,Product971,clothing,4074.82,,2026-02-17T06:33:28.351Z,file:///opt/spark-apps/data/raw/products.csv
972,Product972,books,4761.26,,2026-02-17T06:33:28.351Z,file:///opt/spark-apps/data/raw/products.csv
973,Product973,electronics,4362.75,,2026-02-17T06:33:28.351Z,file:///opt/spark-apps/data/raw/products.csv
974,Product974,sports,2132.73,,2026-02-17T06:33:28.351Z,file:///opt/spark-apps/data/raw/products.csv
975,Product975,books,2443.56,,2026-02-17T06:33:28.351Z,file:///opt/spark-apps/data/raw/products.csv
976,Product976,home,3767.87,,2026-02-17T06:33:28.351Z,file:///opt/spark-apps/data/raw/products.csv
977,Product977,clothing,17.49,,2026-02-17T06:33:28.351Z,file:///opt/spark-apps/data/raw/products.csv
978,Product978,home,157.84,,2026-02-17T06:33:28.351Z,file:///opt/spark-apps/data/raw/products.csv
979,Product979,electronics,4615.39,,2026-02-17T06:33:28.351Z,file:///opt/spark-apps/data/raw/products.csv
980,Product980,electronics,4528.31,,2026-02-17T06:33:28.351Z,file:///opt/spark-apps/data/raw/products.csv
981,Product981,electronics,4939.68,,2026-02-17T06:33:28.351Z,file:///opt/spark-apps/data/raw/products.csv
982,Product982,clothing,3351.19,,2026-02-17T06:33:28.351Z,file:///opt/spark-apps/data/raw/products.csv
983,Product983,clothing,1382.71,,2026-02-17T06:33:28.351Z,file:///opt/spark-apps/data/raw/products.csv
984,Product984,electronics,992.22,,2026-02-17T06:33:28.351Z,file:///opt/spark-apps/data/raw/products.csv
985,Product985,books,1907.96,,2026-02-17T06:33:28.351Z,file:///opt/spark-apps/data/raw/products.csv
986,Product986,sports,3881.63,,2026-02-17T06:33:28.351Z,file:///opt/spark-apps/data/raw/products.csv
987,Product987,sports,3031.96,,2026-02-17T06:33:28.351Z,file:///opt/spark-apps/data/raw/products.csv
988,Product988,home,2224.67,,2026-02-17T06:33:28.351Z,file:///opt/spark-apps/data/raw/products.csv
989,Product989,sports,546.52,,2026-02-17T06:33:28.351Z,file:///opt/spark-apps/data/raw/products.csv
990,Product990,sports,2988.21,,2026-02-17T06:33:28.351Z,file:///opt/spark-apps/data/raw/products.csv
991,Product991,electronics,569.37,,2026-02-17T06:33:28.351Z,file:///opt/spark-apps/data/raw/products.csv
992,Product992,clothing,1591.72,,2026-02-17T06:33:28.351Z,file:///opt/spark-apps/data/raw/products.csv
993,Product993,home,2164.95,,2026-02-17T06:33:28.351Z,file:///opt/spark-apps/data/raw/products.csv
994,Product994,books,2096.09,,2026-02-17T06:33:28.351Z,file:///opt/spark-apps/data/raw/products.csv
995,Product995,electronics,92.94,,2026-02-17T06:33:28.351Z,file:///opt/spark-apps/data/raw/products.csv
996,Product996,books,1463.02,,2026-02-17T06:33:28.351Z,file:///opt/spark-apps/data/raw/products.csv
997,Product997,clothing,3640.4,,2026-02-17T06:33:28.351Z,file:///opt/spark-apps/data/raw/products.csv
998,Product998,books,146.59,,2026-02-17T06:33:28.351Z,file:///opt/spark-apps/data/raw/products.csv
999,Product999,sports,1040.34,,2026-02-17T06:33:28.351Z,file:///opt/spark-apps/data/raw/products.csv
1000,Product1000,sports,3621.82,,2026-02-17T06:33:28.351Z,file:///opt/spark-apps/data/raw/products.csv
1001,Product1001,books,4202.34,,2026-02-17T06:33:28.351Z,file:///opt/spark-apps/data/raw/products.csv
1002,Product1002,home,214.91,,2026-02-17T06:33:28.351Z,file:///opt/spark-apps/data/raw/products.csv
1003,Product1003,electronics,4919.6,,2026-02-17T06:33:28.351Z,file:///opt/spark-apps/data/raw/products.csv
1004,Product1004,sports,2410.94,,2026-02-17T06:33:28.351Z,file:///opt/spark-apps/data/raw/products.csv
1005,Product1005,books,4203.32,,2026-02-17T06:33:28.351Z,file:///opt/spark-apps/data/raw/products.csv
1006,Product1006,books,1504.37,,2026-02-17T06:33:28.351Z,file:///opt/spark-apps/data/raw/products.csv
1007,Product1007,sports,2638.1,,2026-02-17T06:33:28.351Z,file:///opt/spark-apps/data/raw/products.csv
1008,Product1008,home,596.89,,2026-02-17T06:33:28.351Z,file:///opt/spark-apps/data/raw/products.csv
1009,Product1009,electronics,3629.11,,2026-02-17T06:33:28.351Z,file:///opt/spark-apps/data/raw/products.csv
1010,Product1010,sports,2731.06,,2026-02-17T06:33:28.351Z,file:///opt/spark-apps/data/raw/products.csv
1011,Product1011,clothing,756.17,,2026-02-17T06:33:28.351Z,file:///opt/spark-apps/data/raw/products.csv
1012,Product1012,books,371.13,,2026-02-17T06:33:28.351Z,file:///opt/spark-apps/data/raw/products.csv
1013,Product1013,electronics,4598.43,,2026-02-17T06:33:28.351Z,file:///opt/spark-apps/data/raw/products.csv
1014,Product1014,electronics,1434.4,,2026-02-17T06:33:28.351Z,file:///opt/spark-apps/data/raw/products.csv
1015,Product1015,books,2527.64,,2026-02-17T06:33:28.351Z,file:///opt/spark-apps/data/raw/products.csv
1016,Product1016,electronics,802.46,,2026-02-17T06:33:28.351Z,file:///opt/spark-apps/data/raw/products.csv
1017,Product1017,clothing,3842.28,,2026-02-17T06:33:28.351Z,file:///opt/spark-apps/data/raw/products.csv
1018,Product1018,electronics,1639.46,,2026-02-17T06:33:28.351Z,file:///opt/spark-apps/data/raw/products.csv
1019,Product1019,electronics,2980.16,,2026-02-17T06:33:28.351Z,file:///opt/spark-apps/data/raw/products.csv
1020,Product1020,sports,4629.66,,2026-02-17T06:33:28.351Z,file:///opt/spark-apps/data/raw/products.csv
1021,Product1021,sports,1399.19,,2026-02-17T06:33:28.351Z,file:///opt/spark-apps/data/raw/products.csv
1022,Product1022,sports,4760.16,,2026-02-17T06:33:28.351Z,file:///opt/spark-apps/data/raw/products.csv
1023,Product1023,electronics,2974.37,,2026-02-17T06:33:28.351Z,file:///opt/spark-apps/data/raw/products.csv
1024,Product1024,clothing,3100.31,,2026-02-17T06:33:28.351Z,file:///opt/spark-apps/data/raw/products.csv
1025,Product1025,sports,73.31,,2026-02-17T06:33:28.351Z,file:///opt/spark-apps/data/raw/products.csv
1026,Product1026,electronics,2461.14,,2026-02-17T06:33:28.351Z,file:///opt/spark-apps/data/raw/products.csv
1027,Product1027,sports,2883.58,,2026-02-17T06:33:28.351Z,file:///opt/spark-apps/data/raw/products.csv
1028,Product1028,electronics,1470.55,,2026-02-17T06:33:28.351Z,file:///opt/spark-apps/data/raw/products.csv
1029,Product1029,home,2093.61,,2026-02-17T06:33:28.351Z,file:///opt/spark-apps/data/raw/products.csv
1030,Product1030,sports,621.24,,2026-02-17T06:33:28.351Z,file:///opt/spark-apps/data/raw/products.csv
1031,Product1031,clothing,462.16,,2026-02-17T06:33:28.351Z,file:///opt/spark-apps/data/raw/products.csv
1032,Product1032,clothing,2055.7,,2026-02-17T06:33:28.351Z,file:///opt/spark-apps/data/raw/products.csv
1033,Product1033,electronics,3286.59,,2026-02-17T06:33:28.351Z,file:///opt/spark-apps/data/raw/products.csv
1034,Product1034,sports,1515.73,,2026-02-17T06:33:28.351Z,file:///opt/spark-apps/data/raw/products.csv
1035,Product1035,electronics,4545.83,,2026-02-17T06:33:28.351Z,file:///opt/spark-apps/data/raw/products.csv
1036,Product1036,electronics,2574.0,,2026-02-17T06:33:28.351Z,file:///opt/spark-apps/data/raw/products.csv
1037,Product1037,sports,3534.56,,2026-02-17T06:33:28.351Z,file:///opt/spark-apps/data/raw/products.csv
1038,Product1038,home,1974.38,,2026-02-17T06:33:28.351Z,file:///opt/spark-apps/data/raw/products.csv
1039,Product1039,home,1627.62,,2026-02-17T06:33:28.351Z,file:///opt/spark-apps/data/raw/products.csv
1040,Product1040,electronics,3322.15,,2026-02-17T06:33:28.351Z,file:///opt/spark-apps/data/raw/products.csv
1041,Product1041,books,743.49,,2026-02-17T06:33:28.351Z,file:///opt/spark-apps/data/raw/products.csv
1042,Product1042,books,76.3,,2026-02-17T06:33:28.351Z,file:///opt/spark-apps/data/raw/products.csv
1043,Product1043,electronics,3451.7,,2026-02-17T06:33:28.351Z,file:///opt/spark-apps/data/raw/products.csv
1044,Product1044,home,1372.06,,2026-02-17T06:33:28.351Z,file:///opt/spark-apps/data/raw/products.csv
1045,Product1045,sports,2491.64,,2026-02-17T06:33:28.351Z,file:///opt/spark-apps/data/raw/products.csv
1046,Product1046,electronics,245.2,,2026-02-17T06:33:28.351Z,file:///opt/spark-apps/data/raw/products.csv
1047,Product1047,sports,4815.77,,2026-02-17T06:33:28.351Z,file:///opt/spark-apps/data/raw/products.csv
1048,Product1048,sports,2092.63,,2026-02-17T06:33:28.351Z,file:///opt/spark-apps/data/raw/products.csv
1049,Product1049,electronics,1557.2,,2026-02-17T06:33:28.351Z,file:///opt/spark-apps/data/raw/products.csv
1050,Product1050,books,4083.32,,2026-02-17T06:33:28.351Z,file:///opt/spark-apps/data/raw/products.csv
1051,Product1051,home,3627.21,,2026-02-17T06:33:28.351Z,file:///opt/spark-apps/data/raw/products.csv
1052,Product1052,home,1913.96,,2026-02-17T06:33:28.351Z,file:///opt/spark-apps/data/raw/products.csv
1053,Product1053,clothing,2533.2,,2026-02-17T06:33:28.351Z,file:///opt/spark-apps/data/raw/products.csv
1054,Product1054,sports,141.29,,2026-02-17T06:33:28.351Z,file:///opt/spark-apps/data/raw/products.csv
1055,Product1055,books,16.24,,2026-02-17T06:33:28.351Z,file:///opt/spark-apps/data/raw/products.csv
1056,Product1056,home,3356.24,,2026-02-17T06:33:28.351Z,file:///opt/spark-apps/data/raw/products.csv
1057,Product1057,books,2475.66,,2026-02-17T06:33:28.351Z,file:///opt/spark-apps/data/raw/products.csv
1058,Product1058,electronics,1782.04,,2026-02-17T06:33:28.351Z,file:///opt/spark-apps/data/raw/products.csv
1059,Product1059,clothing,3437.02,,2026-02-17T06:33:28.351Z,file:///opt/spark-apps/data/raw/products.csv
1060,Product1060,books,1285.09,,2026-02-17T06:33:28.351Z,file:///opt/spark-apps/data/raw/products.csv
1061,Product1061,home,627.21,,2026-02-17T06:33:28.351Z,file:///opt/spark-apps/data/raw/products.csv
1062,Product1062,clothing,4138.68,,2026-02-17T06:33:28.351Z,file:///opt/spark-apps/data/raw/products.csv
1063,Product1063,clothing,1881.83,,2026-02-17T06:33:28.351Z,file:///opt/spark-apps/data/raw/products.csv
1064,Product1064,clothing,4262.99,,2026-02-17T06:33:28.351Z,file:///opt/spark-apps/data/raw/products.csv
1065,Product1065,sports,4354.75,,2026-02-17T06:33:28.351Z,file:///opt/spark-apps/data/raw/products.csv
1066,Product1066,books,370.95,,2026-02-17T06:33:28.351Z,file:///opt/spark-apps/data/raw/products.csv
1067,Product1067,sports,1143.96,,2026-02-17T06:33:28.351Z,file:///opt/spark-apps/data/raw/products.csv
1068,Product1068,books,1104.71,,2026-02-17T06:33:28.351Z,file:///opt/spark-apps/data/raw/products.csv
1069,Product1069,home,2709.77,,2026-02-17T06:33:28.351Z,file:///opt/spark-apps/data/raw/products.csv
1070,Product1070,home,2872.08,,2026-02-17T06:33:28.351Z,file:///opt/spark-apps/data/raw/products.csv
1071,Product1071,sports,3486.13,,2026-02-17T06:33:28.351Z,file:///opt/spark-apps/data/raw/products.csv
1072,Product1072,electronics,3763.12,,2026-02-17T06:33:28.351Z,file:///opt/spark-apps/data/raw/products.csv
1073,Product1073,home,2752.1,,2026-02-17T06:33:28.351Z,file:///opt/spark-apps/data/raw/products.csv
1074,Product1074,books,1565.03,,2026-02-17T06:33:28.351Z,file:///opt/spark-apps/data/raw/products.csv
1075,Product1075,electronics,2296.23,,2026-02-17T06:33:28.351Z,file:///opt/spark-apps/data/raw/products.csv
1076,Product1076,clothing,3584.49,,2026-02-17T06:33:28.351Z,file:///opt/spark-apps/data/raw/products.csv
1077,Product1077,electronics,2516.04,,2026-02-17T06:33:28.351Z,file:///opt/spark-apps/data/raw/products.csv
1078,Product1078,clothing,2653.48,,2026-02-17T06:33:28.351Z,file:///opt/spark-apps/data/raw/products.csv
1079,Product1079,sports,2430.38,,2026-02-17T06:33:28.351Z,file:///opt/spark-apps/data/raw/products.csv
1080,Product1080,home,2797.62,,2026-02-17T06:33:28.351Z,file:///opt/spark-apps/data/raw/products.csv
1081,Product1081,books,2965.91,,2026-02-17T06:33:28.351Z,file:///opt/spark-apps/data/raw/products.csv
1082,Product1082,home,2335.42,,2026-02-17T06:33:28.351Z,file:///opt/spark-apps/data/raw/products.csv
1083,Product1083,sports,1693.81,,2026-02-17T06:33:28.351Z,file:///opt/spark-apps/data/raw/products.csv
1084,Product1084,books,4857.17,,2026-02-17T06:33:28.351Z,file:///opt/spark-apps/data/raw/products.csv
1085,Product1085,electronics,829.92,,2026-02-17T06:33:28.351Z,file:///opt/spark-apps/data/raw/products.csv
1086,Product1086,books,1662.6,,2026-02-17T06:33:28.351Z,file:///opt/spark-apps/data/raw/products.csv
1087,Product1087,home,497.3,,2026-02-17T06:33:28.351Z,file:///opt/spark-apps/data/raw/products.csv
1088,Product1088,home,1406.92,,2026-02-17T06:33:28.351Z,file:///opt/spark-apps/data/raw/products.csv
1089,Product1089,clothing,3255.66,,2026-02-17T06:33:28.351Z,file:///opt/spark-apps/data/raw/products.csv
1090,Product1090,home,3318.12,,2026-02-17T06:33:28.351Z,file:///opt/spark-apps/data/raw/products.csv
1091,Product1091,home,4189.88,,2026-02-17T06:33:28.351Z,file:///opt/spark-apps/data/raw/products.csv
1092,Product1092,home,782.65,,2026-02-17T06:33:28.351Z,file:///opt/spark-apps/data/raw/products.csv
1093,Product1093,sports,1902.32,,2026-02-17T06:33:28.351Z,file:///opt/spark-apps/data/raw/products.csv
1094,Product1094,clothing,2629.32,,2026-02-17T06:33:28.351Z,file:///opt/spark-apps/data/raw/products.csv
1095,Product1095,sports,3317.31,,2026-02-17T06:33:28.351Z,file:///opt/spark-apps/data/raw/products.csv
1096,Product1096,home,4882.76,,2026-02-17T06:33:28.351Z,file:///opt/spark-apps/data/raw/products.csv
1097,Product1097,clothing,1575.9,,2026-02-17T06:33:28.351Z,file:///opt/spark-apps/data/raw/products.csv
1098,Product1098,clothing,192.29,,2026-02-17T06:33:28.351Z,file:///opt/spark-apps/data/raw/products.csv
1099,Product1099,sports,3636.4,,2026-02-17T06:33:28.351Z,file:///opt/spark-apps/data/raw/products.csv
1100,Product1100,home,4339.28,,2026-02-17T06:33:28.351Z,file:///opt/spark-apps/data/raw/products.csv
1101,Product1101,clothing,306.19,,2026-02-17T06:33:28.351Z,file:///opt/spark-apps/data/raw/products.csv
1102,Product1102,clothing,2241.59,,2026-02-17T06:33:28.351Z,file:///opt/spark-apps/data/raw/products.csv
1103,Product1103,books,580.98,,2026-02-17T06:33:28.351Z,file:///opt/spark-apps/data/raw/products.csv
1104,Product1104,sports,3747.7,,2026-02-17T06:33:28.351Z,file:///opt/spark-apps/data/raw/products.csv
1105,Product1105,books,4076.58,,2026-02-17T06:33:28.351Z,file:///opt/spark-apps/data/raw/products.csv
1106,Product1106,home,1524.22,,2026-02-17T06:33:28.351Z,file:///opt/spark-apps/data/raw/products.csv
1107,Product1107,electronics,2382.3,,2026-02-17T06:33:28.351Z,file:///opt/spark-apps/data/raw/products.csv
1108,Product1108,clothing,3387.12,,2026-02-17T06:33:28.351Z,file:///opt/spark-apps/data/raw/products.csv
1109,Product1109,books,4837.66,,2026-02-17T06:33:28.351Z,file:///opt/spark-apps/data/raw/products.csv
1110,Product1110,electronics,2731.89,,2026-02-17T06:33:28.351Z,file:///opt/spark-apps/data/raw/products.csv
1111,Product1111,home,28.34,,2026-02-17T06:33:28.351Z,file:///opt/spark-apps/data/raw/products.csv
1112,Product1112,books,2725.82,,2026-02-17T06:33:28.351Z,file:///opt/spark-apps/data/raw/products.csv
1113,Product1113,clothing,2382.97,,2026-02-17T06:33:28.351Z,file:///opt/spark-apps/data/raw/products.csv
1114,Product1114,sports,1857.42,,2026-02-17T06:33:28.351Z,file:///opt/spark-apps/data/raw/products.csv
1115,Product1115,books,1566.47,,2026-02-17T06:33:28.351Z,file:///opt/spark-apps/data/raw/products.csv
1116,Product1116,electronics,599.39,,2026-02-17T06:33:28.351Z,file:///opt/spark-apps/data/raw/products.csv
1117,Product1117,electronics,1782.31,,2026-02-17T06:33:28.351Z,file:///opt/spark-apps/data/raw/products.csv
1118,Product1118,sports,4599.55,,2026-02-17T06:33:28.351Z,file:///opt/spark-apps/data/raw/products.csv
1119,Product1119,sports,2067.74,,2026-02-17T06:33:28.351Z,file:///opt/spark-apps/data/raw/products.csv
1120,Product1120,clothing,3557.21,,2026-02-17T06:33:28.351Z,file:///opt/spark-apps/data/raw/products.csv
1121,Product1121,home,3523.8,,2026-02-17T06:33:28.351Z,file:///opt/spark-apps/data/raw/products.csv
1122,Product1122,electronics,2190.74,,2026-02-17T06:33:28.351Z,file:///opt/spark-apps/data/raw/products.csv
1123,Product1123,home,729.81,,2026-02-17T06:33:28.351Z,file:///opt/spark-apps/data/raw/products.csv
1124,Product1124,electronics,3491.03,,2026-02-17T06:33:28.351Z,file:///opt/spark-apps/data/raw/products.csv
1125,Product1125,electronics,928.92,,2026-02-17T06:33:28.351Z,file:///opt/spark-apps/data/raw/products.csv
1126,Product1126,clothing,1970.37,,2026-02-17T06:33:28.351Z,file:///opt/spark-apps/data/raw/products.csv
1127,Product1127,electronics,860.63,,2026-02-17T06:33:28.351Z,file:///opt/spark-apps/data/raw/products.csv
1128,Product1128,clothing,2307.0,,2026-02-17T06:33:28.351Z,file:///opt/spark-apps/data/raw/products.csv
1129,Product1129,sports,2663.41,,2026-02-17T06:33:28.351Z,file:///opt/spark-apps/data/raw/products.csv
1130,Product1130,home,2546.1,,2026-02-17T06:33:28.351Z,file:///opt/spark-apps/data/raw/products.csv
1131,Product1131,sports,1424.17,,2026-02-17T06:33:28.351Z,file:///opt/spark-apps/data/raw/products.csv
1132,Product1132,home,4152.69,,2026-02-17T06:33:28.351Z,file:///opt/spark-apps/data/raw/products.csv
1133,Product1133,electronics,1487.54,,2026-02-17T06:33:28.351Z,file:///opt/spark-apps/data/raw/products.csv
1134,Product1134,clothing,3925.33,,2026-02-17T06:33:28.351Z,file:///opt/spark-apps/data/raw/products.csv
1135,Product1135,clothing,4530.53,,2026-02-17T06:33:28.351Z,file:///opt/spark-apps/data/raw/products.csv
1136,Product1136,books,2073.4,,2026-02-17T06:33:28.351Z,file:///opt/spark-apps/data/raw/products.csv
1137,Product1137,home,1223.65,,2026-02-17T06:33:28.351Z,file:///opt/spark-apps/data/raw/products.csv
1138,Product1138,electronics,1207.65,,2026-02-17T06:33:28.351Z,file:///opt/spark-apps/data/raw/products.csv
1139,Product1139,electronics,4969.32,,2026-02-17T06:33:28.351Z,file:///opt/spark-apps/data/raw/products.csv
1140,Product1140,clothing,30.11,,2026-02-17T06:33:28.351Z,file:///opt/spark-apps/data/raw/products.csv
1141,Product1141,home,146.15,,2026-02-17T06:33:28.351Z,file:///opt/spark-apps/data/raw/products.csv
1142,Product1142,home,381.22,,2026-02-17T06:33:28.351Z,file:///opt/spark-apps/data/raw/products.csv
1143,Product1143,sports,1619.79,,2026-02-17T06:33:28.351Z,file:///opt/spark-apps/data/raw/products.csv
1144,Product1144,home,4186.25,,2026-02-17T06:33:28.351Z,file:///opt/spark-apps/data/raw/products.csv
1145,Product1145,clothing,1103.35,,2026-02-17T06:33:28.351Z,file:///opt/spark-apps/data/raw/products.csv
1146,Product1146,books,3595.52,,2026-02-17T06:33:28.351Z,file:///opt/spark-apps/data/raw/products.csv
1147,Product1147,sports,705.29,,2026-02-17T06:33:28.351Z,file:///opt/spark-apps/data/raw/products.csv
1148,Product1148,books,3142.34,,2026-02-17T06:33:28.351Z,file:///opt/spark-apps/data/raw/products.csv
1149,Product1149,electronics,2184.98,,2026-02-17T06:33:28.351Z,file:///opt/spark-apps/data/raw/products.csv
1150,Product1150,books,310.99,,2026-02-17T06:33:28.351Z,file:///opt/spark-apps/data/raw/products.csv
1151,Product1151,home,3618.18,,2026-02-17T06:33:28.351Z,file:///opt/spark-apps/data/raw/products.csv
1152,Product1152,sports,2287.02,,2026-02-17T06:33:28.351Z,file:///opt/spark-apps/data/raw/products.csv
1153,Product1153,sports,585.03,,2026-02-17T06:33:28.351Z,file:///opt/spark-apps/data/raw/products.csv
1154,Product1154,clothing,1285.57,,2026-02-17T06:33:28.351Z,file:///opt/spark-apps/data/raw/products.csv
1155,Product1155,home,2088.87,,2026-02-17T06:33:28.351Z,file:///opt/spark-apps/data/raw/products.csv
1156,Product1156,sports,4134.59,,2026-02-17T06:33:28.351Z,file:///opt/spark-apps/data/raw/products.csv
1157,Product1157,sports,1455.86,,2026-02-17T06:33:28.351Z,file:///opt/spark-apps/data/raw/products.csv
1158,Product1158,books,4787.06,,2026-02-17T06:33:28.351Z,file:///opt/spark-apps/data/raw/products.csv
1159,Product1159,books,2081.64,,2026-02-17T06:33:28.351Z,file:///opt/spark-apps/data/raw/products.csv
1160,Product1160,sports,3941.64,,2026-02-17T06:33:28.351Z,file:///opt/spark-apps/data/raw/products.csv
1161,Product1161,electronics,793.87,,2026-02-17T06:33:28.351Z,file:///opt/spark-apps/data/raw/products.csv
1162,Product1162,home,769.57,,2026-02-17T06:33:28.351Z,file:///opt/spark-apps/data/raw/products.csv
1163,Product1163,clothing,1241.91,,2026-02-17T06:33:28.351Z,file:///opt/spark-apps/data/raw/products.csv
1164,Product1164,sports,421.59,,2026-02-17T06:33:28.351Z,file:///opt/spark-apps/data/raw/products.csv
1165,Product1165,electronics,844.04,,2026-02-17T06:33:28.351Z,file:///opt/spark-apps/data/raw/products.csv
1166,Product1166,books,1182.88,,2026-02-17T06:33:28.351Z,file:///opt/spark-apps/data/raw/products.csv
1167,Product1167,books,3177.07,,2026-02-17T06:33:28.351Z,file:///opt/spark-apps/data/raw/products.csv
1168,Product1168,sports,1981.31,,2026-02-17T06:33:28.351Z,file:///opt/spark-apps/data/raw/products.csv
1169,Product1169,electronics,3623.47,,2026-02-17T06:33:28.351Z,file:///opt/spark-apps/data/raw/products.csv
1170,Product1170,home,3943.99,,2026-02-17T06:33:28.351Z,file:///opt/spark-apps/data/raw/products.csv
1171,Product1171,sports,1236.77,,2026-02-17T06:33:28.351Z,file:///opt/spark-apps/data/raw/products.csv
1172,Product1172,home,4032.7,,2026-02-17T06:33:28.351Z,file:///opt/spark-apps/data/raw/products.csv
1173,Product1173,home,3978.53,,2026-02-17T06:33:28.351Z,file:///opt/spark-apps/data/raw/products.csv
1174,Product1174,books,2140.54,,2026-02-17T06:33:28.351Z,file:///opt/spark-apps/data/raw/products.csv
1175,Product1175,books,4902.39,,2026-02-17T06:33:28.351Z,file:///opt/spark-apps/data/raw/products.csv
1176,Product1176,home,369.09,,2026-02-17T06:33:28.351Z,file:///opt/spark-apps/data/raw/products.csv
1177,Product1177,sports,4140.5,,2026-02-17T06:33:28.351Z,file:///opt/spark-apps/data/raw/products.csv
1178,Product1178,books,3898.17,,2026-02-17T06:33:28.351Z,file:///opt/spark-apps/data/raw/products.csv
1179,Product1179,books,1924.85,,2026-02-17T06:33:28.351Z,file:///opt/spark-apps/data/raw/products.csv
1180,Product1180,clothing,3981.11,,2026-02-17T06:33:28.351Z,file:///opt/spark-apps/data/raw/products.csv
1181,Product1181,sports,4870.76,,2026-02-17T06:33:28.351Z,file:///opt/spark-apps/data/raw/products.csv
1182,Product1182,books,661.71,,2026-02-17T06:33:28.351Z,file:///opt/spark-apps/data/raw/products.csv
1183,Product1183,home,1896.95,,2026-02-17T06:33:28.351Z,file:///opt/spark-apps/data/raw/products.csv
1184,Product1184,clothing,3585.42,,2026-02-17T06:33:28.351Z,file:///opt/spark-apps/data/raw/products.csv
1185,Product1185,electronics,4772.42,,2026-02-17T06:33:28.351Z,file:///opt/spark-apps/data/raw/products.csv
1186,Product1186,electronics,3326.55,,2026-02-17T06:33:28.351Z,file:///opt/spark-apps/data/raw/products.csv
1187,Product1187,electronics,3570.25,,2026-02-17T06:33:28.351Z,file:///opt/spark-apps/data/raw/products.csv
1188,Product1188,books,1870.95,,2026-02-17T06:33:28.351Z,file:///opt/spark-apps/data/raw/products.csv
1189,Product1189,clothing,3985.07,,2026-02-17T06:33:28.351Z,file:///opt/spark-apps/data/raw/products.csv
1190,Product1190,books,2099.51,,2026-02-17T06:33:28.351Z,file:///opt/spark-apps/data/raw/products.csv
1191,Product1191,sports,702.5,,2026-02-17T06:33:28.351Z,file:///opt/spark-apps/data/raw/products.csv
1192,Product1192,clothing,1739.33,,2026-02-17T06:33:28.351Z,file:///opt/spark-apps/data/raw/products.csv
1193,Product1193,sports,117.96,,2026-02-17T06:33:28.351Z,file:///opt/spark-apps/data/raw/products.csv
1194,Product1194,clothing,1111.17,,2026-02-17T06:33:28.351Z,file:///opt/spark-apps/data/raw/products.csv
1195,Product1195,books,3269.67,,2026-02-17T06:33:28.351Z,file:///opt/spark-apps/data/raw/products.csv
1196,Product1196,electronics,4944.15,,2026-02-17T06:33:28.351Z,file:///opt/spark-apps/data/raw/products.csv
1197,Product1197,electronics,2510.46,,2026-02-17T06:33:28.351Z,file:///opt/spark-apps/data/raw/products.csv
1198,Product1198,sports,1597.0,,2026-02-17T06:33:28.351Z,file:///opt/spark-apps/data/raw/products.csv
1199,Product1199,electronics,3948.48,,2026-02-17T06:33:28.351Z,file:///opt/spark-apps/data/raw/products.csv
1200,Product1200,home,4376.39,,2026-02-17T06:33:28.351Z,file:///opt/spark-apps/data/raw/products.csv
1201,Product1201,home,3004.05,,2026-02-17T06:33:28.351Z,file:///opt/spark-apps/data/raw/products.csv
1202,Product1202,electronics,592.14,,2026-02-17T06:33:28.351Z,file:///opt/spark-apps/data/raw/products.csv
1203,Product1203,clothing,3613.48,,2026-02-17T06:33:28.351Z,file:///opt/spark-apps/data/raw/products.csv
1204,Product1204,sports,1398.33,,2026-02-17T06:33:28.351Z,file:///opt/spark-apps/data/raw/products.csv
1205,Product1205,electronics,2659.77,,2026-02-17T06:33:28.351Z,file:///opt/spark-apps/data/raw/products.csv
1206,Product1206,books,1671.02,,2026-02-17T06:33:28.351Z,file:///opt/spark-apps/data/raw/products.csv
1207,Product1207,home,3920.26,,2026-02-17T06:33:28.351Z,file:///opt/spark-apps/data/raw/products.csv
1208,Product1208,home,4084.94,,2026-02-17T06:33:28.351Z,file:///opt/spark-apps/data/raw/products.csv
1209,Product1209,clothing,2736.17,,2026-02-17T06:33:28.351Z,file:///opt/spark-apps/data/raw/products.csv
1210,Product1210,electronics,112.8,,2026-02-17T06:33:28.351Z,file:///opt/spark-apps/data/raw/products.csv
1211,Product1211,books,380.9,,2026-02-17T06:33:28.351Z,file:///opt/spark-apps/data/raw/products.csv
1212,Product1212,sports,1199.87,,2026-02-17T06:33:28.351Z,file:///opt/spark-apps/data/raw/products.csv
1213,Product1213,home,2486.48,,2026-02-17T06:33:28.351Z,file:///opt/spark-apps/data/raw/products.csv
1214,Product1214,electronics,694.34,,2026-02-17T06:33:28.351Z,file:///opt/spark-apps/data/raw/products.csv
1215,Product1215,sports,2859.99,,2026-02-17T06:33:28.351Z,file:///opt/spark-apps/data/raw/products.csv
1216,Product1216,books,3579.13,,2026-02-17T06:33:28.351Z,file:///opt/spark-apps/data/raw/products.csv
1217,Product1217,home,2679.18,,2026-02-17T06:33:28.351Z,file:///opt/spark-apps/data/raw/products.csv
1218,Product1218,home,3104.61,,2026-02-17T06:33:28.351Z,file:///opt/spark-apps/data/raw/products.csv
1219,Product1219,books,1143.21,,2026-02-17T06:33:28.351Z,file:///opt/spark-apps/data/raw/products.csv
1220,Product1220,clothing,4805.03,,2026-02-17T06:33:28.351Z,file:///opt/spark-apps/data/raw/products.csv
1221,Product1221,books,3356.53,,2026-02-17T06:33:28.351Z,file:///opt/spark-apps/data/raw/products.csv
1222,Product1222,clothing,1298.52,,2026-02-17T06:33:28.351Z,file:///opt/spark-apps/data/raw/products.csv
1223,Product1223,sports,3538.93,,2026-02-17T06:33:28.351Z,file:///opt/spark-apps/data/raw/products.csv
1224,Product1224,home,369.79,,2026-02-17T06:33:28.351Z,file:///opt/spark-apps/data/raw/products.csv
1225,Product1225,home,4195.71,,2026-02-17T06:33:28.351Z,file:///opt/spark-apps/data/raw/products.csv
1226,Product1226,home,2441.91,,2026-02-17T06:33:28.351Z,file:///opt/spark-apps/data/raw/products.csv
1227,Product1227,electronics,3208.38,,2026-02-17T06:33:28.351Z,file:///opt/spark-apps/data/raw/products.csv
1228,Product1228,sports,1561.05,,2026-02-17T06:33:28.351Z,file:///opt/spark-apps/data/raw/products.csv
1229,Product1229,home,2422.36,,2026-02-17T06:33:28.351Z,file:///opt/spark-apps/data/raw/products.csv
1230,Product1230,sports,1860.45,,2026-02-17T06:33:28.351Z,file:///opt/spark-apps/data/raw/products.csv
1231,Product1231,sports,1161.76,,2026-02-17T06:33:28.351Z,file:///opt/spark-apps/data/raw/products.csv
1232,Product1232,electronics,977.05,,2026-02-17T06:33:28.351Z,file:///opt/spark-apps/data/raw/products.csv
1233,Product1233,home,1796.73,,2026-02-17T06:33:28.351Z,file:///opt/spark-apps/data/raw/products.csv
1234,Product1234,sports,4675.69,,2026-02-17T06:33:28.351Z,file:///opt/spark-apps/data/raw/products.csv
1235,Product1235,electronics,63.35,,2026-02-17T06:33:28.351Z,file:///opt/spark-apps/data/raw/products.csv
1236,Product1236,sports,1437.28,,2026-02-17T06:33:28.351Z,file:///opt/spark-apps/data/raw/products.csv
1237,Product1237,electronics,3618.5,,2026-02-17T06:33:28.351Z,file:///opt/spark-apps/data/raw/products.csv
1238,Product1238,electronics,435.41,,2026-02-17T06:33:28.351Z,file:///opt/spark-apps/data/raw/products.csv
1239,Product1239,electronics,318.92,,2026-02-17T06:33:28.351Z,file:///opt/spark-apps/data/raw/products.csv
1240,Product1240,home,453.18,,2026-02-17T06:33:28.351Z,file:///opt/spark-apps/data/raw/products.csv
1241,Product1241,sports,1183.21,,2026-02-17T06:33:28.351Z,file:///opt/spark-apps/data/raw/products.csv
1242,Product1242,home,2968.91,,2026-02-17T06:33:28.351Z,file:///opt/spark-apps/data/raw/products.csv
1243,Product1243,clothing,487.28,,2026-02-17T06:33:28.351Z,file:///opt/spark-apps/data/raw/products.csv
1244,Product1244,home,1179.52,,2026-02-17T06:33:28.351Z,file:///opt/spark-apps/data/raw/products.csv
1245,Product1245,electronics,576.37,,2026-02-17T06:33:28.351Z,file:///opt/spark-apps/data/raw/products.csv
1246,Product1246,sports,503.98,,2026-02-17T06:33:28.351Z,file:///opt/spark-apps/data/raw/products.csv
1247,Product1247,sports,4602.57,,2026-02-17T06:33:28.351Z,file:///opt/spark-apps/data/raw/products.csv
1248,Product1248,sports,3025.81,,2026-02-17T06:33:28.351Z,file:///opt/spark-apps/data/raw/products.csv
1249,Product1249,sports,3056.26,,2026-02-17T06:33:28.351Z,file:///opt/spark-apps/data/raw/products.csv
1250,Product1250,sports,2001.15,,2026-02-17T06:33:28.351Z,file:///opt/spark-apps/data/raw/products.csv
1251,Product1251,electronics,1386.85,,2026-02-17T06:33:28.351Z,file:///opt/spark-apps/data/raw/products.csv
1252,Product1252,books,4711.96,,2026-02-17T06:33:28.351Z,file:///opt/spark-apps/data/raw/products.csv
1253,Product1253,electronics,2558.63,,2026-02-17T06:33:28.351Z,file:///opt/spark-apps/data/raw/products.csv
1254,Product1254,home,67.02,,2026-02-17T06:33:28.351Z,file:///opt/spark-apps/data/raw/products.csv
1255,Product1255,home,1115.51,,2026-02-17T06:33:28.351Z,file:///opt/spark-apps/data/raw/products.csv
1256,Product1256,electronics,3438.18,,2026-02-17T06:33:28.351Z,file:///opt/spark-apps/data/raw/products.csv
1257,Product1257,clothing,2761.95,,2026-02-17T06:33:28.351Z,file:///opt/spark-apps/data/raw/products.csv
1258,Product1258,home,1491.21,,2026-02-17T06:33:28.351Z,file:///opt/spark-apps/data/raw/products.csv
1259,Product1259,home,2986.97,,2026-02-17T06:33:28.351Z,file:///opt/spark-apps/data/raw/products.csv
1260,Product1260,electronics,2475.84,,2026-02-17T06:33:28.351Z,file:///opt/spark-apps/data/raw/products.csv
1261,Product1261,electronics,4913.76,,2026-02-17T06:33:28.351Z,file:///opt/spark-apps/data/raw/products.csv
1262,Product1262,electronics,1176.32,,2026-02-17T06:33:28.351Z,file:///opt/spark-apps/data/raw/products.csv
1263,Product1263,clothing,845.0,,2026-02-17T06:33:28.351Z,file:///opt/spark-apps/data/raw/products.csv
1264,Product1264,clothing,3010.21,,2026-02-17T06:33:28.351Z,file:///opt/spark-apps/data/raw/products.csv
1265,Product1265,electronics,4354.48,,2026-02-17T06:33:28.351Z,file:///opt/spark-apps/data/raw/products.csv
1266,Product1266,sports,1575.52,,2026-02-17T06:33:28.351Z,file:///opt/spark-apps/data/raw/products.csv
1267,Product1267,sports,2250.39,,2026-02-17T06:33:28.351Z,file:///opt/spark-apps/data/raw/products.csv
1268,Product1268,home,4467.37,,2026-02-17T06:33:28.351Z,file:///opt/spark-apps/data/raw/products.csv
1269,Product1269,books,4027.0,,2026-02-17T06:33:28.351Z,file:///opt/spark-apps/data/raw/products.csv
1270,Product1270,home,164.87,,2026-02-17T06:33:28.351Z,file:///opt/spark-apps/data/raw/products.csv
1271,Product1271,clothing,1640.46,,2026-02-17T06:33:28.351Z,file:///opt/spark-apps/data/raw/products.csv
1272,Product1272,electronics,1725.75,,2026-02-17T06:33:28.351Z,file:///opt/spark-apps/data/raw/products.csv
1273,Product1273,books,3908.51,,2026-02-17T06:33:28.351Z,file:///opt/spark-apps/data/raw/products.csv
1274,Product1274,home,371.35,,2026-02-17T06:33:28.351Z,file:///opt/spark-apps/data/raw/products.csv
1275,Product1275,books,2423.01,,2026-02-17T06:33:28.351Z,file:///opt/spark-apps/data/raw/products.csv
1276,Product1276,books,4638.23,,2026-02-17T06:33:28.351Z,file:///opt/spark-apps/data/raw/products.csv
1277,Product1277,clothing,79.97,,2026-02-17T06:33:28.351Z,file:///opt/spark-apps/data/raw/products.csv
1278,Product1278,clothing,1552.56,,2026-02-17T06:33:28.351Z,file:///opt/spark-apps/data/raw/products.csv
1279,Product1279,electronics,1066.13,,2026-02-17T06:33:28.351Z,file:///opt/spark-apps/data/raw/products.csv
1280,Product1280,clothing,703.74,,2026-02-17T06:33:28.351Z,file:///opt/spark-apps/data/raw/products.csv
1281,Product1281,home,1892.59,,2026-02-17T06:33:28.351Z,file:///opt/spark-apps/data/raw/products.csv
1282,Product1282,home,99.06,,2026-02-17T06:33:28.351Z,file:///opt/spark-apps/data/raw/products.csv
1283,Product1283,sports,3638.15,,2026-02-17T06:33:28.351Z,file:///opt/spark-apps/data/raw/products.csv
1284,Product1284,clothing,4782.97,,2026-02-17T06:33:28.351Z,file:///opt/spark-apps/data/raw/products.csv
1285,Product1285,home,3733.75,,2026-02-17T06:33:28.351Z,file:///opt/spark-apps/data/raw/products.csv
1286,Product1286,sports,655.69,,2026-02-17T06:33:28.351Z,file:///opt/spark-apps/data/raw/products.csv
1287,Product1287,clothing,4384.18,,2026-02-17T06:33:28.351Z,file:///opt/spark-apps/data/raw/products.csv
1288,Product1288,electronics,461.68,,2026-02-17T06:33:28.351Z,file:///opt/spark-apps/data/raw/products.csv
1289,Product1289,clothing,1275.23,,2026-02-17T06:33:28.351Z,file:///opt/spark-apps/data/raw/products.csv
1290,Product1290,electronics,3389.19,,2026-02-17T06:33:28.351Z,file:///opt/spark-apps/data/raw/products.csv
1291,Product1291,books,3946.5,,2026-02-17T06:33:28.351Z,file:///opt/spark-apps/data/raw/products.csv
1292,Product1292,clothing,548.91,,2026-02-17T06:33:28.351Z,file:///opt/spark-apps/data/raw/products.csv
1293,Product1293,books,1460.66,,2026-02-17T06:33:28.351Z,file:///opt/spark-apps/data/raw/products.csv
1294,Product1294,electronics,4728.57,,2026-02-17T06:33:28.351Z,file:///opt/spark-apps/data/raw/products.csv
1295,Product1295,home,4586.85,,2026-02-17T06:33:28.351Z,file:///opt/spark-apps/data/raw/products.csv
1296,Product1296,books,3540.22,,2026-02-17T06:33:28.351Z,file:///opt/spark-apps/data/raw/products.csv
1297,Product1297,books,1694.45,,2026-02-17T06:33:28.351Z,file:///opt/spark-apps/data/raw/products.csv
1298,Product1298,sports,4773.22,,2026-02-17T06:33:28.351Z,file:///opt/spark-apps/data/raw/products.csv
1299,Product1299,books,36.53,,2026-02-17T06:33:28.351Z,file:///opt/spark-apps/data/raw/products.csv
1300,Product1300,home,2206.6,,2026-02-17T06:33:28.351Z,file:///opt/spark-apps/data/raw/products.csv
1301,Product1301,electronics,4504.95,,2026-02-17T06:33:28.351Z,file:///opt/spark-apps/data/raw/products.csv
1302,Product1302,sports,2328.94,,2026-02-17T06:33:28.351Z,file:///opt/spark-apps/data/raw/products.csv
1303,Product1303,sports,3157.71,,2026-02-17T06:33:28.351Z,file:///opt/spark-apps/data/raw/products.csv
1304,Product1304,electronics,4961.7,,2026-02-17T06:33:28.351Z,file:///opt/spark-apps/data/raw/products.csv
1305,Product1305,home,1334.7,,2026-02-17T06:33:28.351Z,file:///opt/spark-apps/data/raw/products.csv
1306,Product1306,electronics,3274.16,,2026-02-17T06:33:28.351Z,file:///opt/spark-apps/data/raw/products.csv
1307,Product1307,sports,3743.69,,2026-02-17T06:33:28.351Z,file:///opt/spark-apps/data/raw/products.csv
1308,Product1308,books,732.71,,2026-02-17T06:33:28.351Z,file:///opt/spark-apps/data/raw/products.csv
1309,Product1309,sports,4853.16,,2026-02-17T06:33:28.351Z,file:///opt/spark-apps/data/raw/products.csv
1310,Product1310,home,3595.77,,2026-02-17T06:33:28.351Z,file:///opt/spark-apps/data/raw/products.csv
1311,Product1311,home,3795.32,,2026-02-17T06:33:28.351Z,file:///opt/spark-apps/data/raw/products.csv
1312,Product1312,books,3656.91,,2026-02-17T06:33:28.351Z,file:///opt/spark-apps/data/raw/products.csv
1313,Product1313,electronics,4041.45,,2026-02-17T06:33:28.351Z,file:///opt/spark-apps/data/raw/products.csv
1314,Product1314,electronics,4407.79,,2026-02-17T06:33:28.351Z,file:///opt/spark-apps/data/raw/products.csv
1315,Product1315,home,624.61,,2026-02-17T06:33:28.351Z,file:///opt/spark-apps/data/raw/products.csv
1316,Product1316,sports,3508.45,,2026-02-17T06:33:28.351Z,file:///opt/spark-apps/data/raw/products.csv
1317,Product1317,books,1368.71,,2026-02-17T06:33:28.351Z,file:///opt/spark-apps/data/raw/products.csv
1318,Product1318,books,2960.79,,2026-02-17T06:33:28.351Z,file:///opt/spark-apps/data/raw/products.csv
1319,Product1319,electronics,2930.51,,2026-02-17T06:33:28.351Z,file:///opt/spark-apps/data/raw/products.csv
1320,Product1320,electronics,2491.52,,2026-02-17T06:33:28.351Z,file:///opt/spark-apps/data/raw/products.csv
1321,Product1321,clothing,889.89,,2026-02-17T06:33:28.351Z,file:///opt/spark-apps/data/raw/products.csv
1322,Product1322,sports,4449.77,,2026-02-17T06:33:28.351Z,file:///opt/spark-apps/data/raw/products.csv
1323,Product1323,clothing,3817.94,,2026-02-17T06:33:28.351Z,file:///opt/spark-apps/data/raw/products.csv
1324,Product1324,home,1561.42,,2026-02-17T06:33:28.351Z,file:///opt/spark-apps/data/raw/products.csv
1325,Product1325,books,19.81,,2026-02-17T06:33:28.351Z,file:///opt/spark-apps/data/raw/products.csv
1326,Product1326,books,1052.25,,2026-02-17T06:33:28.351Z,file:///opt/spark-apps/data/raw/products.csv
1327,Product1327,electronics,2910.28,,2026-02-17T06:33:28.351Z,file:///opt/spark-apps/data/raw/products.csv
1328,Product1328,sports,211.18,,2026-02-17T06:33:28.351Z,file:///opt/spark-apps/data/raw/products.csv
1329,Product1329,clothing,4592.04,,2026-02-17T06:33:28.351Z,file:///opt/spark-apps/data/raw/products.csv
1330,Product1330,electronics,182.82,,2026-02-17T06:33:28.351Z,file:///opt/spark-apps/data/raw/products.csv
1331,Product1331,home,3839.85,,2026-02-17T06:33:28.351Z,file:///opt/spark-apps/data/raw/products.csv
1332,Product1332,home,4787.86,,2026-02-17T06:33:28.351Z,file:///opt/spark-apps/data/raw/products.csv
1333,Product1333,sports,1960.5,,2026-02-17T06:33:28.351Z,file:///opt/spark-apps/data/raw/products.csv
1334,Product1334,electronics,4527.63,,2026-02-17T06:33:28.351Z,file:///opt/spark-apps/data/raw/products.csv
1335,Product1335,clothing,3708.37,,2026-02-17T06:33:28.351Z,file:///opt/spark-apps/data/raw/products.csv
1336,Product1336,sports,2872.65,,2026-02-17T06:33:28.351Z,file:///opt/spark-apps/data/raw/products.csv
1337,Product1337,books,1493.7,,2026-02-17T06:33:28.351Z,file:///opt/spark-apps/data/raw/products.csv
1338,Product1338,electronics,1229.1,,2026-02-17T06:33:28.351Z,file:///opt/spark-apps/data/raw/products.csv
1339,Product1339,electronics,1720.83,,2026-02-17T06:33:28.351Z,file:///opt/spark-apps/data/raw/products.csv
1340,Product1340,home,1725.84,,2026-02-17T06:33:28.351Z,file:///opt/spark-apps/data/raw/products.csv
1341,Product1341,electronics,598.85,,2026-02-17T06:33:28.351Z,file:///opt/spark-apps/data/raw/products.csv
1342,Product1342,clothing,3468.52,,2026-02-17T06:33:28.351Z,file:///opt/spark-apps/data/raw/products.csv
1343,Product1343,clothing,507.16,,2026-02-17T06:33:28.351Z,file:///opt/spark-apps/data/raw/products.csv
1344,Product1344,home,4613.25,,2026-02-17T06:33:28.351Z,file:///opt/spark-apps/data/raw/products.csv
1345,Product1345,electronics,4193.0,,2026-02-17T06:33:28.351Z,file:///opt/spark-apps/data/raw/products.csv
1346,Product1346,clothing,180.3,,2026-02-17T06:33:28.351Z,file:///opt/spark-apps/data/raw/products.csv
1347,Product1347,sports,4227.48,,2026-02-17T06:33:28.351Z,file:///opt/spark-apps/data/raw/products.csv
1348,Product1348,books,4022.43,,2026-02-17T06:33:28.351Z,file:///opt/spark-apps/data/raw/products.csv
1349,Product1349,electronics,3817.31,,2026-02-17T06:33:28.351Z,file:///opt/spark-apps/data/raw/products.csv
1350,Product1350,home,3022.52,,2026-02-17T06:33:28.351Z,file:///opt/spark-apps/data/raw/products.csv
1351,Product1351,clothing,36.53,,2026-02-17T06:33:28.351Z,file:///opt/spark-apps/data/raw/products.csv
1352,Product1352,books,3833.51,,2026-02-17T06:33:28.351Z,file:///opt/spark-apps/data/raw/products.csv
1353,Product1353,sports,1263.08,,2026-02-17T06:33:28.351Z,file:///opt/spark-apps/data/raw/products.csv
1354,Product1354,books,478.65,,2026-02-17T06:33:28.351Z,file:///opt/spark-apps/data/raw/products.csv
1355,Product1355,sports,1450.04,,2026-02-17T06:33:28.351Z,file:///opt/spark-apps/data/raw/products.csv
1356,Product1356,electronics,108.89,,2026-02-17T06:33:28.351Z,file:///opt/spark-apps/data/raw/products.csv
1357,Product1357,home,774.74,,2026-02-17T06:33:28.351Z,file:///opt/spark-apps/data/raw/products.csv
1358,Product1358,clothing,4343.86,,2026-02-17T06:33:28.351Z,file:///opt/spark-apps/data/raw/products.csv
1359,Product1359,electronics,4810.18,,2026-02-17T06:33:28.351Z,file:///opt/spark-apps/data/raw/products.csv
1360,Product1360,electronics,955.09,,2026-02-17T06:33:28.351Z,file:///opt/spark-apps/data/raw/products.csv
1361,Product1361,home,3464.53,,2026-02-17T06:33:28.351Z,file:///opt/spark-apps/data/raw/products.csv
1362,Product1362,books,4593.99,,2026-02-17T06:33:28.351Z,file:///opt/spark-apps/data/raw/products.csv
1363,Product1363,sports,2859.04,,2026-02-17T06:33:28.351Z,file:///opt/spark-apps/data/raw/products.csv
1364,Product1364,sports,3370.45,,2026-02-17T06:33:28.351Z,file:///opt/spark-apps/data/raw/products.csv
1365,Product1365,home,2795.22,,2026-02-17T06:33:28.351Z,file:///opt/spark-apps/data/raw/products.csv
1366,Product1366,books,4713.8,,2026-02-17T06:33:28.351Z,file:///opt/spark-apps/data/raw/products.csv
1367,Product1367,sports,1739.07,,2026-02-17T06:33:28.351Z,file:///opt/spark-apps/data/raw/products.csv
1368,Product1368,clothing,1803.36,,2026-02-17T06:33:28.351Z,file:///opt/spark-apps/data/raw/products.csv
1369,Product1369,home,3022.62,,2026-02-17T06:33:28.351Z,file:///opt/spark-apps/data/raw/products.csv
1370,Product1370,electronics,4731.85,,2026-02-17T06:33:28.351Z,file:///opt/spark-apps/data/raw/products.csv
1371,Product1371,books,4790.58,,2026-02-17T06:33:28.351Z,file:///opt/spark-apps/data/raw/products.csv
1372,Product1372,electronics,4034.78,,2026-02-17T06:33:28.351Z,file:///opt/spark-apps/data/raw/products.csv
1373,Product1373,electronics,1316.49,,2026-02-17T06:33:28.351Z,file:///opt/spark-apps/data/raw/products.csv
1374,Product1374,home,3913.4,,2026-02-17T06:33:28.351Z,file:///opt/spark-apps/data/raw/products.csv
1375,Product1375,electronics,4899.67,,2026-02-17T06:33:28.351Z,file:///opt/spark-apps/data/raw/products.csv
1376,Product1376,clothing,623.45,,2026-02-17T06:33:28.351Z,file:///opt/spark-apps/data/raw/products.csv
1377,Product1377,home,1500.57,,2026-02-17T06:33:28.351Z,file:///opt/spark-apps/data/raw/products.csv
1378,Product1378,electronics,823.49,,2026-02-17T06:33:28.351Z,file:///opt/spark-apps/data/raw/products.csv
1379,Product1379,electronics,2527.75,,2026-02-17T06:33:28.351Z,file:///opt/spark-apps/data/raw/products.csv
1380,Product1380,books,978.16,,2026-02-17T06:33:28.351Z,file:///opt/spark-apps/data/raw/products.csv
1381,Product1381,clothing,2544.54,,2026-02-17T06:33:28.351Z,file:///opt/spark-apps/data/raw/products.csv
1382,Product1382,home,3685.19,,2026-02-17T06:33:28.351Z,file:///opt/spark-apps/data/raw/products.csv
1383,Product1383,home,4917.88,,2026-02-17T06:33:28.351Z,file:///opt/spark-apps/data/raw/products.csv
1384,Product1384,sports,2439.07,,2026-02-17T06:33:28.351Z,file:///opt/spark-apps/data/raw/products.csv
1385,Product1385,home,282.04,,2026-02-17T06:33:28.351Z,file:///opt/spark-apps/data/raw/products.csv
1386,Product1386,books,4426.78,,2026-02-17T06:33:28.351Z,file:///opt/spark-apps/data/raw/products.csv
1387,Product1387,clothing,1859.78,,2026-02-17T06:33:28.351Z,file:///opt/spark-apps/data/raw/products.csv
1388,Product1388,sports,2673.58,,2026-02-17T06:33:28.351Z,file:///opt/spark-apps/data/raw/products.csv
1389,Product1389,sports,1397.11,,2026-02-17T06:33:28.351Z,file:///opt/spark-apps/data/raw/products.csv
1390,Product1390,sports,249.65,,2026-02-17T06:33:28.351Z,file:///opt/spark-apps/data/raw/products.csv
1391,Product1391,sports,3802.72,,2026-02-17T06:33:28.351Z,file:///opt/spark-apps/data/raw/products.csv
1392,Product1392,electronics,1090.4,,2026-02-17T06:33:28.351Z,file:///opt/spark-apps/data/raw/products.csv
1393,Product1393,electronics,1559.67,,2026-02-17T06:33:28.351Z,file:///opt/spark-apps/data/raw/products.csv
1394,Product1394,sports,4544.38,,2026-02-17T06:33:28.351Z,file:///opt/spark-apps/data/raw/products.csv
1395,Product1395,home,4254.19,,2026-02-17T06:33:28.351Z,file:///opt/spark-apps/data/raw/products.csv
1396,Product1396,home,1006.28,,2026-02-17T06:33:28.351Z,file:///opt/spark-apps/data/raw/products.csv
1397,Product1397,books,210.74,,2026-02-17T06:33:28.351Z,file:///opt/spark-apps/data/raw/products.csv
1398,Product1398,books,3501.21,,2026-02-17T06:33:28.351Z,file:///opt/spark-apps/data/raw/products.csv
1399,Product1399,clothing,694.9,,2026-02-17T06:33:28.351Z,file:///opt/spark-apps/data/raw/products.csv
1400,Product1400,electronics,2358.61,,2026-02-17T06:33:28.351Z,file:///opt/spark-apps/data/raw/products.csv
1401,Product1401,books,3844.54,,2026-02-17T06:33:28.351Z,file:///opt/spark-apps/data/raw/products.csv
1402,Product1402,books,1551.69,,2026-02-17T06:33:28.351Z,file:///opt/spark-apps/data/raw/products.csv
1403,Product1403,home,1811.27,,2026-02-17T06:33:28.351Z,file:///opt/spark-apps/data/raw/products.csv
1404,Product1404,home,225.5,,2026-02-17T06:33:28.351Z,file:///opt/spark-apps/data/raw/products.csv
1405,Product1405,electronics,2110.82,,2026-02-17T06:33:28.351Z,file:///opt/spark-apps/data/raw/products.csv
1406,Product1406,sports,1503.93,,2026-02-17T06:33:28.351Z,file:///opt/spark-apps/data/raw/products.csv
1407,Product1407,clothing,3025.38,,2026-02-17T06:33:28.351Z,file:///opt/spark-apps/data/raw/products.csv
1408,Product1408,home,3907.78,,2026-02-17T06:33:28.351Z,file:///opt/spark-apps/data/raw/products.csv
1409,Product1409,clothing,265.41,,2026-02-17T06:33:28.351Z,file:///opt/spark-apps/data/raw/products.csv
1410,Product1410,electronics,201.17,,2026-02-17T06:33:28.351Z,file:///opt/spark-apps/data/raw/products.csv
1411,Product1411,clothing,4648.52,,2026-02-17T06:33:28.351Z,file:///opt/spark-apps/data/raw/products.csv
1412,Product1412,electronics,3364.74,,2026-02-17T06:33:28.351Z,file:///opt/spark-apps/data/raw/products.csv
1413,Product1413,electronics,1298.53,,2026-02-17T06:33:28.351Z,file:///opt/spark-apps/data/raw/products.csv
1414,Product1414,electronics,3290.96,,2026-02-17T06:33:28.351Z,file:///opt/spark-apps/data/raw/products.csv
1415,Product1415,sports,555.96,,2026-02-17T06:33:28.351Z,file:///opt/spark-apps/data/raw/products.csv
1416,Product1416,clothing,1733.85,,2026-02-17T06:33:28.351Z,file:///opt/spark-apps/data/raw/products.csv
1417,Product1417,home,1493.32,,2026-02-17T06:33:28.351Z,file:///opt/spark-apps/data/raw/products.csv
1418,Product1418,books,1567.4,,2026-02-17T06:33:28.351Z,file:///opt/spark-apps/data/raw/products.csv
1419,Product1419,electronics,938.18,,2026-02-17T06:33:28.351Z,file:///opt/spark-apps/data/raw/products.csv
1420,Product1420,sports,1395.21,,2026-02-17T06:33:28.351Z,file:///opt/spark-apps/data/raw/products.csv
1421,Product1421,books,1848.25,,2026-02-17T06:33:28.351Z,file:///opt/spark-apps/data/raw/products.csv
1422,Product1422,electronics,1953.66,,2026-02-17T06:33:28.351Z,file:///opt/spark-apps/data/raw/products.csv
1423,Product1423,home,3499.59,,2026-02-17T06:33:28.351Z,file:///opt/spark-apps/data/raw/products.csv
1424,Product1424,electronics,4503.37,,2026-02-17T06:33:28.351Z,file:///opt/spark-apps/data/raw/products.csv
1425,Product1425,books,1158.15,,2026-02-17T06:33:28.351Z,file:///opt/spark-apps/data/raw/products.csv
1426,Product1426,clothing,4378.64,,2026-02-17T06:33:28.351Z,file:///opt/spark-apps/data/raw/products.csv
1427,Product1427,home,40.62,,2026-02-17T06:33:28.351Z,file:///opt/spark-apps/data/raw/products.csv
1428,Product1428,books,1157.39,,2026-02-17T06:33:28.351Z,file:///opt/spark-apps/data/raw/products.csv
1429,Product1429,clothing,1261.51,,2026-02-17T06:33:28.351Z,file:///opt/spark-apps/data/raw/products.csv
1430,Product1430,home,3814.2,,2026-02-17T06:33:28.351Z,file:///opt/spark-apps/data/raw/products.csv
1431,Product1431,sports,2585.56,,2026-02-17T06:33:28.351Z,file:///opt/spark-apps/data/raw/products.csv
1432,Product1432,sports,3687.16,,2026-02-17T06:33:28.351Z,file:///opt/spark-apps/data/raw/products.csv
1433,Product1433,books,279.28,,2026-02-17T06:33:28.351Z,file:///opt/spark-apps/data/raw/products.csv
1434,Product1434,electronics,1022.89,,2026-02-17T06:33:28.351Z,file:///opt/spark-apps/data/raw/products.csv
1435,Product1435,home,2524.13,,2026-02-17T06:33:28.351Z,file:///opt/spark-apps/data/raw/products.csv
1436,Product1436,books,487.32,,2026-02-17T06:33:28.351Z,file:///opt/spark-apps/data/raw/products.csv
1437,Product1437,books,862.74,,2026-02-17T06:33:28.351Z,file:///opt/spark-apps/data/raw/products.csv
1438,Product1438,books,228.21,,2026-02-17T06:33:28.351Z,file:///opt/spark-apps/data/raw/products.csv
1439,Product1439,home,441.57,,2026-02-17T06:33:28.351Z,file:///opt/spark-apps/data/raw/products.csv
1440,Product1440,electronics,1770.33,,2026-02-17T06:33:28.351Z,file:///opt/spark-apps/data/raw/products.csv
1441,Product1441,clothing,1431.25,,2026-02-17T06:33:28.351Z,file:///opt/spark-apps/data/raw/products.csv
1442,Product1442,electronics,4200.53,,2026-02-17T06:33:28.351Z,file:///opt/spark-apps/data/raw/products.csv
1443,Product1443,books,1254.57,,2026-02-17T06:33:28.351Z,file:///opt/spark-apps/data/raw/products.csv
1444,Product1444,sports,926.08,,2026-02-17T06:33:28.351Z,file:///opt/spark-apps/data/raw/products.csv
1445,Product1445,electronics,1624.34,,2026-02-17T06:33:28.351Z,file:///opt/spark-apps/data/raw/products.csv
1446,Product1446,clothing,4630.27,,2026-02-17T06:33:28.351Z,file:///opt/spark-apps/data/raw/products.csv
1447,Product1447,books,3677.66,,2026-02-17T06:33:28.351Z,file:///opt/spark-apps/data/raw/products.csv
1448,Product1448,electronics,2538.73,,2026-02-17T06:33:28.351Z,file:///opt/spark-apps/data/raw/products.csv
1449,Product1449,electronics,2235.89,,2026-02-17T06:33:28.351Z,file:///opt/spark-apps/data/raw/products.csv
1450,Product1450,sports,694.54,,2026-02-17T06:33:28.351Z,file:///opt/spark-apps/data/raw/products.csv
1451,Product1451,books,284.3,,2026-02-17T06:33:28.351Z,file:///opt/spark-apps/data/raw/products.csv
1452,Product1452,home,1269.91,,2026-02-17T06:33:28.351Z,file:///opt/spark-apps/data/raw/products.csv
1453,Product1453,home,331.9,,2026-02-17T06:33:28.351Z,file:///opt/spark-apps/data/raw/products.csv
1454,Product1454,sports,2866.63,,2026-02-17T06:33:28.351Z,file:///opt/spark-apps/data/raw/products.csv
1455,Product1455,clothing,2460.04,,2026-02-17T06:33:28.351Z,file:///opt/spark-apps/data/raw/products.csv
1456,Product1456,electronics,3215.38,,2026-02-17T06:33:28.351Z,file:///opt/spark-apps/data/raw/products.csv
1457,Product1457,electronics,2525.87,,2026-02-17T06:33:28.351Z,file:///opt/spark-apps/data/raw/products.csv
1458,Product1458,electronics,1919.99,,2026-02-17T06:33:28.351Z,file:///opt/spark-apps/data/raw/products.csv
1459,Product1459,electronics,4573.16,,2026-02-17T06:33:28.351Z,file:///opt/spark-apps/data/raw/products.csv
1460,Product1460,books,2064.89,,2026-02-17T06:33:28.351Z,file:///opt/spark-apps/data/raw/products.csv
1461,Product1461,home,853.69,,2026-02-17T06:33:28.351Z,file:///opt/spark-apps/data/raw/products.csv
1462,Product1462,clothing,778.99,,2026-02-17T06:33:28.351Z,file:///opt/spark-apps/data/raw/products.csv
1463,Product1463,clothing,1063.43,,2026-02-17T06:33:28.351Z,file:///opt/spark-apps/data/raw/products.csv
1464,Product1464,clothing,1901.65,,2026-02-17T06:33:28.351Z,file:///opt/spark-apps/data/raw/products.csv
1465,Product1465,electronics,2427.86,,2026-02-17T06:33:28.351Z,file:///opt/spark-apps/data/raw/products.csv
1466,Product1466,books,3285.81,,2026-02-17T06:33:28.351Z,file:///opt/spark-apps/data/raw/products.csv
1467,Product1467,home,3022.7,,2026-02-17T06:33:28.351Z,file:///opt/spark-apps/data/raw/products.csv
1468,Product1468,sports,4822.04,,2026-02-17T06:33:28.351Z,file:///opt/spark-apps/data/raw/products.csv
1469,Product1469,home,4710.21,,2026-02-17T06:33:28.351Z,file:///opt/spark-apps/data/raw/products.csv
1470,Product1470,books,2189.43,,2026-02-17T06:33:28.351Z,file:///opt/spark-apps/data/raw/products.csv
1471,Product1471,sports,463.42,,2026-02-17T06:33:28.351Z,file:///opt/spark-apps/data/raw/products.csv
1472,Product1472,books,1465.02,,2026-02-17T06:33:28.351Z,file:///opt/spark-apps/data/raw/products.csv
1473,Product1473,books,2420.94,,2026-02-17T06:33:28.351Z,file:///opt/spark-apps/data/raw/products.csv
1474,Product1474,sports,3796.83,,2026-02-17T06:33:28.351Z,file:///opt/spark-apps/data/raw/products.csv
1475,Product1475,clothing,1171.99,,2026-02-17T06:33:28.351Z,file:///opt/spark-apps/data/raw/products.csv
1476,Product1476,clothing,2135.48,,2026-02-17T06:33:28.351Z,file:///opt/spark-apps/data/raw/products.csv
1477,Product1477,books,374.6,,2026-02-17T06:33:28.351Z,file:///opt/spark-apps/data/raw/products.csv
1478,Product1478,books,3590.26,,2026-02-17T06:33:28.351Z,file:///opt/spark-apps/data/raw/products.csv
1479,Product1479,clothing,636.07,,2026-02-17T06:33:28.351Z,file:///opt/spark-apps/data/raw/products.csv
1480,Product1480,books,26.26,,2026-02-17T06:33:28.351Z,file:///opt/spark-apps/data/raw/products.csv
1481,Product1481,sports,4087.39,,2026-02-17T06:33:28.351Z,file:///opt/spark-apps/data/raw/products.csv
1482,Product1482,home,1743.17,,2026-02-17T06:33:28.351Z,file:///opt/spark-apps/data/raw/products.csv
1483,Product1483,books,4017.84,,2026-02-17T06:33:28.351Z,file:///opt/spark-apps/data/raw/products.csv
1484,Product1484,sports,377.75,,2026-02-17T06:33:28.351Z,file:///opt/spark-apps/data/raw/products.csv
1485,Product1485,clothing,3369.98,,2026-02-17T06:33:28.351Z,file:///opt/spark-apps/data/raw/products.csv
1486,Product1486,electronics,376.06,,2026-02-17T06:33:28.351Z,file:///opt/spark-apps/data/raw/products.csv
1487,Product1487,books,2766.01,,2026-02-17T06:33:28.351Z,file:///opt/spark-apps/data/raw/products.csv
1488,Product1488,books,4059.47,,2026-02-17T06:33:28.351Z,file:///opt/spark-apps/data/raw/products.csv
1489,Product1489,books,150.0,,2026-02-17T06:33:28.351Z,file:///opt/spark-apps/data/raw/products.csv
1490,Product1490,electronics,1213.77,,2026-02-17T06:33:28.351Z,file:///opt/spark-apps/data/raw/products.csv
1491,Product1491,home,2333.66,,2026-02-17T06:33:28.351Z,file:///opt/spark-apps/data/raw/products.csv
1492,Product1492,sports,2980.34,,2026-02-17T06:33:28.351Z,file:///opt/spark-apps/data/raw/products.csv
1493,Product1493,home,4798.67,,2026-02-17T06:33:28.351Z,file:///opt/spark-apps/data/raw/products.csv
1494,Product1494,electronics,3924.37,,2026-02-17T06:33:28.351Z,file:///opt/spark-apps/data/raw/products.csv
1495,Product1495,electronics,987.56,,2026-02-17T06:33:28.351Z,file:///opt/spark-apps/data/raw/products.csv
1496,Product1496,clothing,4104.39,,2026-02-17T06:33:28.351Z,file:///opt/spark-apps/data/raw/products.csv
1497,Product1497,sports,1003.25,,2026-02-17T06:33:28.351Z,file:///opt/spark-apps/data/raw/products.csv
1498,Product1498,clothing,978.68,,2026-02-17T06:33:28.351Z,file:///opt/spark-apps/data/raw/products.csv
1499,Product1499,clothing,3815.52,,2026-02-17T06:33:28.351Z,file:///opt/spark-apps/data/raw/products.csv
1500,Product1500,books,1322.65,,2026-02-17T06:33:28.351Z,file:///opt/spark-apps/data/raw/products.csv
1501,Product1501,clothing,3236.48,,2026-02-17T06:33:28.351Z,file:///opt/spark-apps/data/raw/products.csv
1502,Product1502,electronics,4573.68,,2026-02-17T06:33:28.351Z,file:///opt/spark-apps/data/raw/products.csv
1503,Product1503,sports,2109.61,,2026-02-17T06:33:28.351Z,file:///opt/spark-apps/data/raw/products.csv
1504,Product1504,clothing,4297.98,,2026-02-17T06:33:28.351Z,file:///opt/spark-apps/data/raw/products.csv
1505,Product1505,books,3774.63,,2026-02-17T06:33:28.351Z,file:///opt/spark-apps/data/raw/products.csv
1506,Product1506,electronics,2950.44,,2026-02-17T06:33:28.351Z,file:///opt/spark-apps/data/raw/products.csv
1507,Product1507,sports,2478.23,,2026-02-17T06:33:28.351Z,file:///opt/spark-apps/data/raw/products.csv
1508,Product1508,electronics,4471.89,,2026-02-17T06:33:28.351Z,file:///opt/spark-apps/data/raw/products.csv
1509,Product1509,books,724.06,,2026-02-17T06:33:28.351Z,file:///opt/spark-apps/data/raw/products.csv
1510,Product1510,clothing,2473.42,,2026-02-17T06:33:28.351Z,file:///opt/spark-apps/data/raw/products.csv
1511,Product1511,home,1409.12,,2026-02-17T06:33:28.351Z,file:///opt/spark-apps/data/raw/products.csv
1512,Product1512,books,3882.3,,2026-02-17T06:33:28.351Z,file:///opt/spark-apps/data/raw/products.csv
1513,Product1513,clothing,1753.86,,2026-02-17T06:33:28.351Z,file:///opt/spark-apps/data/raw/products.csv
1514,Product1514,electronics,4994.03,,2026-02-17T06:33:28.351Z,file:///opt/spark-apps/data/raw/products.csv
1515,Product1515,clothing,2571.06,,2026-02-17T06:33:28.351Z,file:///opt/spark-apps/data/raw/products.csv
1516,Product1516,electronics,100.4,,2026-02-17T06:33:28.351Z,file:///opt/spark-apps/data/raw/products.csv
1517,Product1517,books,4938.93,,2026-02-17T06:33:28.351Z,file:///opt/spark-apps/data/raw/products.csv
1518,Product1518,books,4255.89,,2026-02-17T06:33:28.351Z,file:///opt/spark-apps/data/raw/products.csv
1519,Product1519,home,77.22,,2026-02-17T06:33:28.351Z,file:///opt/spark-apps/data/raw/products.csv
1520,Product1520,home,1252.11,,2026-02-17T06:33:28.351Z,file:///opt/spark-apps/data/raw/products.csv
1521,Product1521,electronics,1011.64,,2026-02-17T06:33:28.351Z,file:///opt/spark-apps/data/raw/products.csv
1522,Product1522,home,2621.91,,2026-02-17T06:33:28.351Z,file:///opt/spark-apps/data/raw/products.csv
1523,Product1523,books,771.19,,2026-02-17T06:33:28.351Z,file:///opt/spark-apps/data/raw/products.csv
1524,Product1524,sports,1651.63,,2026-02-17T06:33:28.351Z,file:///opt/spark-apps/data/raw/products.csv
1525,Product1525,books,1052.1,,2026-02-17T06:33:28.351Z,file:///opt/spark-apps/data/raw/products.csv
1526,Product1526,clothing,1955.17,,2026-02-17T06:33:28.351Z,file:///opt/spark-apps/data/raw/products.csv
1527,Product1527,electronics,1422.59,,2026-02-17T06:33:28.351Z,file:///opt/spark-apps/data/raw/products.csv
1528,Product1528,books,73.99,,2026-02-17T06:33:28.351Z,file:///opt/spark-apps/data/raw/products.csv
1529,Product1529,electronics,3451.89,,2026-02-17T06:33:28.351Z,file:///opt/spark-apps/data/raw/products.csv
1530,Product1530,clothing,1090.41,,2026-02-17T06:33:28.351Z,file:///opt/spark-apps/data/raw/products.csv
1531,Product1531,books,1875.66,,2026-02-17T06:33:28.351Z,file:///opt/spark-apps/data/raw/products.csv
1532,Product1532,books,3092.91,,2026-02-17T06:33:28.351Z,file:///opt/spark-apps/data/raw/products.csv
1533,Product1533,clothing,1271.08,,2026-02-17T06:33:28.351Z,file:///opt/spark-apps/data/raw/products.csv
1534,Product1534,sports,1897.56,,2026-02-17T06:33:28.351Z,file:///opt/spark-apps/data/raw/products.csv
1535,Product1535,electronics,3644.28,,2026-02-17T06:33:28.351Z,file:///opt/spark-apps/data/raw/products.csv
1536,Product1536,sports,2072.33,,2026-02-17T06:33:28.351Z,file:///opt/spark-apps/data/raw/products.csv
1537,Product1537,electronics,1759.03,,2026-02-17T06:33:28.351Z,file:///opt/spark-apps/data/raw/products.csv
1538,Product1538,electronics,1815.18,,2026-02-17T06:33:28.351Z,file:///opt/spark-apps/data/raw/products.csv
1539,Product1539,books,2405.11,,2026-02-17T06:33:28.351Z,file:///opt/spark-apps/data/raw/products.csv
1540,Product1540,books,2336.64,,2026-02-17T06:33:28.351Z,file:///opt/spark-apps/data/raw/products.csv
1541,Product1541,electronics,3803.89,,2026-02-17T06:33:28.351Z,file:///opt/spark-apps/data/raw/products.csv
1542,Product1542,books,4868.17,,2026-02-17T06:33:28.351Z,file:///opt/spark-apps/data/raw/products.csv
1543,Product1543,sports,3439.96,,2026-02-17T06:33:28.351Z,file:///opt/spark-apps/data/raw/products.csv
1544,Product1544,home,4719.75,,2026-02-17T06:33:28.351Z,file:///opt/spark-apps/data/raw/products.csv
1545,Product1545,home,753.7,,2026-02-17T06:33:28.351Z,file:///opt/spark-apps/data/raw/products.csv
1546,Product1546,sports,642.81,,2026-02-17T06:33:28.351Z,file:///opt/spark-apps/data/raw/products.csv
1547,Product1547,home,676.27,,2026-02-17T06:33:28.351Z,file:///opt/spark-apps/data/raw/products.csv
1548,Product1548,home,4469.18,,2026-02-17T06:33:28.351Z,file:///opt/spark-apps/data/raw/products.csv
1549,Product1549,sports,1859.05,,2026-02-17T06:33:28.351Z,file:///opt/spark-apps/data/raw/products.csv
1550,Product1550,clothing,1889.17,,2026-02-17T06:33:28.351Z,file:///opt/spark-apps/data/raw/products.csv
1551,Product1551,sports,3700.02,,2026-02-17T06:33:28.351Z,file:///opt/spark-apps/data/raw/products.csv
1552,Product1552,electronics,1096.48,,2026-02-17T06:33:28.351Z,file:///opt/spark-apps/data/raw/products.csv
1553,Product1553,sports,662.98,,2026-02-17T06:33:28.351Z,file:///opt/spark-apps/data/raw/products.csv
1554,Product1554,clothing,3643.11,,2026-02-17T06:33:28.351Z,file:///opt/spark-apps/data/raw/products.csv
1555,Product1555,books,1648.62,,2026-02-17T06:33:28.351Z,file:///opt/spark-apps/data/raw/products.csv
1556,Product1556,home,3911.56,,2026-02-17T06:33:28.351Z,file:///opt/spark-apps/data/raw/products.csv
1557,Product1557,electronics,1893.99,,2026-02-17T06:33:28.351Z,file:///opt/spark-apps/data/raw/products.csv
1558,Product1558,books,591.98,,2026-02-17T06:33:28.351Z,file:///opt/spark-apps/data/raw/products.csv
1559,Product1559,clothing,1120.27,,2026-02-17T06:33:28.351Z,file:///opt/spark-apps/data/raw/products.csv
1560,Product1560,clothing,447.27,,2026-02-17T06:33:28.351Z,file:///opt/spark-apps/data/raw/products.csv
1561,Product1561,home,4279.57,,2026-02-17T06:33:28.351Z,file:///opt/spark-apps/data/raw/products.csv
1562,Product1562,electronics,4950.43,,2026-02-17T06:33:28.351Z,file:///opt/spark-apps/data/raw/products.csv
1563,Product1563,electronics,398.2,,2026-02-17T06:33:28.351Z,file:///opt/spark-apps/data/raw/products.csv
1564,Product1564,clothing,455.38,,2026-02-17T06:33:28.351Z,file:///opt/spark-apps/data/raw/products.csv
1565,Product1565,home,1563.76,,2026-02-17T06:33:28.351Z,file:///opt/spark-apps/data/raw/products.csv
1566,Product1566,electronics,1600.06,,2026-02-17T06:33:28.351Z,file:///opt/spark-apps/data/raw/products.csv
1567,Product1567,home,3354.06,,2026-02-17T06:33:28.351Z,file:///opt/spark-apps/data/raw/products.csv
1568,Product1568,sports,4710.39,,2026-02-17T06:33:28.351Z,file:///opt/spark-apps/data/raw/products.csv
1569,Product1569,clothing,3023.76,,2026-02-17T06:33:28.351Z,file:///opt/spark-apps/data/raw/products.csv
1570,Product1570,sports,764.39,,2026-02-17T06:33:28.351Z,file:///opt/spark-apps/data/raw/products.csv
1571,Product1571,clothing,3077.07,,2026-02-17T06:33:28.351Z,file:///opt/spark-apps/data/raw/products.csv
1572,Product1572,electronics,3959.87,,2026-02-17T06:33:28.351Z,file:///opt/spark-apps/data/raw/products.csv
1573,Product1573,books,1122.76,,2026-02-17T06:33:28.351Z,file:///opt/spark-apps/data/raw/products.csv
1574,Product1574,electronics,4293.08,,2026-02-17T06:33:28.351Z,file:///opt/spark-apps/data/raw/products.csv
1575,Product1575,sports,4888.76,,2026-02-17T06:33:28.351Z,file:///opt/spark-apps/data/raw/products.csv
1576,Product1576,home,1277.51,,2026-02-17T06:33:28.351Z,file:///opt/spark-apps/data/raw/products.csv
1577,Product1577,electronics,70.71,,2026-02-17T06:33:28.351Z,file:///opt/spark-apps/data/raw/products.csv
1578,Product1578,home,3611.8,,2026-02-17T06:33:28.351Z,file:///opt/spark-apps/data/raw/products.csv
1579,Product1579,clothing,1330.12,,2026-02-17T06:33:28.351Z,file:///opt/spark-apps/data/raw/products.csv
1580,Product1580,sports,3383.47,,2026-02-17T06:33:28.351Z,file:///opt/spark-apps/data/raw/products.csv
1581,Product1581,sports,1014.77,,2026-02-17T06:33:28.351Z,file:///opt/spark-apps/data/raw/products.csv
1582,Product1582,home,2506.28,,2026-02-17T06:33:28.351Z,file:///opt/spark-apps/data/raw/products.csv
1583,Product1583,sports,1583.25,,2026-02-17T06:33:28.351Z,file:///opt/spark-apps/data/raw/products.csv
1584,Product1584,electronics,2167.17,,2026-02-17T06:33:28.351Z,file:///opt/spark-apps/data/raw/products.csv
1585,Product1585,electronics,24.27,,2026-02-17T06:33:28.351Z,file:///opt/spark-apps/data/raw/products.csv
1586,Product1586,clothing,4132.39,,2026-02-17T06:33:28.351Z,file:///opt/spark-apps/data/raw/products.csv
1587,Product1587,sports,424.06,,2026-02-17T06:33:28.351Z,file:///opt/spark-apps/data/raw/products.csv
1588,Product1588,clothing,173.96,,2026-02-17T06:33:28.351Z,file:///opt/spark-apps/data/raw/products.csv
1589,Product1589,clothing,1276.56,,2026-02-17T06:33:28.351Z,file:///opt/spark-apps/data/raw/products.csv
1590,Product1590,home,99.29,,2026-02-17T06:33:28.351Z,file:///opt/spark-apps/data/raw/products.csv
1591,Product1591,home,2602.08,,2026-02-17T06:33:28.351Z,file:///opt/spark-apps/data/raw/products.csv
1592,Product1592,sports,2244.09,,2026-02-17T06:33:28.351Z,file:///opt/spark-apps/data/raw/products.csv
1593,Product1593,clothing,4765.03,,2026-02-17T06:33:28.351Z,file:///opt/spark-apps/data/raw/products.csv
1594,Product1594,clothing,4111.21,,2026-02-17T06:33:28.351Z,file:///opt/spark-apps/data/raw/products.csv
1595,Product1595,sports,885.47,,2026-02-17T06:33:28.351Z,file:///opt/spark-apps/data/raw/products.csv
1596,Product1596,sports,762.52,,2026-02-17T06:33:28.351Z,file:///opt/spark-apps/data/raw/products.csv
1597,Product1597,clothing,1664.77,,2026-02-17T06:33:28.351Z,file:///opt/spark-apps/data/raw/products.csv
1598,Product1598,clothing,708.61,,2026-02-17T06:33:28.351Z,file:///opt/spark-apps/data/raw/products.csv
1599,Product1599,clothing,4016.76,,2026-02-17T06:33:28.351Z,file:///opt/spark-apps/data/raw/products.csv
1600,Product1600,home,1722.94,,2026-02-17T06:33:28.351Z,file:///opt/spark-apps/data/raw/products.csv
1601,Product1601,books,1819.46,,2026-02-17T06:33:28.351Z,file:///opt/spark-apps/data/raw/products.csv
1602,Product1602,home,2803.43,,2026-02-17T06:33:28.351Z,file:///opt/spark-apps/data/raw/products.csv
1603,Product1603,electronics,2143.02,,2026-02-17T06:33:28.351Z,file:///opt/spark-apps/data/raw/products.csv
1604,Product1604,electronics,2039.28,,2026-02-17T06:33:28.351Z,file:///opt/spark-apps/data/raw/products.csv
1605,Product1605,books,2077.64,,2026-02-17T06:33:28.351Z,file:///opt/spark-apps/data/raw/products.csv
1606,Product1606,home,4341.35,,2026-02-17T06:33:28.351Z,file:///opt/spark-apps/data/raw/products.csv
1607,Product1607,electronics,4596.23,,2026-02-17T06:33:28.351Z,file:///opt/spark-apps/data/raw/products.csv
1608,Product1608,books,4269.06,,2026-02-17T06:33:28.351Z,file:///opt/spark-apps/data/raw/products.csv
1609,Product1609,books,2339.86,,2026-02-17T06:33:28.351Z,file:///opt/spark-apps/data/raw/products.csv
1610,Product1610,clothing,1419.87,,2026-02-17T06:33:28.351Z,file:///opt/spark-apps/data/raw/products.csv
1611,Product1611,clothing,2026.63,,2026-02-17T06:33:28.351Z,file:///opt/spark-apps/data/raw/products.csv
1612,Product1612,clothing,124.93,,2026-02-17T06:33:28.351Z,file:///opt/spark-apps/data/raw/products.csv
1613,Product1613,electronics,2344.85,,2026-02-17T06:33:28.351Z,file:///opt/spark-apps/data/raw/products.csv
1614,Product1614,clothing,2475.71,,2026-02-17T06:33:28.351Z,file:///opt/spark-apps/data/raw/products.csv
1615,Product1615,electronics,4796.49,,2026-02-17T06:33:28.351Z,file:///opt/spark-apps/data/raw/products.csv
1616,Product1616,sports,101.21,,2026-02-17T06:33:28.351Z,file:///opt/spark-apps/data/raw/products.csv
1617,Product1617,sports,1564.35,,2026-02-17T06:33:28.351Z,file:///opt/spark-apps/data/raw/products.csv
1618,Product1618,books,2742.87,,2026-02-17T06:33:28.351Z,file:///opt/spark-apps/data/raw/products.csv
1619,Product1619,home,3246.8,,2026-02-17T06:33:28.351Z,file:///opt/spark-apps/data/raw/products.csv
1620,Product1620,books,1959.16,,2026-02-17T06:33:28.351Z,file:///opt/spark-apps/data/raw/products.csv
1621,Product1621,clothing,30.84,,2026-02-17T06:33:28.351Z,file:///opt/spark-apps/data/raw/products.csv
1622,Product1622,electronics,2977.13,,2026-02-17T06:33:28.351Z,file:///opt/spark-apps/data/raw/products.csv
1623,Product1623,books,1023.5,,2026-02-17T06:33:28.351Z,file:///opt/spark-apps/data/raw/products.csv
1624,Product1624,home,221.54,,2026-02-17T06:33:28.351Z,file:///opt/spark-apps/data/raw/products.csv
1625,Product1625,clothing,2127.82,,2026-02-17T06:33:28.351Z,file:///opt/spark-apps/data/raw/products.csv
1626,Product1626,electronics,1249.53,,2026-02-17T06:33:28.351Z,file:///opt/spark-apps/data/raw/products.csv
1627,Product1627,books,68.57,,2026-02-17T06:33:28.351Z,file:///opt/spark-apps/data/raw/products.csv
1628,Product1628,clothing,2271.27,,2026-02-17T06:33:28.351Z,file:///opt/spark-apps/data/raw/products.csv
1629,Product1629,books,2151.94,,2026-02-17T06:33:28.351Z,file:///opt/spark-apps/data/raw/products.csv
1630,Product1630,clothing,4467.58,,2026-02-17T06:33:28.351Z,file:///opt/spark-apps/data/raw/products.csv
1631,Product1631,home,862.57,,2026-02-17T06:33:28.351Z,file:///opt/spark-apps/data/raw/products.csv
1632,Product1632,books,2890.91,,2026-02-17T06:33:28.351Z,file:///opt/spark-apps/data/raw/products.csv
1633,Product1633,home,4097.27,,2026-02-17T06:33:28.351Z,file:///opt/spark-apps/data/raw/products.csv
1634,Product1634,electronics,1371.06,,2026-02-17T06:33:28.351Z,file:///opt/spark-apps/data/raw/products.csv
1635,Product1635,clothing,2880.67,,2026-02-17T06:33:28.351Z,file:///opt/spark-apps/data/raw/products.csv
1636,Product1636,clothing,1231.1,,2026-02-17T06:33:28.351Z,file:///opt/spark-apps/data/raw/products.csv
1637,Product1637,electronics,3393.27,,2026-02-17T06:33:28.351Z,file:///opt/spark-apps/data/raw/products.csv
1638,Product1638,clothing,36.09,,2026-02-17T06:33:28.351Z,file:///opt/spark-apps/data/raw/products.csv
1639,Product1639,home,4762.93,,2026-02-17T06:33:28.351Z,file:///opt/spark-apps/data/raw/products.csv
1640,Product1640,clothing,3630.25,,2026-02-17T06:33:28.351Z,file:///opt/spark-apps/data/raw/products.csv
1641,Product1641,sports,4128.21,,2026-02-17T06:33:28.351Z,file:///opt/spark-apps/data/raw/products.csv
1642,Product1642,sports,2295.63,,2026-02-17T06:33:28.351Z,file:///opt/spark-apps/data/raw/products.csv
1643,Product1643,home,700.58,,2026-02-17T06:33:28.351Z,file:///opt/spark-apps/data/raw/products.csv
1644,Product1644,sports,1067.87,,2026-02-17T06:33:28.351Z,file:///opt/spark-apps/data/raw/products.csv
1645,Product1645,electronics,3114.9,,2026-02-17T06:33:28.351Z,file:///opt/spark-apps/data/raw/products.csv
1646,Product1646,electronics,384.53,,2026-02-17T06:33:28.351Z,file:///opt/spark-apps/data/raw/products.csv
1647,Product1647,clothing,1891.61,,2026-02-17T06:33:28.351Z,file:///opt/spark-apps/data/raw/products.csv
1648,Product1648,home,3616.57,,2026-02-17T06:33:28.351Z,file:///opt/spark-apps/data/raw/products.csv
1649,Product1649,clothing,2205.52,,2026-02-17T06:33:28.351Z,file:///opt/spark-apps/data/raw/products.csv
1650,Product1650,sports,4083.82,,2026-02-17T06:33:28.351Z,file:///opt/spark-apps/data/raw/products.csv
1651,Product1651,home,3744.69,,2026-02-17T06:33:28.351Z,file:///opt/spark-apps/data/raw/products.csv
1652,Product1652,books,4165.45,,2026-02-17T06:33:28.351Z,file:///opt/spark-apps/data/raw/products.csv
1653,Product1653,books,1155.96,,2026-02-17T06:33:28.351Z,file:///opt/spark-apps/data/raw/products.csv
1654,Product1654,clothing,3630.18,,2026-02-17T06:33:28.351Z,file:///opt/spark-apps/data/raw/products.csv
1655,Product1655,clothing,2504.47,,2026-02-17T06:33:28.351Z,file:///opt/spark-apps/data/raw/products.csv
1656,Product1656,books,2579.42,,2026-02-17T06:33:28.351Z,file:///opt/spark-apps/data/raw/products.csv
1657,Product1657,sports,1054.8,,2026-02-17T06:33:28.351Z,file:///opt/spark-apps/data/raw/products.csv
1658,Product1658,books,3890.4,,2026-02-17T06:33:28.351Z,file:///opt/spark-apps/data/raw/products.csv
1659,Product1659,books,1502.75,,2026-02-17T06:33:28.351Z,file:///opt/spark-apps/data/raw/products.csv
1660,Product1660,home,4697.38,,2026-02-17T06:33:28.351Z,file:///opt/spark-apps/data/raw/products.csv
1661,Product1661,clothing,3795.52,,2026-02-17T06:33:28.351Z,file:///opt/spark-apps/data/raw/products.csv
1662,Product1662,sports,823.12,,2026-02-17T06:33:28.351Z,file:///opt/spark-apps/data/raw/products.csv
1663,Product1663,home,2183.32,,2026-02-17T06:33:28.351Z,file:///opt/spark-apps/data/raw/products.csv
1664,Product1664,sports,3473.27,,2026-02-17T06:33:28.351Z,file:///opt/spark-apps/data/raw/products.csv
1665,Product1665,clothing,1794.11,,2026-02-17T06:33:28.351Z,file:///opt/spark-apps/data/raw/products.csv
1666,Product1666,sports,4427.85,,2026-02-17T06:33:28.351Z,file:///opt/spark-apps/data/raw/products.csv
1667,Product1667,clothing,4508.43,,2026-02-17T06:33:28.351Z,file:///opt/spark-apps/data/raw/products.csv
1668,Product1668,books,2319.51,,2026-02-17T06:33:28.351Z,file:///opt/spark-apps/data/raw/products.csv
1669,Product1669,clothing,1380.96,,2026-02-17T06:33:28.351Z,file:///opt/spark-apps/data/raw/products.csv
1670,Product1670,clothing,1566.2,,2026-02-17T06:33:28.351Z,file:///opt/spark-apps/data/raw/products.csv
1671,Product1671,books,3582.8,,2026-02-17T06:33:28.351Z,file:///opt/spark-apps/data/raw/products.csv
1672,Product1672,sports,4219.21,,2026-02-17T06:33:28.351Z,file:///opt/spark-apps/data/raw/products.csv
1673,Product1673,electronics,4525.79,,2026-02-17T06:33:28.351Z,file:///opt/spark-apps/data/raw/products.csv
1674,Product1674,electronics,3378.31,,2026-02-17T06:33:28.351Z,file:///opt/spark-apps/data/raw/products.csv
1675,Product1675,sports,480.27,,2026-02-17T06:33:28.351Z,file:///opt/spark-apps/data/raw/products.csv
1676,Product1676,books,2152.16,,2026-02-17T06:33:28.351Z,file:///opt/spark-apps/data/raw/products.csv
1677,Product1677,clothing,3000.73,,2026-02-17T06:33:28.351Z,file:///opt/spark-apps/data/raw/products.csv
1678,Product1678,clothing,4843.8,,2026-02-17T06:33:28.351Z,file:///opt/spark-apps/data/raw/products.csv
1679,Product1679,electronics,2710.26,,2026-02-17T06:33:28.351Z,file:///opt/spark-apps/data/raw/products.csv
1680,Product1680,electronics,512.07,,2026-02-17T06:33:28.351Z,file:///opt/spark-apps/data/raw/products.csv
1681,Product1681,home,2841.41,,2026-02-17T06:33:28.351Z,file:///opt/spark-apps/data/raw/products.csv
1682,Product1682,sports,3440.44,,2026-02-17T06:33:28.351Z,file:///opt/spark-apps/data/raw/products.csv
1683,Product1683,clothing,3201.02,,2026-02-17T06:33:28.351Z,file:///opt/spark-apps/data/raw/products.csv
1684,Product1684,clothing,3272.83,,2026-02-17T06:33:28.351Z,file:///opt/spark-apps/data/raw/products.csv
1685,Product1685,electronics,3906.21,,2026-02-17T06:33:28.351Z,file:///opt/spark-apps/data/raw/products.csv
1686,Product1686,home,2763.79,,2026-02-17T06:33:28.351Z,file:///opt/spark-apps/data/raw/products.csv
1687,Product1687,books,3255.11,,2026-02-17T06:33:28.351Z,file:///opt/spark-apps/data/raw/products.csv
1688,Product1688,home,3216.88,,2026-02-17T06:33:28.351Z,file:///opt/spark-apps/data/raw/products.csv
1689,Product1689,sports,2853.05,,2026-02-17T06:33:28.351Z,file:///opt/spark-apps/data/raw/products.csv
1690,Product1690,sports,1925.57,,2026-02-17T06:33:28.351Z,file:///opt/spark-apps/data/raw/products.csv
1691,Product1691,books,1614.53,,2026-02-17T06:33:28.351Z,file:///opt/spark-apps/data/raw/products.csv
1692,Product1692,home,1819.11,,2026-02-17T06:33:28.351Z,file:///opt/spark-apps/data/raw/products.csv
1693,Product1693,home,1515.97,,2026-02-17T06:33:28.351Z,file:///opt/spark-apps/data/raw/products.csv
1694,Product1694,books,4762.83,,2026-02-17T06:33:28.351Z,file:///opt/spark-apps/data/raw/products.csv
1695,Product1695,sports,1632.06,,2026-02-17T06:33:28.351Z,file:///opt/spark-apps/data/raw/products.csv
1696,Product1696,electronics,3672.72,,2026-02-17T06:33:28.351Z,file:///opt/spark-apps/data/raw/products.csv
1697,Product1697,books,1198.93,,2026-02-17T06:33:28.351Z,file:///opt/spark-apps/data/raw/products.csv
1698,Product1698,electronics,4899.37,,2026-02-17T06:33:28.351Z,file:///opt/spark-apps/data/raw/products.csv
1699,Product1699,home,4393.11,,2026-02-17T06:33:28.351Z,file:///opt/spark-apps/data/raw/products.csv
1700,Product1700,electronics,2969.29,,2026-02-17T06:33:28.351Z,file:///opt/spark-apps/data/raw/products.csv
1701,Product1701,sports,4155.5,,2026-02-17T06:33:28.351Z,file:///opt/spark-apps/data/raw/products.csv
1702,Product1702,books,2291.13,,2026-02-17T06:33:28.351Z,file:///opt/spark-apps/data/raw/products.csv
1703,Product1703,electronics,1517.24,,2026-02-17T06:33:28.351Z,file:///opt/spark-apps/data/raw/products.csv
1704,Product1704,home,2675.11,,2026-02-17T06:33:28.351Z,file:///opt/spark-apps/data/raw/products.csv
1705,Product1705,sports,4158.75,,2026-02-17T06:33:28.351Z,file:///opt/spark-apps/data/raw/products.csv
1706,Product1706,books,4747.78,,2026-02-17T06:33:28.351Z,file:///opt/spark-apps/data/raw/products.csv
1707,Product1707,sports,1594.88,,2026-02-17T06:33:28.351Z,file:///opt/spark-apps/data/raw/products.csv
1708,Product1708,clothing,3699.3,,2026-02-17T06:33:28.351Z,file:///opt/spark-apps/data/raw/products.csv
1709,Product1709,electronics,4936.07,,2026-02-17T06:33:28.351Z,file:///opt/spark-apps/data/raw/products.csv
1710,Product1710,electronics,1589.39,,2026-02-17T06:33:28.351Z,file:///opt/spark-apps/data/raw/products.csv
1711,Product1711,electronics,2660.21,,2026-02-17T06:33:28.351Z,file:///opt/spark-apps/data/raw/products.csv
1712,Product1712,electronics,3564.3,,2026-02-17T06:33:28.351Z,file:///opt/spark-apps/data/raw/products.csv
1713,Product1713,home,1616.77,,2026-02-17T06:33:28.351Z,file:///opt/spark-apps/data/raw/products.csv
1714,Product1714,clothing,1339.21,,2026-02-17T06:33:28.351Z,file:///opt/spark-apps/data/raw/products.csv
1715,Product1715,clothing,1548.48,,2026-02-17T06:33:28.351Z,file:///opt/spark-apps/data/raw/products.csv
1716,Product1716,electronics,196.81,,2026-02-17T06:33:28.351Z,file:///opt/spark-apps/data/raw/products.csv
1717,Product1717,clothing,4433.74,,2026-02-17T06:33:28.351Z,file:///opt/spark-apps/data/raw/products.csv
1718,Product1718,books,1067.12,,2026-02-17T06:33:28.351Z,file:///opt/spark-apps/data/raw/products.csv
1719,Product1719,electronics,3296.62,,2026-02-17T06:33:28.351Z,file:///opt/spark-apps/data/raw/products.csv
1720,Product1720,home,4411.44,,2026-02-17T06:33:28.351Z,file:///opt/spark-apps/data/raw/products.csv
1721,Product1721,clothing,4880.42,,2026-02-17T06:33:28.351Z,file:///opt/spark-apps/data/raw/products.csv
1722,Product1722,home,486.72,,2026-02-17T06:33:28.351Z,file:///opt/spark-apps/data/raw/products.csv
1723,Product1723,clothing,4818.71,,2026-02-17T06:33:28.351Z,file:///opt/spark-apps/data/raw/products.csv
1724,Product1724,home,4489.34,,2026-02-17T06:33:28.351Z,file:///opt/spark-apps/data/raw/products.csv
1725,Product1725,sports,1596.79,,2026-02-17T06:33:28.351Z,file:///opt/spark-apps/data/raw/products.csv
1726,Product1726,books,3188.83,,2026-02-17T06:33:28.351Z,file:///opt/spark-apps/data/raw/products.csv
1727,Product1727,sports,3119.44,,2026-02-17T06:33:28.351Z,file:///opt/spark-apps/data/raw/products.csv
1728,Product1728,home,2157.53,,2026-02-17T06:33:28.351Z,file:///opt/spark-apps/data/raw/products.csv
1729,Product1729,sports,4985.07,,2026-02-17T06:33:28.351Z,file:///opt/spark-apps/data/raw/products.csv
1730,Product1730,electronics,1632.63,,2026-02-17T06:33:28.351Z,file:///opt/spark-apps/data/raw/products.csv
1731,Product1731,clothing,4624.9,,2026-02-17T06:33:28.351Z,file:///opt/spark-apps/data/raw/products.csv
1732,Product1732,home,83.97,,2026-02-17T06:33:28.351Z,file:///opt/spark-apps/data/raw/products.csv
1733,Product1733,clothing,2019.56,,2026-02-17T06:33:28.351Z,file:///opt/spark-apps/data/raw/products.csv
1734,Product1734,books,842.05,,2026-02-17T06:33:28.351Z,file:///opt/spark-apps/data/raw/products.csv
1735,Product1735,home,2818.33,,2026-02-17T06:33:28.351Z,file:///opt/spark-apps/data/raw/products.csv
1736,Product1736,books,2630.15,,2026-02-17T06:33:28.351Z,file:///opt/spark-apps/data/raw/products.csv
1737,Product1737,home,2076.64,,2026-02-17T06:33:28.351Z,file:///opt/spark-apps/data/raw/products.csv
1738,Product1738,home,704.74,,2026-02-17T06:33:28.351Z,file:///opt/spark-apps/data/raw/products.csv
1739,Product1739,home,1308.52,,2026-02-17T06:33:28.351Z,file:///opt/spark-apps/data/raw/products.csv
1740,Product1740,sports,3480.16,,2026-02-17T06:33:28.351Z,file:///opt/spark-apps/data/raw/products.csv
1741,Product1741,books,3480.38,,2026-02-17T06:33:28.351Z,file:///opt/spark-apps/data/raw/products.csv
1742,Product1742,electronics,1232.59,,2026-02-17T06:33:28.351Z,file:///opt/spark-apps/data/raw/products.csv
1743,Product1743,electronics,1417.04,,2026-02-17T06:33:28.351Z,file:///opt/spark-apps/data/raw/products.csv
1744,Product1744,books,1221.02,,2026-02-17T06:33:28.351Z,file:///opt/spark-apps/data/raw/products.csv
1745,Product1745,sports,1220.15,,2026-02-17T06:33:28.351Z,file:///opt/spark-apps/data/raw/products.csv
1746,Product1746,clothing,266.18,,2026-02-17T06:33:28.351Z,file:///opt/spark-apps/data/raw/products.csv
1747,Product1747,home,968.9,,2026-02-17T06:33:28.351Z,file:///opt/spark-apps/data/raw/products.csv
1748,Product1748,electronics,99.6,,2026-02-17T06:33:28.351Z,file:///opt/spark-apps/data/raw/products.csv
1749,Product1749,clothing,2087.69,,2026-02-17T06:33:28.351Z,file:///opt/spark-apps/data/raw/products.csv
1750,Product1750,books,3033.0,,2026-02-17T06:33:28.351Z,file:///opt/spark-apps/data/raw/products.csv
1751,Product1751,books,4716.4,,2026-02-17T06:33:28.351Z,file:///opt/spark-apps/data/raw/products.csv
1752,Product1752,books,4623.35,,2026-02-17T06:33:28.351Z,file:///opt/spark-apps/data/raw/products.csv
1753,Product1753,clothing,3047.86,,2026-02-17T06:33:28.351Z,file:///opt/spark-apps/data/raw/products.csv
1754,Product1754,books,2607.39,,2026-02-17T06:33:28.351Z,file:///opt/spark-apps/data/raw/products.csv
1755,Product1755,books,955.05,,2026-02-17T06:33:28.351Z,file:///opt/spark-apps/data/raw/products.csv
1756,Product1756,sports,3110.07,,2026-02-17T06:33:28.351Z,file:///opt/spark-apps/data/raw/products.csv
1757,Product1757,books,2818.95,,2026-02-17T06:33:28.351Z,file:///opt/spark-apps/data/raw/products.csv
1758,Product1758,clothing,3262.77,,2026-02-17T06:33:28.351Z,file:///opt/spark-apps/data/raw/products.csv
1759,Product1759,clothing,890.12,,2026-02-17T06:33:28.351Z,file:///opt/spark-apps/data/raw/products.csv
1760,Product1760,sports,43.73,,2026-02-17T06:33:28.351Z,file:///opt/spark-apps/data/raw/products.csv
1761,Product1761,books,1635.23,,2026-02-17T06:33:28.351Z,file:///opt/spark-apps/data/raw/products.csv
1762,Product1762,sports,1016.61,,2026-02-17T06:33:28.351Z,file:///opt/spark-apps/data/raw/products.csv
1763,Product1763,sports,4226.33,,2026-02-17T06:33:28.351Z,file:///opt/spark-apps/data/raw/products.csv
1764,Product1764,home,4323.78,,2026-02-17T06:33:28.351Z,file:///opt/spark-apps/data/raw/products.csv
1765,Product1765,sports,4415.16,,2026-02-17T06:33:28.351Z,file:///opt/spark-apps/data/raw/products.csv
1766,Product1766,electronics,3967.1,,2026-02-17T06:33:28.351Z,file:///opt/spark-apps/data/raw/products.csv
1767,Product1767,books,1084.39,,2026-02-17T06:33:28.351Z,file:///opt/spark-apps/data/raw/products.csv
1768,Product1768,books,891.0,,2026-02-17T06:33:28.351Z,file:///opt/spark-apps/data/raw/products.csv
1769,Product1769,books,2240.67,,2026-02-17T06:33:28.351Z,file:///opt/spark-apps/data/raw/products.csv
1770,Product1770,home,668.55,,2026-02-17T06:33:28.351Z,file:///opt/spark-apps/data/raw/products.csv
1771,Product1771,clothing,4015.07,,2026-02-17T06:33:28.351Z,file:///opt/spark-apps/data/raw/products.csv
1772,Product1772,clothing,3136.54,,2026-02-17T06:33:28.351Z,file:///opt/spark-apps/data/raw/products.csv
1773,Product1773,books,3619.83,,2026-02-17T06:33:28.351Z,file:///opt/spark-apps/data/raw/products.csv
1774,Product1774,electronics,2215.23,,2026-02-17T06:33:28.351Z,file:///opt/spark-apps/data/raw/products.csv
1775,Product1775,electronics,3542.55,,2026-02-17T06:33:28.351Z,file:///opt/spark-apps/data/raw/products.csv
1776,Product1776,home,2415.3,,2026-02-17T06:33:28.351Z,file:///opt/spark-apps/data/raw/products.csv
1777,Product1777,home,4735.57,,2026-02-17T06:33:28.351Z,file:///opt/spark-apps/data/raw/products.csv
1778,Product1778,electronics,4056.1,,2026-02-17T06:33:28.351Z,file:///opt/spark-apps/data/raw/products.csv
1779,Product1779,electronics,1168.52,,2026-02-17T06:33:28.351Z,file:///opt/spark-apps/data/raw/products.csv
1780,Product1780,books,916.31,,2026-02-17T06:33:28.351Z,file:///opt/spark-apps/data/raw/products.csv
1781,Product1781,electronics,1975.74,,2026-02-17T06:33:28.351Z,file:///opt/spark-apps/data/raw/products.csv
1782,Product1782,clothing,1429.47,,2026-02-17T06:33:28.351Z,file:///opt/spark-apps/data/raw/products.csv
1783,Product1783,electronics,439.92,,2026-02-17T06:33:28.351Z,file:///opt/spark-apps/data/raw/products.csv
1784,Product1784,sports,3543.13,,2026-02-17T06:33:28.351Z,file:///opt/spark-apps/data/raw/products.csv
1785,Product1785,home,2787.51,,2026-02-17T06:33:28.351Z,file:///opt/spark-apps/data/raw/products.csv
1786,Product1786,books,3830.57,,2026-02-17T06:33:28.351Z,file:///opt/spark-apps/data/raw/products.csv
1787,Product1787,clothing,2851.79,,2026-02-17T06:33:28.351Z,file:///opt/spark-apps/data/raw/products.csv
1788,Product1788,home,4711.84,,2026-02-17T06:33:28.351Z,file:///opt/spark-apps/data/raw/products.csv
1789,Product1789,home,2083.38,,2026-02-17T06:33:28.351Z,file:///opt/spark-apps/data/raw/products.csv
1790,Product1790,home,4898.56,,2026-02-17T06:33:28.351Z,file:///opt/spark-apps/data/raw/products.csv
1791,Product1791,clothing,2595.75,,2026-02-17T06:33:28.351Z,file:///opt/spark-apps/data/raw/products.csv
1792,Product1792,clothing,4396.18,,2026-02-17T06:33:28.351Z,file:///opt/spark-apps/data/raw/products.csv
1793,Product1793,home,2831.1,,2026-02-17T06:33:28.351Z,file:///opt/spark-apps/data/raw/products.csv
1794,Product1794,electronics,4353.83,,2026-02-17T06:33:28.351Z,file:///opt/spark-apps/data/raw/products.csv
1795,Product1795,sports,194.8,,2026-02-17T06:33:28.351Z,file:///opt/spark-apps/data/raw/products.csv
1796,Product1796,books,549.4,,2026-02-17T06:33:28.351Z,file:///opt/spark-apps/data/raw/products.csv
1797,Product1797,electronics,1151.66,,2026-02-17T06:33:28.351Z,file:///opt/spark-apps/data/raw/products.csv
1798,Product1798,books,974.11,,2026-02-17T06:33:28.351Z,file:///opt/spark-apps/data/raw/products.csv
1799,Product1799,sports,2225.4,,2026-02-17T06:33:28.351Z,file:///opt/spark-apps/data/raw/products.csv
1800,Product1800,electronics,1245.08,,2026-02-17T06:33:28.351Z,file:///opt/spark-apps/data/raw/products.csv
1801,Product1801,home,1685.18,,2026-02-17T06:33:28.351Z,file:///opt/spark-apps/data/raw/products.csv
1802,Product1802,sports,2218.67,,2026-02-17T06:33:28.351Z,file:///opt/spark-apps/data/raw/products.csv
1803,Product1803,sports,4520.83,,2026-02-17T06:33:28.351Z,file:///opt/spark-apps/data/raw/products.csv
1804,Product1804,home,2716.81,,2026-02-17T06:33:28.351Z,file:///opt/spark-apps/data/raw/products.csv
1805,Product1805,home,3894.81,,2026-02-17T06:33:28.351Z,file:///opt/spark-apps/data/raw/products.csv
1806,Product1806,clothing,274.88,,2026-02-17T06:33:28.351Z,file:///opt/spark-apps/data/raw/products.csv
1807,Product1807,clothing,2320.96,,2026-02-17T06:33:28.351Z,file:///opt/spark-apps/data/raw/products.csv
1808,Product1808,books,4076.14,,2026-02-17T06:33:28.351Z,file:///opt/spark-apps/data/raw/products.csv
1809,Product1809,home,4795.26,,2026-02-17T06:33:28.351Z,file:///opt/spark-apps/data/raw/products.csv
1810,Product1810,clothing,3987.28,,2026-02-17T06:33:28.351Z,file:///opt/spark-apps/data/raw/products.csv
1811,Product1811,electronics,1145.6,,2026-02-17T06:33:28.351Z,file:///opt/spark-apps/data/raw/products.csv
1812,Product1812,electronics,4469.62,,2026-02-17T06:33:28.351Z,file:///opt/spark-apps/data/raw/products.csv
1813,Product1813,clothing,4413.76,,2026-02-17T06:33:28.351Z,file:///opt/spark-apps/data/raw/products.csv
1814,Product1814,sports,358.89,,2026-02-17T06:33:28.351Z,file:///opt/spark-apps/data/raw/products.csv
1815,Product1815,electronics,3217.77,,2026-02-17T06:33:28.351Z,file:///opt/spark-apps/data/raw/products.csv
1816,Product1816,electronics,2336.19,,2026-02-17T06:33:28.351Z,file:///opt/spark-apps/data/raw/products.csv
1817,Product1817,home,4581.61,,2026-02-17T06:33:28.351Z,file:///opt/spark-apps/data/raw/products.csv
1818,Product1818,clothing,3421.78,,2026-02-17T06:33:28.351Z,file:///opt/spark-apps/data/raw/products.csv
1819,Product1819,sports,4924.44,,2026-02-17T06:33:28.351Z,file:///opt/spark-apps/data/raw/products.csv
1820,Product1820,sports,664.52,,2026-02-17T06:33:28.351Z,file:///opt/spark-apps/data/raw/products.csv
1821,Product1821,electronics,1824.15,,2026-02-17T06:33:28.351Z,file:///opt/spark-apps/data/raw/products.csv
1822,Product1822,sports,401.94,,2026-02-17T06:33:28.351Z,file:///opt/spark-apps/data/raw/products.csv
1823,Product1823,books,465.62,,2026-02-17T06:33:28.351Z,file:///opt/spark-apps/data/raw/products.csv
1824,Product1824,home,4002.73,,2026-02-17T06:33:28.351Z,file:///opt/spark-apps/data/raw/products.csv
1825,Product1825,home,121.99,,2026-02-17T06:33:28.351Z,file:///opt/spark-apps/data/raw/products.csv
1826,Product1826,clothing,1526.36,,2026-02-17T06:33:28.351Z,file:///opt/spark-apps/data/raw/products.csv
1827,Product1827,home,187.05,,2026-02-17T06:33:28.351Z,file:///opt/spark-apps/data/raw/products.csv
1828,Product1828,electronics,4359.7,,2026-02-17T06:33:28.351Z,file:///opt/spark-apps/data/raw/products.csv
1829,Product1829,home,4758.23,,2026-02-17T06:33:28.351Z,file:///opt/spark-apps/data/raw/products.csv
1830,Product1830,clothing,3374.24,,2026-02-17T06:33:28.351Z,file:///opt/spark-apps/data/raw/products.csv
1831,Product1831,electronics,2952.87,,2026-02-17T06:33:28.351Z,file:///opt/spark-apps/data/raw/products.csv
1832,Product1832,home,4703.29,,2026-02-17T06:33:28.351Z,file:///opt/spark-apps/data/raw/products.csv
1833,Product1833,clothing,1473.56,,2026-02-17T06:33:28.351Z,file:///opt/spark-apps/data/raw/products.csv
1834,Product1834,home,703.92,,2026-02-17T06:33:28.351Z,file:///opt/spark-apps/data/raw/products.csv
1835,Product1835,clothing,2068.16,,2026-02-17T06:33:28.351Z,file:///opt/spark-apps/data/raw/products.csv
1836,Product1836,electronics,3513.23,,2026-02-17T06:33:28.351Z,file:///opt/spark-apps/data/raw/products.csv
1837,Product1837,home,2557.19,,2026-02-17T06:33:28.351Z,file:///opt/spark-apps/data/raw/products.csv
1838,Product1838,home,2778.13,,2026-02-17T06:33:28.351Z,file:///opt/spark-apps/data/raw/products.csv
1839,Product1839,clothing,1634.2,,2026-02-17T06:33:28.351Z,file:///opt/spark-apps/data/raw/products.csv
1840,Product1840,clothing,4903.53,,2026-02-17T06:33:28.351Z,file:///opt/spark-apps/data/raw/products.csv
1841,Product1841,electronics,3229.82,,2026-02-17T06:33:28.351Z,file:///opt/spark-apps/data/raw/products.csv
1842,Product1842,home,4366.7,,2026-02-17T06:33:28.351Z,file:///opt/spark-apps/data/raw/products.csv
1843,Product1843,electronics,616.83,,2026-02-17T06:33:28.351Z,file:///opt/spark-apps/data/raw/products.csv
1844,Product1844,sports,2283.64,,2026-02-17T06:33:28.351Z,file:///opt/spark-apps/data/raw/products.csv
1845,Product1845,sports,4995.62,,2026-02-17T06:33:28.351Z,file:///opt/spark-apps/data/raw/products.csv
1846,Product1846,home,2699.37,,2026-02-17T06:33:28.351Z,file:///opt/spark-apps/data/raw/products.csv
1847,Product1847,clothing,1071.57,,2026-02-17T06:33:28.351Z,file:///opt/spark-apps/data/raw/products.csv
1848,Product1848,home,2878.15,,2026-02-17T06:33:28.351Z,file:///opt/spark-apps/data/raw/products.csv
1849,Product1849,sports,1237.04,,2026-02-17T06:33:28.351Z,file:///opt/spark-apps/data/raw/products.csv
1850,Product1850,clothing,1629.9,,2026-02-17T06:33:28.351Z,file:///opt/spark-apps/data/raw/products.csv
1851,Product1851,home,4270.58,,2026-02-17T06:33:28.351Z,file:///opt/spark-apps/data/raw/products.csv
1852,Product1852,books,4071.59,,2026-02-17T06:33:28.351Z,file:///opt/spark-apps/data/raw/products.csv
1853,Product1853,sports,4781.48,,2026-02-17T06:33:28.351Z,file:///opt/spark-apps/data/raw/products.csv
1854,Product1854,sports,4139.62,,2026-02-17T06:33:28.351Z,file:///opt/spark-apps/data/raw/products.csv
1855,Product1855,clothing,1247.41,,2026-02-17T06:33:28.351Z,file:///opt/spark-apps/data/raw/products.csv
1856,Product1856,books,1608.85,,2026-02-17T06:33:28.351Z,file:///opt/spark-apps/data/raw/products.csv
1857,Product1857,electronics,691.88,,2026-02-17T06:33:28.351Z,file:///opt/spark-apps/data/raw/products.csv
1858,Product1858,sports,3938.92,,2026-02-17T06:33:28.351Z,file:///opt/spark-apps/data/raw/products.csv
1859,Product1859,books,3804.11,,2026-02-17T06:33:28.351Z,file:///opt/spark-apps/data/raw/products.csv
1860,Product1860,sports,1450.27,,2026-02-17T06:33:28.351Z,file:///opt/spark-apps/data/raw/products.csv
1861,Product1861,clothing,276.34,,2026-02-17T06:33:28.351Z,file:///opt/spark-apps/data/raw/products.csv
1862,Product1862,electronics,921.8,,2026-02-17T06:33:28.351Z,file:///opt/spark-apps/data/raw/products.csv
1863,Product1863,home,3453.0,,2026-02-17T06:33:28.351Z,file:///opt/spark-apps/data/raw/products.csv
1864,Product1864,home,1166.45,,2026-02-17T06:33:28.351Z,file:///opt/spark-apps/data/raw/products.csv
1865,Product1865,electronics,4075.59,,2026-02-17T06:33:28.351Z,file:///opt/spark-apps/data/raw/products.csv
1866,Product1866,electronics,291.24,,2026-02-17T06:33:28.351Z,file:///opt/spark-apps/data/raw/products.csv
1867,Product1867,clothing,4544.9,,2026-02-17T06:33:28.351Z,file:///opt/spark-apps/data/raw/products.csv
1868,Product1868,books,3364.63,,2026-02-17T06:33:28.351Z,file:///opt/spark-apps/data/raw/products.csv
1869,Product1869,clothing,4548.3,,2026-02-17T06:33:28.351Z,file:///opt/spark-apps/data/raw/products.csv
1870,Product1870,books,2106.61,,2026-02-17T06:33:28.351Z,file:///opt/spark-apps/data/raw/products.csv
1871,Product1871,clothing,1605.36,,2026-02-17T06:33:28.351Z,file:///opt/spark-apps/data/raw/products.csv
1872,Product1872,electronics,2156.58,,2026-02-17T06:33:28.351Z,file:///opt/spark-apps/data/raw/products.csv
1873,Product1873,home,3296.79,,2026-02-17T06:33:28.351Z,file:///opt/spark-apps/data/raw/products.csv
1874,Product1874,sports,1537.7,,2026-02-17T06:33:28.351Z,file:///opt/spark-apps/data/raw/products.csv
1875,Product1875,clothing,3822.4,,2026-02-17T06:33:28.351Z,file:///opt/spark-apps/data/raw/products.csv
1876,Product1876,clothing,4691.36,,2026-02-17T06:33:28.351Z,file:///opt/spark-apps/data/raw/products.csv
1877,Product1877,sports,2502.28,,2026-02-17T06:33:28.351Z,file:///opt/spark-apps/data/raw/products.csv
1878,Product1878,clothing,4631.71,,2026-02-17T06:33:28.351Z,file:///opt/spark-apps/data/raw/products.csv
1879,Product1879,clothing,3983.02,,2026-02-17T06:33:28.351Z,file:///opt/spark-apps/data/raw/products.csv
1880,Product1880,clothing,2091.48,,2026-02-17T06:33:28.351Z,file:///opt/spark-apps/data/raw/products.csv
1881,Product1881,electronics,4686.93,,2026-02-17T06:33:28.351Z,file:///opt/spark-apps/data/raw/products.csv
1882,Product1882,sports,342.45,,2026-02-17T06:33:28.351Z,file:///opt/spark-apps/data/raw/products.csv
1883,Product1883,books,2821.13,,2026-02-17T06:33:28.351Z,file:///opt/spark-apps/data/raw/products.csv
1884,Product1884,sports,888.78,,2026-02-17T06:33:28.351Z,file:///opt/spark-apps/data/raw/products.csv
1885,Product1885,clothing,1823.98,,2026-02-17T06:33:28.351Z,file:///opt/spark-apps/data/raw/products.csv
1886,Product1886,books,4624.95,,2026-02-17T06:33:28.351Z,file:///opt/spark-apps/data/raw/products.csv
1887,Product1887,electronics,1498.67,,2026-02-17T06:33:28.351Z,file:///opt/spark-apps/data/raw/products.csv
1888,Product1888,sports,2358.37,,2026-02-17T06:33:28.351Z,file:///opt/spark-apps/data/raw/products.csv
1889,Product1889,home,1473.95,,2026-02-17T06:33:28.351Z,file:///opt/spark-apps/data/raw/products.csv
1890,Product1890,sports,130.81,,2026-02-17T06:33:28.351Z,file:///opt/spark-apps/data/raw/products.csv
1891,Product1891,home,746.4,,2026-02-17T06:33:28.351Z,file:///opt/spark-apps/data/raw/products.csv
1892,Product1892,books,2834.54,,2026-02-17T06:33:28.351Z,file:///opt/spark-apps/data/raw/products.csv
1893,Product1893,clothing,192.76,,2026-02-17T06:33:28.351Z,file:///opt/spark-apps/data/raw/products.csv
1894,Product1894,clothing,3087.4,,2026-02-17T06:33:28.351Z,file:///opt/spark-apps/data/raw/products.csv
1895,Product1895,books,4012.92,,2026-02-17T06:33:28.351Z,file:///opt/spark-apps/data/raw/products.csv
1896,Product1896,electronics,3490.66,,2026-02-17T06:33:28.351Z,file:///opt/spark-apps/data/raw/products.csv
1897,Product1897,sports,4083.01,,2026-02-17T06:33:28.351Z,file:///opt/spark-apps/data/raw/products.csv
1898,Product1898,home,920.59,,2026-02-17T06:33:28.351Z,file:///opt/spark-apps/data/raw/products.csv
1899,Product1899,home,1598.37,,2026-02-17T06:33:28.351Z,file:///opt/spark-apps/data/raw/products.csv
1900,Product1900,books,657.78,,2026-02-17T06:33:28.351Z,file:///opt/spark-apps/data/raw/products.csv
1901,Product1901,electronics,1271.52,,2026-02-17T06:33:28.351Z,file:///opt/spark-apps/data/raw/products.csv
1902,Product1902,books,4359.42,,2026-02-17T06:33:28.351Z,file:///opt/spark-apps/data/raw/products.csv
1903,Product1903,electronics,3671.29,,2026-02-17T06:33:28.351Z,file:///opt/spark-apps/data/raw/products.csv
1904,Product1904,home,29.16,,2026-02-17T06:33:28.351Z,file:///opt/spark-apps/data/raw/products.csv
1905,Product1905,home,4598.22,,2026-02-17T06:33:28.351Z,file:///opt/spark-apps/data/raw/products.csv
1906,Product1906,books,2499.93,,2026-02-17T06:33:28.351Z,file:///opt/spark-apps/data/raw/products.csv
1907,Product1907,electronics,4993.86,,2026-02-17T06:33:28.351Z,file:///opt/spark-apps/data/raw/products.csv
1908,Product1908,books,2367.41,,2026-02-17T06:33:28.351Z,file:///opt/spark-apps/data/raw/products.csv
1909,Product1909,books,2498.11,,2026-02-17T06:33:28.351Z,file:///opt/spark-apps/data/raw/products.csv
1910,Product1910,clothing,1579.64,,2026-02-17T06:33:28.351Z,file:///opt/spark-apps/data/raw/products.csv
1911,Product1911,clothing,3943.99,,2026-02-17T06:33:28.351Z,file:///opt/spark-apps/data/raw/products.csv
1912,Product1912,sports,3198.62,,2026-02-17T06:33:28.351Z,file:///opt/spark-apps/data/raw/products.csv
1913,Product1913,sports,650.85,,2026-02-17T06:33:28.351Z,file:///opt/spark-apps/data/raw/products.csv
1914,Product1914,books,2161.47,,2026-02-17T06:33:28.351Z,file:///opt/spark-apps/data/raw/products.csv
1915,Product1915,sports,646.14,,2026-02-17T06:33:28.351Z,file:///opt/spark-apps/data/raw/products.csv
1916,Product1916,clothing,4432.79,,2026-02-17T06:33:28.351Z,file:///opt/spark-apps/data/raw/products.csv
1917,Product1917,sports,4506.56,,2026-02-17T06:33:28.351Z,file:///opt/spark-apps/data/raw/products.csv
1918,Product1918,electronics,770.37,,2026-02-17T06:33:28.351Z,file:///opt/spark-apps/data/raw/products.csv
1919,Product1919,home,5.23,,2026-02-17T06:33:28.351Z,file:///opt/spark-apps/data/raw/products.csv
1920,Product1920,clothing,306.58,,2026-02-17T06:33:28.351Z,file:///opt/spark-apps/data/raw/products.csv
1921,Product1921,home,3739.56,,2026-02-17T06:33:28.351Z,file:///opt/spark-apps/data/raw/products.csv
1922,Product1922,home,4224.72,,2026-02-17T06:33:28.351Z,file:///opt/spark-apps/data/raw/products.csv
1923,Product1923,sports,2243.92,,2026-02-17T06:33:28.351Z,file:///opt/spark-apps/data/raw/products.csv
1924,Product1924,sports,3480.48,,2026-02-17T06:33:28.351Z,file:///opt/spark-apps/data/raw/products.csv
1925,Product1925,home,4888.44,,2026-02-17T06:33:28.351Z,file:///opt/spark-apps/data/raw/products.csv
1926,Product1926,electronics,3640.32,,2026-02-17T06:33:28.351Z,file:///opt/spark-apps/data/raw/products.csv
1927,Product1927,home,31.59,,2026-02-17T06:33:28.351Z,file:///opt/spark-apps/data/raw/products.csv
1928,Product1928,electronics,613.11,,2026-02-17T06:33:28.351Z,file:///opt/spark-apps/data/raw/products.csv
1929,Product1929,home,2327.24,,2026-02-17T06:33:28.351Z,file:///opt/spark-apps/data/raw/products.csv
1930,Product1930,books,2980.42,,2026-02-17T06:33:28.351Z,file:///opt/spark-apps/data/raw/products.csv
1931,Product1931,books,783.2,,2026-02-17T06:33:28.351Z,file:///opt/spark-apps/data/raw/products.csv
1932,Product1932,clothing,4303.59,,2026-02-17T06:33:28.351Z,file:///opt/spark-apps/data/raw/products.csv
1933,Product1933,books,4297.46,,2026-02-17T06:33:28.351Z,file:///opt/spark-apps/data/raw/products.csv
1934,Product1934,books,2197.52,,2026-02-17T06:33:28.351Z,file:///opt/spark-apps/data/raw/products.csv
1935,Product1935,home,983.15,,2026-02-17T06:33:28.351Z,file:///opt/spark-apps/data/raw/products.csv
1936,Product1936,electronics,1924.92,,2026-02-17T06:33:28.351Z,file:///opt/spark-apps/data/raw/products.csv
1937,Product1937,electronics,4649.99,,2026-02-17T06:33:28.351Z,file:///opt/spark-apps/data/raw/products.csv
1938,Product1938,books,73.62,,2026-02-17T06:33:28.351Z,file:///opt/spark-apps/data/raw/products.csv
1939,Product1939,electronics,376.99,,2026-02-17T06:33:28.351Z,file:///opt/spark-apps/data/raw/products.csv
1940,Product1940,clothing,2441.18,,2026-02-17T06:33:28.351Z,file:///opt/spark-apps/data/raw/products.csv
1941,Product1941,books,4113.22,,2026-02-17T06:33:28.351Z,file:///opt/spark-apps/data/raw/products.csv
1942,Product1942,sports,3256.42,,2026-02-17T06:33:28.351Z,file:///opt/spark-apps/data/raw/products.csv
1943,Product1943,books,1107.17,,2026-02-17T06:33:28.351Z,file:///opt/spark-apps/data/raw/products.csv
1944,Product1944,home,319.26,,2026-02-17T06:33:28.351Z,file:///opt/spark-apps/data/raw/products.csv
1945,Product1945,electronics,2669.13,,2026-02-17T06:33:28.351Z,file:///opt/spark-apps/data/raw/products.csv
1946,Product1946,books,4265.95,,2026-02-17T06:33:28.351Z,file:///opt/spark-apps/data/raw/products.csv
1947,Product1947,books,599.89,,2026-02-17T06:33:28.351Z,file:///opt/spark-apps/data/raw/products.csv
1948,Product1948,books,3808.17,,2026-02-17T06:33:28.351Z,file:///opt/spark-apps/data/raw/products.csv
1949,Product1949,home,2862.76,,2026-02-17T06:33:28.351Z,file:///opt/spark-apps/data/raw/products.csv
1950,Product1950,electronics,555.31,,2026-02-17T06:33:28.351Z,file:///opt/spark-apps/data/raw/products.csv
1951,Product1951,books,3283.14,,2026-02-17T06:33:28.351Z,file:///opt/spark-apps/data/raw/products.csv
1952,Product1952,books,39.99,,2026-02-17T06:33:28.351Z,file:///opt/spark-apps/data/raw/products.csv
1953,Product1953,clothing,651.39,,2026-02-17T06:33:28.351Z,file:///opt/spark-apps/data/raw/products.csv
1954,Product1954,books,2389.58,,2026-02-17T06:33:28.351Z,file:///opt/spark-apps/data/raw/products.csv
1955,Product1955,books,4729.66,,2026-02-17T06:33:28.351Z,file:///opt/spark-apps/data/raw/products.csv
1956,Product1956,electronics,4568.47,,2026-02-17T06:33:28.351Z,file:///opt/spark-apps/data/raw/products.csv
1957,Product1957,books,3397.46,,2026-02-17T06:33:28.351Z,file:///opt/spark-apps/data/raw/products.csv
1958,Product1958,home,349.89,,2026-02-17T06:33:28.351Z,file:///opt/spark-apps/data/raw/products.csv
1959,Product1959,clothing,2161.86,,2026-02-17T06:33:28.351Z,file:///opt/spark-apps/data/raw/products.csv
1960,Product1960,home,937.1,,2026-02-17T06:33:28.351Z,file:///opt/spark-apps/data/raw/products.csv
1961,Product1961,clothing,595.78,,2026-02-17T06:33:28.351Z,file:///opt/spark-apps/data/raw/products.csv
1962,Product1962,sports,269.53,,2026-02-17T06:33:28.351Z,file:///opt/spark-apps/data/raw/products.csv
1963,Product1963,sports,409.71,,2026-02-17T06:33:28.351Z,file:///opt/spark-apps/data/raw/products.csv
1964,Product1964,clothing,474.51,,2026-02-17T06:33:28.351Z,file:///opt/spark-apps/data/raw/products.csv
1965,Product1965,home,181.72,,2026-02-17T06:33:28.351Z,file:///opt/spark-apps/data/raw/products.csv
1966,Product1966,books,876.51,,2026-02-17T06:33:28.351Z,file:///opt/spark-apps/data/raw/products.csv
1967,Product1967,sports,786.89,,2026-02-17T06:33:28.351Z,file:///opt/spark-apps/data/raw/products.csv
1968,Product1968,electronics,1478.56,,2026-02-17T06:33:28.351Z,file:///opt/spark-apps/data/raw/products.csv
1969,Product1969,home,1214.51,,2026-02-17T06:33:28.351Z,file:///opt/spark-apps/data/raw/products.csv
1970,Product1970,home,3311.55,,2026-02-17T06:33:28.351Z,file:///opt/spark-apps/data/raw/products.csv
1971,Product1971,home,1537.87,,2026-02-17T06:33:28.351Z,file:///opt/spark-apps/data/raw/products.csv
1972,Product1972,home,4533.79,,2026-02-17T06:33:28.351Z,file:///opt/spark-apps/data/raw/products.csv
1973,Product1973,books,3312.09,,2026-02-17T06:33:28.351Z,file:///opt/spark-apps/data/raw/products.csv
1974,Product1974,electronics,108.49,,2026-02-17T06:33:28.351Z,file:///opt/spark-apps/data/raw/products.csv
1975,Product1975,clothing,36.08,,2026-02-17T06:33:28.351Z,file:///opt/spark-apps/data/raw/products.csv
1976,Product1976,electronics,4911.49,,2026-02-17T06:33:28.351Z,file:///opt/spark-apps/data/raw/products.csv
1977,Product1977,books,3410.42,,2026-02-17T06:33:28.351Z,file:///opt/spark-apps/data/raw/products.csv
1978,Product1978,clothing,4143.0,,2026-02-17T06:33:28.351Z,file:///opt/spark-apps/data/raw/products.csv
1979,Product1979,sports,3019.31,,2026-02-17T06:33:28.351Z,file:///opt/spark-apps/data/raw/products.csv
1980,Product1980,books,4292.44,,2026-02-17T06:33:28.351Z,file:///opt/spark-apps/data/raw/products.csv
1981,Product1981,home,788.59,,2026-02-17T06:33:28.351Z,file:///opt/spark-apps/data/raw/products.csv
1982,Product1982,books,3272.09,,2026-02-17T06:33:28.351Z,file:///opt/spark-apps/data/raw/products.csv
1983,Product1983,electronics,4615.56,,2026-02-17T06:33:28.351Z,file:///opt/spark-apps/data/raw/products.csv
1984,Product1984,home,942.34,,2026-02-17T06:33:28.351Z,file:///opt/spark-apps/data/raw/products.csv
1985,Product1985,books,2162.57,,2026-02-17T06:33:28.351Z,file:///opt/spark-apps/data/raw/products.csv
1986,Product1986,home,3987.77,,2026-02-17T06:33:28.351Z,file:///opt/spark-apps/data/raw/products.csv
1987,Product1987,sports,901.19,,2026-02-17T06:33:28.351Z,file:///opt/spark-apps/data/raw/products.csv
1988,Product1988,sports,1162.84,,2026-02-17T06:33:28.351Z,file:///opt/spark-apps/data/raw/products.csv
1989,Product1989,books,786.85,,2026-02-17T06:33:28.351Z,file:///opt/spark-apps/data/raw/products.csv
1990,Product1990,sports,1721.13,,2026-02-17T06:33:28.351Z,file:///opt/spark-apps/data/raw/products.csv
1991,Product1991,books,3039.82,,2026-02-17T06:33:28.351Z,file:///opt/spark-apps/data/raw/products.csv
1992,Product1992,electronics,1693.94,,2026-02-17T06:33:28.351Z,file:///opt/spark-apps/data/raw/products.csv
1993,Product1993,books,271.03,,2026-02-17T06:33:28.351Z,file:///opt/spark-apps/data/raw/products.csv
1994,Product1994,sports,777.61,,2026-02-17T06:33:28.351Z,file:///opt/spark-apps/data/raw/products.csv
1995,Product1995,home,1305.09,,2026-02-17T06:33:28.351Z,file:///opt/spark-apps/data/raw/products.csv
1996,Product1996,home,1872.33,,2026-02-17T06:33:28.351Z,file:///opt/spark-apps/data/raw/products.csv
1997,Product1997,sports,3183.64,,2026-02-17T06:33:28.351Z,file:///opt/spark-apps/data/raw/products.csv
1998,Product1998,books,1451.59,,2026-02-17T06:33:28.351Z,file:///opt/spark-apps/data/raw/products.csv
1999,Product1999,books,4026.23,,2026-02-17T06:33:28.351Z,file:///opt/spark-apps/data/raw/products.csv
2000,Product2000,clothing,2752.01,,2026-02-17T06:33:28.351Z,file:///opt/spark-apps/data/raw/products.csv
2001,Product2001,home,3024.04,,2026-02-17T06:33:28.351Z,file:///opt/spark-apps/data/raw/products.csv
2002,Product2002,electronics,108.33,,2026-02-17T06:33:28.351Z,file:///opt/spark-apps/data/raw/products.csv
2003,Product2003,sports,1717.14,,2026-02-17T06:33:28.351Z,file:///opt/spark-apps/data/raw/products.csv
2004,Product2004,electronics,834.13,,2026-02-17T06:33:28.351Z,file:///opt/spark-apps/data/raw/products.csv
2005,Product2005,books,2294.5,,2026-02-17T06:33:28.351Z,file:///opt/spark-apps/data/raw/products.csv
2006,Product2006,clothing,3312.25,,2026-02-17T06:33:28.351Z,file:///opt/spark-apps/data/raw/products.csv
2007,Product2007,sports,3377.43,,2026-02-17T06:33:28.351Z,file:///opt/spark-apps/data/raw/products.csv
2008,Product2008,sports,3628.16,,2026-02-17T06:33:28.351Z,file:///opt/spark-apps/data/raw/products.csv
2009,Product2009,home,1731.06,,2026-02-17T06:33:28.351Z,file:///opt/spark-apps/data/raw/products.csv
2010,Product2010,books,827.07,,2026-02-17T06:33:28.351Z,file:///opt/spark-apps/data/raw/products.csv
2011,Product2011,clothing,593.09,,2026-02-17T06:33:28.351Z,file:///opt/spark-apps/data/raw/products.csv
2012,Product2012,home,4978.74,,2026-02-17T06:33:28.351Z,file:///opt/spark-apps/data/raw/products.csv
2013,Product2013,electronics,1823.99,,2026-02-17T06:33:28.351Z,file:///opt/spark-apps/data/raw/products.csv
2014,Product2014,clothing,432.93,,2026-02-17T06:33:28.351Z,file:///opt/spark-apps/data/raw/products.csv
2015,Product2015,books,890.57,,2026-02-17T06:33:28.351Z,file:///opt/spark-apps/data/raw/products.csv
2016,Product2016,sports,32.5,,2026-02-17T06:33:28.351Z,file:///opt/spark-apps/data/raw/products.csv
2017,Product2017,clothing,4655.31,,2026-02-17T06:33:28.351Z,file:///opt/spark-apps/data/raw/products.csv
2018,Product2018,clothing,1797.83,,2026-02-17T06:33:28.351Z,file:///opt/spark-apps/data/raw/products.csv
2019,Product2019,books,3811.82,,2026-02-17T06:33:28.351Z,file:///opt/spark-apps/data/raw/products.csv
2020,Product2020,home,2055.62,,2026-02-17T06:33:28.351Z,file:///opt/spark-apps/data/raw/products.csv
2021,Product2021,electronics,4164.48,,2026-02-17T06:33:28.351Z,file:///opt/spark-apps/data/raw/products.csv
2022,Product2022,sports,2127.96,,2026-02-17T06:33:28.351Z,file:///opt/spark-apps/data/raw/products.csv
2023,Product2023,clothing,1805.05,,2026-02-17T06:33:28.351Z,file:///opt/spark-apps/data/raw/products.csv
2024,Product2024,home,3701.12,,2026-02-17T06:33:28.351Z,file:///opt/spark-apps/data/raw/products.csv
2025,Product2025,home,4393.42,,2026-02-17T06:33:28.351Z,file:///opt/spark-apps/data/raw/products.csv
2026,Product2026,home,3135.63,,2026-02-17T06:33:28.351Z,file:///opt/spark-apps/data/raw/products.csv
2027,Product2027,books,3980.32,,2026-02-17T06:33:28.351Z,file:///opt/spark-apps/data/raw/products.csv
2028,Product2028,clothing,3130.8,,2026-02-17T06:33:28.351Z,file:///opt/spark-apps/data/raw/products.csv
2029,Product2029,electronics,3350.65,,2026-02-17T06:33:28.351Z,file:///opt/spark-apps/data/raw/products.csv
2030,Product2030,home,1343.68,,2026-02-17T06:33:28.351Z,file:///opt/spark-apps/data/raw/products.csv
2031,Product2031,electronics,4714.75,,2026-02-17T06:33:28.351Z,file:///opt/spark-apps/data/raw/products.csv
2032,Product2032,electronics,3212.91,,2026-02-17T06:33:28.351Z,file:///opt/spark-apps/data/raw/products.csv
2033,Product2033,electronics,4736.18,,2026-02-17T06:33:28.351Z,file:///opt/spark-apps/data/raw/products.csv
2034,Product2034,clothing,4381.18,,2026-02-17T06:33:28.351Z,file:///opt/spark-apps/data/raw/products.csv
2035,Product2035,electronics,2241.69,,2026-02-17T06:33:28.351Z,file:///opt/spark-apps/data/raw/products.csv
2036,Product2036,home,4477.53,,2026-02-17T06:33:28.351Z,file:///opt/spark-apps/data/raw/products.csv
2037,Product2037,home,1101.55,,2026-02-17T06:33:28.351Z,file:///opt/spark-apps/data/raw/products.csv
2038,Product2038,clothing,2897.69,,2026-02-17T06:33:28.351Z,file:///opt/spark-apps/data/raw/products.csv
2039,Product2039,sports,4338.23,,2026-02-17T06:33:28.351Z,file:///opt/spark-apps/data/raw/products.csv
2040,Product2040,clothing,2280.68,,2026-02-17T06:33:28.351Z,file:///opt/spark-apps/data/raw/products.csv
2041,Product2041,clothing,1781.38,,2026-02-17T06:33:28.351Z,file:///opt/spark-apps/data/raw/products.csv
2042,Product2042,sports,3105.67,,2026-02-17T06:33:28.351Z,file:///opt/spark-apps/data/raw/products.csv
2043,Product2043,sports,3935.36,,2026-02-17T06:33:28.351Z,file:///opt/spark-apps/data/raw/products.csv
2044,Product2044,books,3449.26,,2026-02-17T06:33:28.351Z,file:///opt/spark-apps/data/raw/products.csv
2045,Product2045,clothing,4387.74,,2026-02-17T06:33:28.351Z,file:///opt/spark-apps/data/raw/products.csv
2046,Product2046,electronics,3871.83,,2026-02-17T06:33:28.351Z,file:///opt/spark-apps/data/raw/products.csv
2047,Product2047,home,572.66,,2026-02-17T06:33:28.351Z,file:///opt/spark-apps/data/raw/products.csv
2048,Product2048,home,4934.87,,2026-02-17T06:33:28.351Z,file:///opt/spark-apps/data/raw/products.csv
2049,Product2049,electronics,3850.72,,2026-02-17T06:33:28.351Z,file:///opt/spark-apps/data/raw/products.csv
2050,Product2050,books,2112.37,,2026-02-17T06:33:28.351Z,file:///opt/spark-apps/data/raw/products.csv
2051,Product2051,books,75.39,,2026-02-17T06:33:28.351Z,file:///opt/spark-apps/data/raw/products.csv
2052,Product2052,clothing,3142.29,,2026-02-17T06:33:28.351Z,file:///opt/spark-apps/data/raw/products.csv
2053,Product2053,clothing,4716.66,,2026-02-17T06:33:28.351Z,file:///opt/spark-apps/data/raw/products.csv
2054,Product2054,sports,4053.17,,2026-02-17T06:33:28.351Z,file:///opt/spark-apps/data/raw/products.csv
2055,Product2055,electronics,412.26,,2026-02-17T06:33:28.351Z,file:///opt/spark-apps/data/raw/products.csv
2056,Product2056,electronics,4698.15,,2026-02-17T06:33:28.351Z,file:///opt/spark-apps/data/raw/products.csv
2057,Product2057,clothing,1375.77,,2026-02-17T06:33:28.351Z,file:///opt/spark-apps/data/raw/products.csv
2058,Product2058,books,2887.97,,2026-02-17T06:33:28.351Z,file:///opt/spark-apps/data/raw/products.csv
2059,Product2059,books,1379.1,,2026-02-17T06:33:28.351Z,file:///opt/spark-apps/data/raw/products.csv
2060,Product2060,electronics,680.85,,2026-02-17T06:33:28.351Z,file:///opt/spark-apps/data/raw/products.csv
2061,Product2061,electronics,3177.3,,2026-02-17T06:33:28.351Z,file:///opt/spark-apps/data/raw/products.csv
2062,Product2062,home,652.18,,2026-02-17T06:33:28.351Z,file:///opt/spark-apps/data/raw/products.csv
2063,Product2063,clothing,4854.68,,2026-02-17T06:33:28.351Z,file:///opt/spark-apps/data/raw/products.csv
2064,Product2064,books,4281.36,,2026-02-17T06:33:28.351Z,file:///opt/spark-apps/data/raw/products.csv
2065,Product2065,home,1062.08,,2026-02-17T06:33:28.351Z,file:///opt/spark-apps/data/raw/products.csv
2066,Product2066,clothing,3344.26,,2026-02-17T06:33:28.351Z,file:///opt/spark-apps/data/raw/products.csv
2067,Product2067,electronics,3308.82,,2026-02-17T06:33:28.351Z,file:///opt/spark-apps/data/raw/products.csv
2068,Product2068,clothing,3856.88,,2026-02-17T06:33:28.351Z,file:///opt/spark-apps/data/raw/products.csv
2069,Product2069,books,1170.21,,2026-02-17T06:33:28.351Z,file:///opt/spark-apps/data/raw/products.csv
2070,Product2070,home,3048.46,,2026-02-17T06:33:28.351Z,file:///opt/spark-apps/data/raw/products.csv
2071,Product2071,home,4028.83,,2026-02-17T06:33:28.351Z,file:///opt/spark-apps/data/raw/products.csv
2072,Product2072,sports,2762.16,,2026-02-17T06:33:28.351Z,file:///opt/spark-apps/data/raw/products.csv
2073,Product2073,sports,3184.93,,2026-02-17T06:33:28.351Z,file:///opt/spark-apps/data/raw/products.csv
2074,Product2074,books,1350.07,,2026-02-17T06:33:28.351Z,file:///opt/spark-apps/data/raw/products.csv
2075,Product2075,electronics,381.75,,2026-02-17T06:33:28.351Z,file:///opt/spark-apps/data/raw/products.csv
2076,Product2076,electronics,2936.33,,2026-02-17T06:33:28.351Z,file:///opt/spark-apps/data/raw/products.csv
2077,Product2077,clothing,2920.92,,2026-02-17T06:33:28.351Z,file:///opt/spark-apps/data/raw/products.csv
2078,Product2078,books,1155.29,,2026-02-17T06:33:28.351Z,file:///opt/spark-apps/data/raw/products.csv
2079,Product2079,clothing,3668.87,,2026-02-17T06:33:28.351Z,file:///opt/spark-apps/data/raw/products.csv
2080,Product2080,sports,3710.47,,2026-02-17T06:33:28.351Z,file:///opt/spark-apps/data/raw/products.csv
2081,Product2081,electronics,1608.53,,2026-02-17T06:33:28.351Z,file:///opt/spark-apps/data/raw/products.csv
2082,Product2082,sports,3759.72,,2026-02-17T06:33:28.351Z,file:///opt/spark-apps/data/raw/products.csv
2083,Product2083,electronics,854.99,,2026-02-17T06:33:28.351Z,file:///opt/spark-apps/data/raw/products.csv
2084,Product2084,electronics,1687.27,,2026-02-17T06:33:28.351Z,file:///opt/spark-apps/data/raw/products.csv
2085,Product2085,electronics,1804.72,,2026-02-17T06:33:28.351Z,file:///opt/spark-apps/data/raw/products.csv
2086,Product2086,books,3463.14,,2026-02-17T06:33:28.351Z,file:///opt/spark-apps/data/raw/products.csv
2087,Product2087,electronics,4968.04,,2026-02-17T06:33:28.351Z,file:///opt/spark-apps/data/raw/products.csv
2088,Product2088,home,4286.2,,2026-02-17T06:33:28.351Z,file:///opt/spark-apps/data/raw/products.csv
2089,Product2089,books,3932.55,,2026-02-17T06:33:28.351Z,file:///opt/spark-apps/data/raw/products.csv
2090,Product2090,clothing,381.15,,2026-02-17T06:33:28.351Z,file:///opt/spark-apps/data/raw/products.csv
2091,Product2091,clothing,4369.28,,2026-02-17T06:33:28.351Z,file:///opt/spark-apps/data/raw/products.csv
2092,Product2092,home,81.67,,2026-02-17T06:33:28.351Z,file:///opt/spark-apps/data/raw/products.csv
2093,Product2093,electronics,999.71,,2026-02-17T06:33:28.351Z,file:///opt/spark-apps/data/raw/products.csv
2094,Product2094,sports,2723.55,,2026-02-17T06:33:28.351Z,file:///opt/spark-apps/data/raw/products.csv
2095,Product2095,clothing,3338.2,,2026-02-17T06:33:28.351Z,file:///opt/spark-apps/data/raw/products.csv
2096,Product2096,electronics,1694.92,,2026-02-17T06:33:28.351Z,file:///opt/spark-apps/data/raw/products.csv
2097,Product2097,home,2576.38,,2026-02-17T06:33:28.351Z,file:///opt/spark-apps/data/raw/products.csv
2098,Product2098,electronics,3617.28,,2026-02-17T06:33:28.351Z,file:///opt/spark-apps/data/raw/products.csv
2099,Product2099,electronics,2301.01,,2026-02-17T06:33:28.351Z,file:///opt/spark-apps/data/raw/products.csv
2100,Product2100,clothing,2420.48,,2026-02-17T06:33:28.351Z,file:///opt/spark-apps/data/raw/products.csv
2101,Product2101,electronics,1759.53,,2026-02-17T06:33:28.351Z,file:///opt/spark-apps/data/raw/products.csv
2102,Product2102,books,3387.0,,2026-02-17T06:33:28.351Z,file:///opt/spark-apps/data/raw/products.csv
2103,Product2103,books,3694.23,,2026-02-17T06:33:28.351Z,file:///opt/spark-apps/data/raw/products.csv
2104,Product2104,books,4684.23,,2026-02-17T06:33:28.351Z,file:///opt/spark-apps/data/raw/products.csv
2105,Product2105,clothing,608.48,,2026-02-17T06:33:28.351Z,file:///opt/spark-apps/data/raw/products.csv
2106,Product2106,home,4567.45,,2026-02-17T06:33:28.351Z,file:///opt/spark-apps/data/raw/products.csv
2107,Product2107,clothing,681.68,,2026-02-17T06:33:28.351Z,file:///opt/spark-apps/data/raw/products.csv
2108,Product2108,sports,3386.89,,2026-02-17T06:33:28.351Z,file:///opt/spark-apps/data/raw/products.csv
2109,Product2109,home,4518.4,,2026-02-17T06:33:28.351Z,file:///opt/spark-apps/data/raw/products.csv
2110,Product2110,books,4443.17,,2026-02-17T06:33:28.351Z,file:///opt/spark-apps/data/raw/products.csv
2111,Product2111,sports,4167.44,,2026-02-17T06:33:28.351Z,file:///opt/spark-apps/data/raw/products.csv
2112,Product2112,home,2238.11,,2026-02-17T06:33:28.351Z,file:///opt/spark-apps/data/raw/products.csv
2113,Product2113,books,2403.09,,2026-02-17T06:33:28.351Z,file:///opt/spark-apps/data/raw/products.csv
2114,Product2114,sports,1065.2,,2026-02-17T06:33:28.351Z,file:///opt/spark-apps/data/raw/products.csv
2115,Product2115,electronics,1259.37,,2026-02-17T06:33:28.351Z,file:///opt/spark-apps/data/raw/products.csv
2116,Product2116,electronics,3169.47,,2026-02-17T06:33:28.351Z,file:///opt/spark-apps/data/raw/products.csv
2117,Product2117,home,4333.38,,2026-02-17T06:33:28.351Z,file:///opt/spark-apps/data/raw/products.csv
2118,Product2118,home,1533.9,,2026-02-17T06:33:28.351Z,file:///opt/spark-apps/data/raw/products.csv
2119,Product2119,electronics,3980.61,,2026-02-17T06:33:28.351Z,file:///opt/spark-apps/data/raw/products.csv
2120,Product2120,electronics,2701.22,,2026-02-17T06:33:28.351Z,file:///opt/spark-apps/data/raw/products.csv
2121,Product2121,home,3071.7,,2026-02-17T06:33:28.351Z,file:///opt/spark-apps/data/raw/products.csv
2122,Product2122,home,4148.72,,2026-02-17T06:33:28.351Z,file:///opt/spark-apps/data/raw/products.csv
2123,Product2123,sports,1194.21,,2026-02-17T06:33:28.351Z,file:///opt/spark-apps/data/raw/products.csv
2124,Product2124,home,3792.18,,2026-02-17T06:33:28.351Z,file:///opt/spark-apps/data/raw/products.csv
2125,Product2125,books,741.8,,2026-02-17T06:33:28.351Z,file:///opt/spark-apps/data/raw/products.csv
2126,Product2126,books,805.43,,2026-02-17T06:33:28.351Z,file:///opt/spark-apps/data/raw/products.csv
2127,Product2127,sports,4712.06,,2026-02-17T06:33:28.351Z,file:///opt/spark-apps/data/raw/products.csv
2128,Product2128,home,3155.26,,2026-02-17T06:33:28.351Z,file:///opt/spark-apps/data/raw/products.csv
2129,Product2129,books,1756.5,,2026-02-17T06:33:28.351Z,file:///opt/spark-apps/data/raw/products.csv
2130,Product2130,clothing,1798.01,,2026-02-17T06:33:28.351Z,file:///opt/spark-apps/data/raw/products.csv
2131,Product2131,clothing,1217.65,,2026-02-17T06:33:28.351Z,file:///opt/spark-apps/data/raw/products.csv
2132,Product2132,home,202.53,,2026-02-17T06:33:28.351Z,file:///opt/spark-apps/data/raw/products.csv
2133,Product2133,home,1886.35,,2026-02-17T06:33:28.351Z,file:///opt/spark-apps/data/raw/products.csv
2134,Product2134,sports,2633.39,,2026-02-17T06:33:28.351Z,file:///opt/spark-apps/data/raw/products.csv
2135,Product2135,sports,3068.59,,2026-02-17T06:33:28.351Z,file:///opt/spark-apps/data/raw/products.csv
2136,Product2136,books,4714.48,,2026-02-17T06:33:28.351Z,file:///opt/spark-apps/data/raw/products.csv
2137,Product2137,clothing,3744.39,,2026-02-17T06:33:28.351Z,file:///opt/spark-apps/data/raw/products.csv
2138,Product2138,sports,3263.21,,2026-02-17T06:33:28.351Z,file:///opt/spark-apps/data/raw/products.csv
2139,Product2139,sports,4533.82,,2026-02-17T06:33:28.351Z,file:///opt/spark-apps/data/raw/products.csv
2140,Product2140,clothing,3992.21,,2026-02-17T06:33:28.351Z,file:///opt/spark-apps/data/raw/products.csv
2141,Product2141,home,3680.99,,2026-02-17T06:33:28.351Z,file:///opt/spark-apps/data/raw/products.csv
2142,Product2142,electronics,241.05,,2026-02-17T06:33:28.351Z,file:///opt/spark-apps/data/raw/products.csv
2143,Product2143,electronics,1447.74,,2026-02-17T06:33:28.351Z,file:///opt/spark-apps/data/raw/products.csv
2144,Product2144,home,2489.71,,2026-02-17T06:33:28.351Z,file:///opt/spark-apps/data/raw/products.csv
2145,Product2145,clothing,2925.93,,2026-02-17T06:33:28.351Z,file:///opt/spark-apps/data/raw/products.csv
2146,Product2146,home,1075.48,,2026-02-17T06:33:28.351Z,file:///opt/spark-apps/data/raw/products.csv
2147,Product2147,sports,3195.8,,2026-02-17T06:33:28.351Z,file:///opt/spark-apps/data/raw/products.csv
2148,Product2148,electronics,1974.99,,2026-02-17T06:33:28.351Z,file:///opt/spark-apps/data/raw/products.csv
2149,Product2149,books,1370.82,,2026-02-17T06:33:28.351Z,file:///opt/spark-apps/data/raw/products.csv
2150,Product2150,books,422.49,,2026-02-17T06:33:28.351Z,file:///opt/spark-apps/data/raw/products.csv
2151,Product2151,books,2770.4,,2026-02-17T06:33:28.351Z,file:///opt/spark-apps/data/raw/products.csv
2152,Product2152,clothing,3478.17,,2026-02-17T06:33:28.351Z,file:///opt/spark-apps/data/raw/products.csv
2153,Product2153,books,1495.69,,2026-02-17T06:33:28.351Z,file:///opt/spark-apps/data/raw/products.csv
2154,Product2154,books,4905.57,,2026-02-17T06:33:28.351Z,file:///opt/spark-apps/data/raw/products.csv
2155,Product2155,books,261.53,,2026-02-17T06:33:28.351Z,file:///opt/spark-apps/data/raw/products.csv
2156,Product2156,sports,2858.07,,2026-02-17T06:33:28.351Z,file:///opt/spark-apps/data/raw/products.csv
2157,Product2157,books,467.51,,2026-02-17T06:33:28.351Z,file:///opt/spark-apps/data/raw/products.csv
2158,Product2158,home,1336.97,,2026-02-17T06:33:28.351Z,file:///opt/spark-apps/data/raw/products.csv
2159,Product2159,sports,551.98,,2026-02-17T06:33:28.351Z,file:///opt/spark-apps/data/raw/products.csv
2160,Product2160,home,3057.3,,2026-02-17T06:33:28.351Z,file:///opt/spark-apps/data/raw/products.csv
2161,Product2161,electronics,2131.18,,2026-02-17T06:33:28.351Z,file:///opt/spark-apps/data/raw/products.csv
2162,Product2162,books,2449.25,,2026-02-17T06:33:28.351Z,file:///opt/spark-apps/data/raw/products.csv
2163,Product2163,books,2688.66,,2026-02-17T06:33:28.351Z,file:///opt/spark-apps/data/raw/products.csv
2164,Product2164,books,4803.71,,2026-02-17T06:33:28.351Z,file:///opt/spark-apps/data/raw/products.csv
2165,Product2165,sports,4685.76,,2026-02-17T06:33:28.351Z,file:///opt/spark-apps/data/raw/products.csv
2166,Product2166,sports,1027.87,,2026-02-17T06:33:28.351Z,file:///opt/spark-apps/data/raw/products.csv
2167,Product2167,electronics,2400.94,,2026-02-17T06:33:28.351Z,file:///opt/spark-apps/data/raw/products.csv
2168,Product2168,clothing,1898.72,,2026-02-17T06:33:28.351Z,file:///opt/spark-apps/data/raw/products.csv
2169,Product2169,sports,2285.24,,2026-02-17T06:33:28.351Z,file:///opt/spark-apps/data/raw/products.csv
2170,Product2170,sports,3720.56,,2026-02-17T06:33:28.351Z,file:///opt/spark-apps/data/raw/products.csv
2171,Product2171,sports,2603.97,,2026-02-17T06:33:28.351Z,file:///opt/spark-apps/data/raw/products.csv
2172,Product2172,sports,420.45,,2026-02-17T06:33:28.351Z,file:///opt/spark-apps/data/raw/products.csv
2173,Product2173,electronics,2044.01,,2026-02-17T06:33:28.351Z,file:///opt/spark-apps/data/raw/products.csv
2174,Product2174,home,3065.03,,2026-02-17T06:33:28.351Z,file:///opt/spark-apps/data/raw/products.csv
2175,Product2175,electronics,4469.47,,2026-02-17T06:33:28.351Z,file:///opt/spark-apps/data/raw/products.csv
2176,Product2176,home,3212.87,,2026-02-17T06:33:28.351Z,file:///opt/spark-apps/data/raw/products.csv
2177,Product2177,sports,421.95,,2026-02-17T06:33:28.351Z,file:///opt/spark-apps/data/raw/products.csv
2178,Product2178,sports,538.02,,2026-02-17T06:33:28.351Z,file:///opt/spark-apps/data/raw/products.csv
2179,Product2179,sports,3767.26,,2026-02-17T06:33:28.351Z,file:///opt/spark-apps/data/raw/products.csv
2180,Product2180,electronics,4159.73,,2026-02-17T06:33:28.351Z,file:///opt/spark-apps/data/raw/products.csv
2181,Product2181,electronics,4447.64,,2026-02-17T06:33:28.351Z,file:///opt/spark-apps/data/raw/products.csv
2182,Product2182,sports,790.26,,2026-02-17T06:33:28.351Z,file:///opt/spark-apps/data/raw/products.csv
2183,Product2183,sports,13.61,,2026-02-17T06:33:28.351Z,file:///opt/spark-apps/data/raw/products.csv
2184,Product2184,electronics,1903.01,,2026-02-17T06:33:28.351Z,file:///opt/spark-apps/data/raw/products.csv
2185,Product2185,home,4313.36,,2026-02-17T06:33:28.351Z,file:///opt/spark-apps/data/raw/products.csv
2186,Product2186,sports,110.15,,2026-02-17T06:33:28.351Z,file:///opt/spark-apps/data/raw/products.csv
2187,Product2187,electronics,2505.89,,2026-02-17T06:33:28.351Z,file:///opt/spark-apps/data/raw/products.csv
2188,Product2188,clothing,186.56,,2026-02-17T06:33:28.351Z,file:///opt/spark-apps/data/raw/products.csv
2189,Product2189,electronics,341.27,,2026-02-17T06:33:28.351Z,file:///opt/spark-apps/data/raw/products.csv
2190,Product2190,sports,561.8,,2026-02-17T06:33:28.351Z,file:///opt/spark-apps/data/raw/products.csv
2191,Product2191,sports,1611.09,,2026-02-17T06:33:28.351Z,file:///opt/spark-apps/data/raw/products.csv
2192,Product2192,books,3856.99,,2026-02-17T06:33:28.351Z,file:///opt/spark-apps/data/raw/products.csv
2193,Product2193,clothing,4018.83,,2026-02-17T06:33:28.351Z,file:///opt/spark-apps/data/raw/products.csv
2194,Product2194,clothing,4076.23,,2026-02-17T06:33:28.351Z,file:///opt/spark-apps/data/raw/products.csv
2195,Product2195,home,1272.36,,2026-02-17T06:33:28.351Z,file:///opt/spark-apps/data/raw/products.csv
2196,Product2196,clothing,3827.35,,2026-02-17T06:33:28.351Z,file:///opt/spark-apps/data/raw/products.csv
2197,Product2197,electronics,721.63,,2026-02-17T06:33:28.351Z,file:///opt/spark-apps/data/raw/products.csv
2198,Product2198,sports,3140.1,,2026-02-17T06:33:28.351Z,file:///opt/spark-apps/data/raw/products.csv
2199,Product2199,books,4329.55,,2026-02-17T06:33:28.351Z,file:///opt/spark-apps/data/raw/products.csv
2200,Product2200,home,2024.76,,2026-02-17T06:33:28.351Z,file:///opt/spark-apps/data/raw/products.csv
2201,Product2201,sports,580.8,,2026-02-17T06:33:28.351Z,file:///opt/spark-apps/data/raw/products.csv
2202,Product2202,clothing,3870.55,,2026-02-17T06:33:28.351Z,file:///opt/spark-apps/data/raw/products.csv
2203,Product2203,sports,739.63,,2026-02-17T06:33:28.351Z,file:///opt/spark-apps/data/raw/products.csv
2204,Product2204,electronics,4336.86,,2026-02-17T06:33:28.351Z,file:///opt/spark-apps/data/raw/products.csv
2205,Product2205,sports,3995.65,,2026-02-17T06:33:28.351Z,file:///opt/spark-apps/data/raw/products.csv
2206,Product2206,home,1726.84,,2026-02-17T06:33:28.351Z,file:///opt/spark-apps/data/raw/products.csv
2207,Product2207,clothing,1010.95,,2026-02-17T06:33:28.351Z,file:///opt/spark-apps/data/raw/products.csv
2208,Product2208,electronics,4665.05,,2026-02-17T06:33:28.351Z,file:///opt/spark-apps/data/raw/products.csv
2209,Product2209,clothing,1280.19,,2026-02-17T06:33:28.351Z,file:///opt/spark-apps/data/raw/products.csv
2210,Product2210,sports,4189.34,,2026-02-17T06:33:28.351Z,file:///opt/spark-apps/data/raw/products.csv
2211,Product2211,books,2642.53,,2026-02-17T06:33:28.351Z,file:///opt/spark-apps/data/raw/products.csv
2212,Product2212,electronics,4238.07,,2026-02-17T06:33:28.351Z,file:///opt/spark-apps/data/raw/products.csv
2213,Product2213,books,2095.59,,2026-02-17T06:33:28.351Z,file:///opt/spark-apps/data/raw/products.csv
2214,Product2214,electronics,4337.7,,2026-02-17T06:33:28.351Z,file:///opt/spark-apps/data/raw/products.csv
2215,Product2215,home,4969.53,,2026-02-17T06:33:28.351Z,file:///opt/spark-apps/data/raw/products.csv
2216,Product2216,sports,3034.88,,2026-02-17T06:33:28.351Z,file:///opt/spark-apps/data/raw/products.csv
2217,Product2217,sports,386.28,,2026-02-17T06:33:28.351Z,file:///opt/spark-apps/data/raw/products.csv
2218,Product2218,electronics,4751.4,,2026-02-17T06:33:28.351Z,file:///opt/spark-apps/data/raw/products.csv
2219,Product2219,electronics,4064.21,,2026-02-17T06:33:28.351Z,file:///opt/spark-apps/data/raw/products.csv
2220,Product2220,electronics,4385.4,,2026-02-17T06:33:28.351Z,file:///opt/spark-apps/data/raw/products.csv
2221,Product2221,home,1543.89,,2026-02-17T06:33:28.351Z,file:///opt/spark-apps/data/raw/products.csv
2222,Product2222,clothing,1810.95,,2026-02-17T06:33:28.351Z,file:///opt/spark-apps/data/raw/products.csv
2223,Product2223,home,3553.13,,2026-02-17T06:33:28.351Z,file:///opt/spark-apps/data/raw/products.csv
2224,Product2224,clothing,2469.26,,2026-02-17T06:33:28.351Z,file:///opt/spark-apps/data/raw/products.csv
2225,Product2225,electronics,126.23,,2026-02-17T06:33:28.351Z,file:///opt/spark-apps/data/raw/products.csv
2226,Product2226,sports,4110.11,,2026-02-17T06:33:28.351Z,file:///opt/spark-apps/data/raw/products.csv
2227,Product2227,electronics,4035.28,,2026-02-17T06:33:28.351Z,file:///opt/spark-apps/data/raw/products.csv
2228,Product2228,clothing,747.97,,2026-02-17T06:33:28.351Z,file:///opt/spark-apps/data/raw/products.csv
2229,Product2229,sports,3908.54,,2026-02-17T06:33:28.351Z,file:///opt/spark-apps/data/raw/products.csv
2230,Product2230,clothing,572.3,,2026-02-17T06:33:28.351Z,file:///opt/spark-apps/data/raw/products.csv
2231,Product2231,sports,968.15,,2026-02-17T06:33:28.351Z,file:///opt/spark-apps/data/raw/products.csv
2232,Product2232,sports,1351.86,,2026-02-17T06:33:28.351Z,file:///opt/spark-apps/data/raw/products.csv
2233,Product2233,electronics,393.96,,2026-02-17T06:33:28.351Z,file:///opt/spark-apps/data/raw/products.csv
2234,Product2234,electronics,3169.23,,2026-02-17T06:33:28.351Z,file:///opt/spark-apps/data/raw/products.csv
2235,Product2235,home,3006.95,,2026-02-17T06:33:28.351Z,file:///opt/spark-apps/data/raw/products.csv
2236,Product2236,clothing,2146.3,,2026-02-17T06:33:28.351Z,file:///opt/spark-apps/data/raw/products.csv
2237,Product2237,home,4651.02,,2026-02-17T06:33:28.351Z,file:///opt/spark-apps/data/raw/products.csv
2238,Product2238,home,2758.78,,2026-02-17T06:33:28.351Z,file:///opt/spark-apps/data/raw/products.csv
2239,Product2239,clothing,2125.53,,2026-02-17T06:33:28.351Z,file:///opt/spark-apps/data/raw/products.csv
2240,Product2240,electronics,46.66,,2026-02-17T06:33:28.351Z,file:///opt/spark-apps/data/raw/products.csv
2241,Product2241,clothing,1654.64,,2026-02-17T06:33:28.351Z,file:///opt/spark-apps/data/raw/products.csv
2242,Product2242,sports,2394.03,,2026-02-17T06:33:28.351Z,file:///opt/spark-apps/data/raw/products.csv
2243,Product2243,electronics,3773.04,,2026-02-17T06:33:28.351Z,file:///opt/spark-apps/data/raw/products.csv
2244,Product2244,home,3051.63,,2026-02-17T06:33:28.351Z,file:///opt/spark-apps/data/raw/products.csv
2245,Product2245,clothing,4574.25,,2026-02-17T06:33:28.351Z,file:///opt/spark-apps/data/raw/products.csv
2246,Product2246,clothing,3383.17,,2026-02-17T06:33:28.351Z,file:///opt/spark-apps/data/raw/products.csv
2247,Product2247,home,207.85,,2026-02-17T06:33:28.351Z,file:///opt/spark-apps/data/raw/products.csv
2248,Product2248,home,3488.33,,2026-02-17T06:33:28.351Z,file:///opt/spark-apps/data/raw/products.csv
2249,Product2249,clothing,2088.54,,2026-02-17T06:33:28.351Z,file:///opt/spark-apps/data/raw/products.csv
2250,Product2250,home,100.11,,2026-02-17T06:33:28.351Z,file:///opt/spark-apps/data/raw/products.csv
2251,Product2251,books,1085.88,,2026-02-17T06:33:28.351Z,file:///opt/spark-apps/data/raw/products.csv
2252,Product2252,clothing,3462.77,,2026-02-17T06:33:28.351Z,file:///opt/spark-apps/data/raw/products.csv
2253,Product2253,clothing,1098.51,,2026-02-17T06:33:28.351Z,file:///opt/spark-apps/data/raw/products.csv
2254,Product2254,home,1881.57,,2026-02-17T06:33:28.351Z,file:///opt/spark-apps/data/raw/products.csv
2255,Product2255,clothing,381.04,,2026-02-17T06:33:28.351Z,file:///opt/spark-apps/data/raw/products.csv
2256,Product2256,clothing,4984.56,,2026-02-17T06:33:28.351Z,file:///opt/spark-apps/data/raw/products.csv
2257,Product2257,electronics,602.04,,2026-02-17T06:33:28.351Z,file:///opt/spark-apps/data/raw/products.csv
2258,Product2258,clothing,325.26,,2026-02-17T06:33:28.351Z,file:///opt/spark-apps/data/raw/products.csv
2259,Product2259,books,476.07,,2026-02-17T06:33:28.351Z,file:///opt/spark-apps/data/raw/products.csv
2260,Product2260,home,1032.24,,2026-02-17T06:33:28.351Z,file:///opt/spark-apps/data/raw/products.csv
2261,Product2261,clothing,333.99,,2026-02-17T06:33:28.351Z,file:///opt/spark-apps/data/raw/products.csv
2262,Product2262,home,4856.22,,2026-02-17T06:33:28.351Z,file:///opt/spark-apps/data/raw/products.csv
2263,Product2263,clothing,2733.39,,2026-02-17T06:33:28.351Z,file:///opt/spark-apps/data/raw/products.csv
2264,Product2264,electronics,3980.41,,2026-02-17T06:33:28.351Z,file:///opt/spark-apps/data/raw/products.csv
2265,Product2265,books,4228.07,,2026-02-17T06:33:28.351Z,file:///opt/spark-apps/data/raw/products.csv
2266,Product2266,electronics,1168.46,,2026-02-17T06:33:28.351Z,file:///opt/spark-apps/data/raw/products.csv
2267,Product2267,books,1805.22,,2026-02-17T06:33:28.351Z,file:///opt/spark-apps/data/raw/products.csv
2268,Product2268,electronics,3445.05,,2026-02-17T06:33:28.351Z,file:///opt/spark-apps/data/raw/products.csv
2269,Product2269,books,4575.68,,2026-02-17T06:33:28.351Z,file:///opt/spark-apps/data/raw/products.csv
2270,Product2270,electronics,2322.21,,2026-02-17T06:33:28.351Z,file:///opt/spark-apps/data/raw/products.csv
2271,Product2271,sports,1896.47,,2026-02-17T06:33:28.351Z,file:///opt/spark-apps/data/raw/products.csv
2272,Product2272,books,2120.89,,2026-02-17T06:33:28.351Z,file:///opt/spark-apps/data/raw/products.csv
2273,Product2273,electronics,192.09,,2026-02-17T06:33:28.351Z,file:///opt/spark-apps/data/raw/products.csv
2274,Product2274,electronics,3303.41,,2026-02-17T06:33:28.351Z,file:///opt/spark-apps/data/raw/products.csv
2275,Product2275,books,2562.4,,2026-02-17T06:33:28.351Z,file:///opt/spark-apps/data/raw/products.csv
2276,Product2276,books,1263.33,,2026-02-17T06:33:28.351Z,file:///opt/spark-apps/data/raw/products.csv
2277,Product2277,clothing,1128.87,,2026-02-17T06:33:28.351Z,file:///opt/spark-apps/data/raw/products.csv
2278,Product2278,home,196.78,,2026-02-17T06:33:28.351Z,file:///opt/spark-apps/data/raw/products.csv
2279,Product2279,home,1729.59,,2026-02-17T06:33:28.351Z,file:///opt/spark-apps/data/raw/products.csv
2280,Product2280,sports,803.76,,2026-02-17T06:33:28.351Z,file:///opt/spark-apps/data/raw/products.csv
2281,Product2281,electronics,3125.74,,2026-02-17T06:33:28.351Z,file:///opt/spark-apps/data/raw/products.csv
2282,Product2282,sports,1280.32,,2026-02-17T06:33:28.351Z,file:///opt/spark-apps/data/raw/products.csv
2283,Product2283,electronics,4797.08,,2026-02-17T06:33:28.351Z,file:///opt/spark-apps/data/raw/products.csv
2284,Product2284,electronics,4365.91,,2026-02-17T06:33:28.351Z,file:///opt/spark-apps/data/raw/products.csv
2285,Product2285,electronics,3108.24,,2026-02-17T06:33:28.351Z,file:///opt/spark-apps/data/raw/products.csv
2286,Product2286,books,1253.0,,2026-02-17T06:33:28.351Z,file:///opt/spark-apps/data/raw/products.csv
2287,Product2287,electronics,1085.96,,2026-02-17T06:33:28.351Z,file:///opt/spark-apps/data/raw/products.csv
2288,Product2288,clothing,936.05,,2026-02-17T06:33:28.351Z,file:///opt/spark-apps/data/raw/products.csv
2289,Product2289,sports,4501.71,,2026-02-17T06:33:28.351Z,file:///opt/spark-apps/data/raw/products.csv
2290,Product2290,books,2033.3,,2026-02-17T06:33:28.351Z,file:///opt/spark-apps/data/raw/products.csv
2291,Product2291,sports,1917.81,,2026-02-17T06:33:28.351Z,file:///opt/spark-apps/data/raw/products.csv
2292,Product2292,home,2315.38,,2026-02-17T06:33:28.351Z,file:///opt/spark-apps/data/raw/products.csv
2293,Product2293,home,3126.59,,2026-02-17T06:33:28.351Z,file:///opt/spark-apps/data/raw/products.csv
2294,Product2294,clothing,4912.1,,2026-02-17T06:33:28.351Z,file:///opt/spark-apps/data/raw/products.csv
2295,Product2295,electronics,367.44,,2026-02-17T06:33:28.351Z,file:///opt/spark-apps/data/raw/products.csv
2296,Product2296,sports,494.74,,2026-02-17T06:33:28.351Z,file:///opt/spark-apps/data/raw/products.csv
2297,Product2297,books,5.07,,2026-02-17T06:33:28.351Z,file:///opt/spark-apps/data/raw/products.csv
2298,Product2298,electronics,2377.89,,2026-02-17T06:33:28.351Z,file:///opt/spark-apps/data/raw/products.csv
2299,Product2299,clothing,3736.22,,2026-02-17T06:33:28.351Z,file:///opt/spark-apps/data/raw/products.csv
2300,Product2300,home,4157.19,,2026-02-17T06:33:28.351Z,file:///opt/spark-apps/data/raw/products.csv
2301,Product2301,sports,1204.85,,2026-02-17T06:33:28.351Z,file:///opt/spark-apps/data/raw/products.csv
2302,Product2302,sports,4535.39,,2026-02-17T06:33:28.351Z,file:///opt/spark-apps/data/raw/products.csv
2303,Product2303,home,596.29,,2026-02-17T06:33:28.351Z,file:///opt/spark-apps/data/raw/products.csv
2304,Product2304,home,3476.86,,2026-02-17T06:33:28.351Z,file:///opt/spark-apps/data/raw/products.csv
2305,Product2305,home,4435.0,,2026-02-17T06:33:28.351Z,file:///opt/spark-apps/data/raw/products.csv
2306,Product2306,electronics,1276.52,,2026-02-17T06:33:28.351Z,file:///opt/spark-apps/data/raw/products.csv
2307,Product2307,sports,1679.7,,2026-02-17T06:33:28.351Z,file:///opt/spark-apps/data/raw/products.csv
2308,Product2308,books,3882.52,,2026-02-17T06:33:28.351Z,file:///opt/spark-apps/data/raw/products.csv
2309,Product2309,sports,2185.73,,2026-02-17T06:33:28.351Z,file:///opt/spark-apps/data/raw/products.csv
2310,Product2310,clothing,2214.58,,2026-02-17T06:33:28.351Z,file:///opt/spark-apps/data/raw/products.csv
2311,Product2311,electronics,108.82,,2026-02-17T06:33:28.351Z,file:///opt/spark-apps/data/raw/products.csv
2312,Product2312,electronics,567.51,,2026-02-17T06:33:28.351Z,file:///opt/spark-apps/data/raw/products.csv
2313,Product2313,electronics,3957.96,,2026-02-17T06:33:28.351Z,file:///opt/spark-apps/data/raw/products.csv
2314,Product2314,books,3235.29,,2026-02-17T06:33:28.351Z,file:///opt/spark-apps/data/raw/products.csv
2315,Product2315,electronics,66.73,,2026-02-17T06:33:28.351Z,file:///opt/spark-apps/data/raw/products.csv
2316,Product2316,home,2508.62,,2026-02-17T06:33:28.351Z,file:///opt/spark-apps/data/raw/products.csv
2317,Product2317,clothing,4197.66,,2026-02-17T06:33:28.351Z,file:///opt/spark-apps/data/raw/products.csv
2318,Product2318,books,1832.8,,2026-02-17T06:33:28.351Z,file:///opt/spark-apps/data/raw/products.csv
2319,Product2319,home,2747.87,,2026-02-17T06:33:28.351Z,file:///opt/spark-apps/data/raw/products.csv
2320,Product2320,clothing,705.55,,2026-02-17T06:33:28.351Z,file:///opt/spark-apps/data/raw/products.csv
2321,Product2321,books,3806.91,,2026-02-17T06:33:28.351Z,file:///opt/spark-apps/data/raw/products.csv
2322,Product2322,electronics,4177.35,,2026-02-17T06:33:28.351Z,file:///opt/spark-apps/data/raw/products.csv
2323,Product2323,clothing,2741.72,,2026-02-17T06:33:28.351Z,file:///opt/spark-apps/data/raw/products.csv
2324,Product2324,electronics,268.65,,2026-02-17T06:33:28.351Z,file:///opt/spark-apps/data/raw/products.csv
2325,Product2325,books,4229.22,,2026-02-17T06:33:28.351Z,file:///opt/spark-apps/data/raw/products.csv
2326,Product2326,home,2271.28,,2026-02-17T06:33:28.351Z,file:///opt/spark-apps/data/raw/products.csv
2327,Product2327,electronics,720.14,,2026-02-17T06:33:28.351Z,file:///opt/spark-apps/data/raw/products.csv
2328,Product2328,home,4338.25,,2026-02-17T06:33:28.351Z,file:///opt/spark-apps/data/raw/products.csv
2329,Product2329,clothing,4879.96,,2026-02-17T06:33:28.351Z,file:///opt/spark-apps/data/raw/products.csv
2330,Product2330,electronics,4712.44,,2026-02-17T06:33:28.351Z,file:///opt/spark-apps/data/raw/products.csv
2331,Product2331,home,3290.96,,2026-02-17T06:33:28.351Z,file:///opt/spark-apps/data/raw/products.csv
2332,Product2332,books,4621.33,,2026-02-17T06:33:28.351Z,file:///opt/spark-apps/data/raw/products.csv
2333,Product2333,clothing,2339.02,,2026-02-17T06:33:28.351Z,file:///opt/spark-apps/data/raw/products.csv
2334,Product2334,clothing,1797.33,,2026-02-17T06:33:28.351Z,file:///opt/spark-apps/data/raw/products.csv
2335,Product2335,sports,1204.37,,2026-02-17T06:33:28.351Z,file:///opt/spark-apps/data/raw/products.csv
2336,Product2336,books,4294.21,,2026-02-17T06:33:28.351Z,file:///opt/spark-apps/data/raw/products.csv
2337,Product2337,electronics,4817.29,,2026-02-17T06:33:28.351Z,file:///opt/spark-apps/data/raw/products.csv
2338,Product2338,home,2397.88,,2026-02-17T06:33:28.351Z,file:///opt/spark-apps/data/raw/products.csv
2339,Product2339,sports,334.06,,2026-02-17T06:33:28.351Z,file:///opt/spark-apps/data/raw/products.csv
2340,Product2340,electronics,4654.27,,2026-02-17T06:33:28.351Z,file:///opt/spark-apps/data/raw/products.csv
2341,Product2341,sports,1310.17,,2026-02-17T06:33:28.351Z,file:///opt/spark-apps/data/raw/products.csv
2342,Product2342,home,351.8,,2026-02-17T06:33:28.351Z,file:///opt/spark-apps/data/raw/products.csv
2343,Product2343,clothing,4021.49,,2026-02-17T06:33:28.351Z,file:///opt/spark-apps/data/raw/products.csv
2344,Product2344,electronics,3413.01,,2026-02-17T06:33:28.351Z,file:///opt/spark-apps/data/raw/products.csv
2345,Product2345,clothing,3682.68,,2026-02-17T06:33:28.351Z,file:///opt/spark-apps/data/raw/products.csv
2346,Product2346,electronics,3020.14,,2026-02-17T06:33:28.351Z,file:///opt/spark-apps/data/raw/products.csv
2347,Product2347,clothing,1305.07,,2026-02-17T06:33:28.351Z,file:///opt/spark-apps/data/raw/products.csv
2348,Product2348,electronics,3542.56,,2026-02-17T06:33:28.351Z,file:///opt/spark-apps/data/raw/products.csv
2349,Product2349,electronics,3272.33,,2026-02-17T06:33:28.351Z,file:///opt/spark-apps/data/raw/products.csv
2350,Product2350,electronics,1602.15,,2026-02-17T06:33:28.351Z,file:///opt/spark-apps/data/raw/products.csv
2351,Product2351,electronics,4479.16,,2026-02-17T06:33:28.351Z,file:///opt/spark-apps/data/raw/products.csv
2352,Product2352,home,2218.38,,2026-02-17T06:33:28.351Z,file:///opt/spark-apps/data/raw/products.csv
2353,Product2353,electronics,183.4,,2026-02-17T06:33:28.351Z,file:///opt/spark-apps/data/raw/products.csv
2354,Product2354,sports,2292.32,,2026-02-17T06:33:28.351Z,file:///opt/spark-apps/data/raw/products.csv
2355,Product2355,electronics,2917.76,,2026-02-17T06:33:28.351Z,file:///opt/spark-apps/data/raw/products.csv
2356,Product2356,electronics,834.71,,2026-02-17T06:33:28.351Z,file:///opt/spark-apps/data/raw/products.csv
2357,Product2357,clothing,3080.49,,2026-02-17T06:33:28.351Z,file:///opt/spark-apps/data/raw/products.csv
2358,Product2358,home,888.98,,2026-02-17T06:33:28.351Z,file:///opt/spark-apps/data/raw/products.csv
2359,Product2359,home,3629.04,,2026-02-17T06:33:28.351Z,file:///opt/spark-apps/data/raw/products.csv
2360,Product2360,books,2409.87,,2026-02-17T06:33:28.351Z,file:///opt/spark-apps/data/raw/products.csv
2361,Product2361,books,2373.01,,2026-02-17T06:33:28.351Z,file:///opt/spark-apps/data/raw/products.csv
2362,Product2362,clothing,2405.66,,2026-02-17T06:33:28.351Z,file:///opt/spark-apps/data/raw/products.csv
2363,Product2363,clothing,4789.59,,2026-02-17T06:33:28.351Z,file:///opt/spark-apps/data/raw/products.csv
2364,Product2364,books,1096.85,,2026-02-17T06:33:28.351Z,file:///opt/spark-apps/data/raw/products.csv
2365,Product2365,electronics,1305.26,,2026-02-17T06:33:28.351Z,file:///opt/spark-apps/data/raw/products.csv
2366,Product2366,electronics,557.95,,2026-02-17T06:33:28.351Z,file:///opt/spark-apps/data/raw/products.csv
2367,Product2367,home,2894.81,,2026-02-17T06:33:28.351Z,file:///opt/spark-apps/data/raw/products.csv
2368,Product2368,clothing,1563.82,,2026-02-17T06:33:28.351Z,file:///opt/spark-apps/data/raw/products.csv
2369,Product2369,home,4072.07,,2026-02-17T06:33:28.351Z,file:///opt/spark-apps/data/raw/products.csv
2370,Product2370,clothing,50.25,,2026-02-17T06:33:28.351Z,file:///opt/spark-apps/data/raw/products.csv
2371,Product2371,sports,4555.34,,2026-02-17T06:33:28.351Z,file:///opt/spark-apps/data/raw/products.csv
2372,Product2372,sports,2167.18,,2026-02-17T06:33:28.351Z,file:///opt/spark-apps/data/raw/products.csv
2373,Product2373,sports,4911.52,,2026-02-17T06:33:28.351Z,file:///opt/spark-apps/data/raw/products.csv
2374,Product2374,home,4302.9,,2026-02-17T06:33:28.351Z,file:///opt/spark-apps/data/raw/products.csv
2375,Product2375,clothing,1686.49,,2026-02-17T06:33:28.351Z,file:///opt/spark-apps/data/raw/products.csv
2376,Product2376,sports,67.43,,2026-02-17T06:33:28.351Z,file:///opt/spark-apps/data/raw/products.csv
2377,Product2377,sports,250.43,,2026-02-17T06:33:28.351Z,file:///opt/spark-apps/data/raw/products.csv
2378,Product2378,sports,270.72,,2026-02-17T06:33:28.351Z,file:///opt/spark-apps/data/raw/products.csv
2379,Product2379,electronics,912.34,,2026-02-17T06:33:28.351Z,file:///opt/spark-apps/data/raw/products.csv
2380,Product2380,books,2421.22,,2026-02-17T06:33:28.351Z,file:///opt/spark-apps/data/raw/products.csv
2381,Product2381,clothing,3742.69,,2026-02-17T06:33:28.351Z,file:///opt/spark-apps/data/raw/products.csv
2382,Product2382,sports,1182.09,,2026-02-17T06:33:28.351Z,file:///opt/spark-apps/data/raw/products.csv
2383,Product2383,electronics,4302.3,,2026-02-17T06:33:28.351Z,file:///opt/spark-apps/data/raw/products.csv
2384,Product2384,home,3003.6,,2026-02-17T06:33:28.351Z,file:///opt/spark-apps/data/raw/products.csv
2385,Product2385,home,2407.15,,2026-02-17T06:33:28.351Z,file:///opt/spark-apps/data/raw/products.csv
2386,Product2386,books,3519.02,,2026-02-17T06:33:28.351Z,file:///opt/spark-apps/data/raw/products.csv
2387,Product2387,books,4441.7,,2026-02-17T06:33:28.351Z,file:///opt/spark-apps/data/raw/products.csv
2388,Product2388,sports,4012.88,,2026-02-17T06:33:28.351Z,file:///opt/spark-apps/data/raw/products.csv
2389,Product2389,electronics,1912.91,,2026-02-17T06:33:28.351Z,file:///opt/spark-apps/data/raw/products.csv
2390,Product2390,clothing,4563.38,,2026-02-17T06:33:28.351Z,file:///opt/spark-apps/data/raw/products.csv
2391,Product2391,clothing,367.39,,2026-02-17T06:33:28.351Z,file:///opt/spark-apps/data/raw/products.csv
2392,Product2392,clothing,834.39,,2026-02-17T06:33:28.351Z,file:///opt/spark-apps/data/raw/products.csv
2393,Product2393,books,2278.51,,2026-02-17T06:33:28.351Z,file:///opt/spark-apps/data/raw/products.csv
2394,Product2394,books,3639.29,,2026-02-17T06:33:28.351Z,file:///opt/spark-apps/data/raw/products.csv
2395,Product2395,home,3612.53,,2026-02-17T06:33:28.351Z,file:///opt/spark-apps/data/raw/products.csv
2396,Product2396,electronics,22.0,,2026-02-17T06:33:28.351Z,file:///opt/spark-apps/data/raw/products.csv
2397,Product2397,sports,3318.25,,2026-02-17T06:33:28.351Z,file:///opt/spark-apps/data/raw/products.csv
2398,Product2398,books,2784.18,,2026-02-17T06:33:28.351Z,file:///opt/spark-apps/data/raw/products.csv
2399,Product2399,clothing,2342.46,,2026-02-17T06:33:28.351Z,file:///opt/spark-apps/data/raw/products.csv
2400,Product2400,sports,1153.54,,2026-02-17T06:33:28.351Z,file:///opt/spark-apps/data/raw/products.csv
2401,Product2401,books,4323.27,,2026-02-17T06:33:28.351Z,file:///opt/spark-apps/data/raw/products.csv
2402,Product2402,sports,3923.44,,2026-02-17T06:33:28.351Z,file:///opt/spark-apps/data/raw/products.csv
2403,Product2403,clothing,879.89,,2026-02-17T06:33:28.351Z,file:///opt/spark-apps/data/raw/products.csv
2404,Product2404,home,474.19,,2026-02-17T06:33:28.351Z,file:///opt/spark-apps/data/raw/products.csv
2405,Product2405,sports,225.19,,2026-02-17T06:33:28.351Z,file:///opt/spark-apps/data/raw/products.csv
2406,Product2406,clothing,4174.7,,2026-02-17T06:33:28.351Z,file:///opt/spark-apps/data/raw/products.csv
2407,Product2407,books,227.81,,2026-02-17T06:33:28.351Z,file:///opt/spark-apps/data/raw/products.csv
2408,Product2408,clothing,4193.05,,2026-02-17T06:33:28.351Z,file:///opt/spark-apps/data/raw/products.csv
2409,Product2409,clothing,1108.98,,2026-02-17T06:33:28.351Z,file:///opt/spark-apps/data/raw/products.csv
2410,Product2410,home,1580.56,,2026-02-17T06:33:28.351Z,file:///opt/spark-apps/data/raw/products.csv
2411,Product2411,electronics,1594.74,,2026-02-17T06:33:28.351Z,file:///opt/spark-apps/data/raw/products.csv
2412,Product2412,books,348.61,,2026-02-17T06:33:28.351Z,file:///opt/spark-apps/data/raw/products.csv
2413,Product2413,home,3534.01,,2026-02-17T06:33:28.351Z,file:///opt/spark-apps/data/raw/products.csv
2414,Product2414,electronics,2914.82,,2026-02-17T06:33:28.351Z,file:///opt/spark-apps/data/raw/products.csv
2415,Product2415,clothing,4632.53,,2026-02-17T06:33:28.351Z,file:///opt/spark-apps/data/raw/products.csv
2416,Product2416,sports,2529.67,,2026-02-17T06:33:28.351Z,file:///opt/spark-apps/data/raw/products.csv
2417,Product2417,clothing,3759.94,,2026-02-17T06:33:28.351Z,file:///opt/spark-apps/data/raw/products.csv
2418,Product2418,clothing,2487.12,,2026-02-17T06:33:28.351Z,file:///opt/spark-apps/data/raw/products.csv
2419,Product2419,electronics,994.89,,2026-02-17T06:33:28.351Z,file:///opt/spark-apps/data/raw/products.csv
2420,Product2420,clothing,242.78,,2026-02-17T06:33:28.351Z,file:///opt/spark-apps/data/raw/products.csv
2421,Product2421,clothing,1920.59,,2026-02-17T06:33:28.351Z,file:///opt/spark-apps/data/raw/products.csv
2422,Product2422,books,1696.28,,2026-02-17T06:33:28.351Z,file:///opt/spark-apps/data/raw/products.csv
2423,Product2423,home,1755.21,,2026-02-17T06:33:28.351Z,file:///opt/spark-apps/data/raw/products.csv
2424,Product2424,books,940.54,,2026-02-17T06:33:28.351Z,file:///opt/spark-apps/data/raw/products.csv
2425,Product2425,sports,3963.9,,2026-02-17T06:33:28.351Z,file:///opt/spark-apps/data/raw/products.csv
2426,Product2426,electronics,491.33,,2026-02-17T06:33:28.351Z,file:///opt/spark-apps/data/raw/products.csv
2427,Product2427,sports,3556.01,,2026-02-17T06:33:28.351Z,file:///opt/spark-apps/data/raw/products.csv
2428,Product2428,sports,1885.06,,2026-02-17T06:33:28.351Z,file:///opt/spark-apps/data/raw/products.csv
2429,Product2429,sports,1382.67,,2026-02-17T06:33:28.351Z,file:///opt/spark-apps/data/raw/products.csv
2430,Product2430,home,3856.77,,2026-02-17T06:33:28.351Z,file:///opt/spark-apps/data/raw/products.csv
2431,Product2431,home,1072.29,,2026-02-17T06:33:28.351Z,file:///opt/spark-apps/data/raw/products.csv
2432,Product2432,sports,4682.22,,2026-02-17T06:33:28.351Z,file:///opt/spark-apps/data/raw/products.csv
2433,Product2433,books,1526.8,,2026-02-17T06:33:28.351Z,file:///opt/spark-apps/data/raw/products.csv
2434,Product2434,books,1211.23,,2026-02-17T06:33:28.351Z,file:///opt/spark-apps/data/raw/products.csv
2435,Product2435,electronics,3025.95,,2026-02-17T06:33:28.351Z,file:///opt/spark-apps/data/raw/products.csv
2436,Product2436,electronics,4476.72,,2026-02-17T06:33:28.351Z,file:///opt/spark-apps/data/raw/products.csv
2437,Product2437,clothing,605.44,,2026-02-17T06:33:28.351Z,file:///opt/spark-apps/data/raw/products.csv
2438,Product2438,books,2309.16,,2026-02-17T06:33:28.351Z,file:///opt/spark-apps/data/raw/products.csv
2439,Product2439,sports,4932.2,,2026-02-17T06:33:28.351Z,file:///opt/spark-apps/data/raw/products.csv
2440,Product2440,sports,3893.65,,2026-02-17T06:33:28.351Z,file:///opt/spark-apps/data/raw/products.csv
2441,Product2441,books,2029.35,,2026-02-17T06:33:28.351Z,file:///opt/spark-apps/data/raw/products.csv
2442,Product2442,home,100.04,,2026-02-17T06:33:28.351Z,file:///opt/spark-apps/data/raw/products.csv
2443,Product2443,home,4693.77,,2026-02-17T06:33:28.351Z,file:///opt/spark-apps/data/raw/products.csv
2444,Product2444,sports,1118.99,,2026-02-17T06:33:28.351Z,file:///opt/spark-apps/data/raw/products.csv
2445,Product2445,books,4829.75,,2026-02-17T06:33:28.351Z,file:///opt/spark-apps/data/raw/products.csv
2446,Product2446,books,674.94,,2026-02-17T06:33:28.351Z,file:///opt/spark-apps/data/raw/products.csv
2447,Product2447,electronics,1836.24,,2026-02-17T06:33:28.351Z,file:///opt/spark-apps/data/raw/products.csv
2448,Product2448,clothing,2143.63,,2026-02-17T06:33:28.351Z,file:///opt/spark-apps/data/raw/products.csv
2449,Product2449,sports,3589.45,,2026-02-17T06:33:28.351Z,file:///opt/spark-apps/data/raw/products.csv
2450,Product2450,clothing,2656.48,,2026-02-17T06:33:28.351Z,file:///opt/spark-apps/data/raw/products.csv
2451,Product2451,clothing,3623.03,,2026-02-17T06:33:28.351Z,file:///opt/spark-apps/data/raw/products.csv
2452,Product2452,home,2841.45,,2026-02-17T06:33:28.351Z,file:///opt/spark-apps/data/raw/products.csv
2453,Product2453,electronics,4441.37,,2026-02-17T06:33:28.351Z,file:///opt/spark-apps/data/raw/products.csv
2454,Product2454,sports,560.25,,2026-02-17T06:33:28.351Z,file:///opt/spark-apps/data/raw/products.csv
2455,Product2455,books,3291.41,,2026-02-17T06:33:28.351Z,file:///opt/spark-apps/data/raw/products.csv
2456,Product2456,clothing,1491.39,,2026-02-17T06:33:28.351Z,file:///opt/spark-apps/data/raw/products.csv
2457,Product2457,books,258.64,,2026-02-17T06:33:28.351Z,file:///opt/spark-apps/data/raw/products.csv
2458,Product2458,electronics,4598.19,,2026-02-17T06:33:28.351Z,file:///opt/spark-apps/data/raw/products.csv
2459,Product2459,sports,4305.37,,2026-02-17T06:33:28.351Z,file:///opt/spark-apps/data/raw/products.csv
2460,Product2460,home,4602.05,,2026-02-17T06:33:28.351Z,file:///opt/spark-apps/data/raw/products.csv
2461,Product2461,sports,4594.75,,2026-02-17T06:33:28.351Z,file:///opt/spark-apps/data/raw/products.csv
2462,Product2462,sports,1910.86,,2026-02-17T06:33:28.351Z,file:///opt/spark-apps/data/raw/products.csv
2463,Product2463,electronics,4514.23,,2026-02-17T06:33:28.351Z,file:///opt/spark-apps/data/raw/products.csv
2464,Product2464,sports,1737.34,,2026-02-17T06:33:28.351Z,file:///opt/spark-apps/data/raw/products.csv
2465,Product2465,electronics,3566.2,,2026-02-17T06:33:28.351Z,file:///opt/spark-apps/data/raw/products.csv
2466,Product2466,sports,4037.7,,2026-02-17T06:33:28.351Z,file:///opt/spark-apps/data/raw/products.csv
2467,Product2467,home,2751.94,,2026-02-17T06:33:28.351Z,file:///opt/spark-apps/data/raw/products.csv
2468,Product2468,clothing,4608.43,,2026-02-17T06:33:28.351Z,file:///opt/spark-apps/data/raw/products.csv
2469,Product2469,sports,2123.63,,2026-02-17T06:33:28.351Z,file:///opt/spark-apps/data/raw/products.csv
2470,Product2470,books,150.87,,2026-02-17T06:33:28.351Z,file:///opt/spark-apps/data/raw/products.csv
2471,Product2471,sports,1999.56,,2026-02-17T06:33:28.351Z,file:///opt/spark-apps/data/raw/products.csv
2472,Product2472,books,3672.18,,2026-02-17T06:33:28.351Z,file:///opt/spark-apps/data/raw/products.csv
2473,Product2473,electronics,4656.88,,2026-02-17T06:33:28.351Z,file:///opt/spark-apps/data/raw/products.csv
2474,Product2474,home,933.63,,2026-02-17T06:33:28.351Z,file:///opt/spark-apps/data/raw/products.csv
2475,Product2475,books,757.0,,2026-02-17T06:33:28.351Z,file:///opt/spark-apps/data/raw/products.csv
2476,Product2476,clothing,3097.63,,2026-02-17T06:33:28.351Z,file:///opt/spark-apps/data/raw/products.csv
2477,Product2477,electronics,2677.13,,2026-02-17T06:33:28.351Z,file:///opt/spark-apps/data/raw/products.csv
2478,Product2478,sports,2826.03,,2026-02-17T06:33:28.351Z,file:///opt/spark-apps/data/raw/products.csv
2479,Product2479,sports,990.06,,2026-02-17T06:33:28.351Z,file:///opt/spark-apps/data/raw/products.csv
2480,Product2480,home,3506.37,,2026-02-17T06:33:28.351Z,file:///opt/spark-apps/data/raw/products.csv
2481,Product2481,home,1554.68,,2026-02-17T06:33:28.351Z,file:///opt/spark-apps/data/raw/products.csv
2482,Product2482,home,2770.83,,2026-02-17T06:33:28.351Z,file:///opt/spark-apps/data/raw/products.csv
2483,Product2483,electronics,4336.21,,2026-02-17T06:33:28.351Z,file:///opt/spark-apps/data/raw/products.csv
2484,Product2484,sports,952.87,,2026-02-17T06:33:28.351Z,file:///opt/spark-apps/data/raw/products.csv
2485,Product2485,clothing,242.19,,2026-02-17T06:33:28.351Z,file:///opt/spark-apps/data/raw/products.csv
2486,Product2486,books,835.45,,2026-02-17T06:33:28.351Z,file:///opt/spark-apps/data/raw/products.csv
2487,Product2487,electronics,2301.65,,2026-02-17T06:33:28.351Z,file:///opt/spark-apps/data/raw/products.csv
2488,Product2488,books,2542.82,,2026-02-17T06:33:28.351Z,file:///opt/spark-apps/data/raw/products.csv
2489,Product2489,clothing,3308.66,,2026-02-17T06:33:28.351Z,file:///opt/spark-apps/data/raw/products.csv
2490,Product2490,clothing,2452.82,,2026-02-17T06:33:28.351Z,file:///opt/spark-apps/data/raw/products.csv
2491,Product2491,home,3943.86,,2026-02-17T06:33:28.351Z,file:///opt/spark-apps/data/raw/products.csv
2492,Product2492,sports,2359.52,,2026-02-17T06:33:28.351Z,file:///opt/spark-apps/data/raw/products.csv
2493,Product2493,books,1213.28,,2026-02-17T06:33:28.351Z,file:///opt/spark-apps/data/raw/products.csv
2494,Product2494,home,1491.97,,2026-02-17T06:33:28.351Z,file:///opt/spark-apps/data/raw/products.csv
2495,Product2495,home,470.87,,2026-02-17T06:33:28.351Z,file:///opt/spark-apps/data/raw/products.csv
2496,Product2496,electronics,1964.17,,2026-02-17T06:33:28.351Z,file:///opt/spark-apps/data/raw/products.csv
2497,Product2497,books,4353.92,,2026-02-17T06:33:28.351Z,file:///opt/spark-apps/data/raw/products.csv
2498,Product2498,electronics,3621.56,,2026-02-17T06:33:28.351Z,file:///opt/spark-apps/data/raw/products.csv
2499,Product2499,books,4377.08,,2026-02-17T06:33:28.351Z,file:///opt/spark-apps/data/raw/products.csv
2500,Product2500,clothing,2347.45,,2026-02-17T06:33:28.351Z,file:///opt/spark-apps/data/raw/products.csv
2501,Product2501,books,4172.1,,2026-02-17T06:33:28.351Z,file:///opt/spark-apps/data/raw/products.csv
2502,Product2502,home,3287.02,,2026-02-17T06:33:28.351Z,file:///opt/spark-apps/data/raw/products.csv
2503,Product2503,electronics,2472.45,,2026-02-17T06:33:28.351Z,file:///opt/spark-apps/data/raw/products.csv
2504,Product2504,sports,4711.2,,2026-02-17T06:33:28.351Z,file:///opt/spark-apps/data/raw/products.csv
2505,Product2505,home,4991.94,,2026-02-17T06:33:28.351Z,file:///opt/spark-apps/data/raw/products.csv
2506,Product2506,sports,3740.26,,2026-02-17T06:33:28.351Z,file:///opt/spark-apps/data/raw/products.csv
2507,Product2507,clothing,3715.12,,2026-02-17T06:33:28.351Z,file:///opt/spark-apps/data/raw/products.csv
2508,Product2508,books,537.1,,2026-02-17T06:33:28.351Z,file:///opt/spark-apps/data/raw/products.csv
2509,Product2509,books,4907.24,,2026-02-17T06:33:28.351Z,file:///opt/spark-apps/data/raw/products.csv
2510,Product2510,home,3480.64,,2026-02-17T06:33:28.351Z,file:///opt/spark-apps/data/raw/products.csv
2511,Product2511,home,2644.0,,2026-02-17T06:33:28.351Z,file:///opt/spark-apps/data/raw/products.csv
2512,Product2512,clothing,85.17,,2026-02-17T06:33:28.351Z,file:///opt/spark-apps/data/raw/products.csv
2513,Product2513,clothing,156.32,,2026-02-17T06:33:28.351Z,file:///opt/spark-apps/data/raw/products.csv
2514,Product2514,home,3309.06,,2026-02-17T06:33:28.351Z,file:///opt/spark-apps/data/raw/products.csv
2515,Product2515,books,1877.54,,2026-02-17T06:33:28.351Z,file:///opt/spark-apps/data/raw/products.csv
2516,Product2516,electronics,1911.85,,2026-02-17T06:33:28.351Z,file:///opt/spark-apps/data/raw/products.csv
2517,Product2517,home,1963.29,,2026-02-17T06:33:28.351Z,file:///opt/spark-apps/data/raw/products.csv
2518,Product2518,electronics,2064.15,,2026-02-17T06:33:28.351Z,file:///opt/spark-apps/data/raw/products.csv
2519,Product2519,electronics,834.19,,2026-02-17T06:33:28.351Z,file:///opt/spark-apps/data/raw/products.csv
2520,Product2520,clothing,2310.69,,2026-02-17T06:33:28.351Z,file:///opt/spark-apps/data/raw/products.csv
2521,Product2521,sports,2447.64,,2026-02-17T06:33:28.351Z,file:///opt/spark-apps/data/raw/products.csv
2522,Product2522,electronics,1198.16,,2026-02-17T06:33:28.351Z,file:///opt/spark-apps/data/raw/products.csv
2523,Product2523,clothing,4217.27,,2026-02-17T06:33:28.351Z,file:///opt/spark-apps/data/raw/products.csv
2524,Product2524,clothing,2410.33,,2026-02-17T06:33:28.351Z,file:///opt/spark-apps/data/raw/products.csv
2525,Product2525,home,779.44,,2026-02-17T06:33:28.351Z,file:///opt/spark-apps/data/raw/products.csv
2526,Product2526,home,1065.55,,2026-02-17T06:33:28.351Z,file:///opt/spark-apps/data/raw/products.csv
2527,Product2527,home,2817.9,,2026-02-17T06:33:28.351Z,file:///opt/spark-apps/data/raw/products.csv
2528,Product2528,home,1376.47,,2026-02-17T06:33:28.351Z,file:///opt/spark-apps/data/raw/products.csv
2529,Product2529,clothing,4479.22,,2026-02-17T06:33:28.351Z,file:///opt/spark-apps/data/raw/products.csv
2530,Product2530,home,2951.83,,2026-02-17T06:33:28.351Z,file:///opt/spark-apps/data/raw/products.csv
2531,Product2531,books,4229.37,,2026-02-17T06:33:28.351Z,file:///opt/spark-apps/data/raw/products.csv
2532,Product2532,books,1690.23,,2026-02-17T06:33:28.351Z,file:///opt/spark-apps/data/raw/products.csv
2533,Product2533,clothing,3451.16,,2026-02-17T06:33:28.351Z,file:///opt/spark-apps/data/raw/products.csv
2534,Product2534,sports,3148.43,,2026-02-17T06:33:28.351Z,file:///opt/spark-apps/data/raw/products.csv
2535,Product2535,sports,3709.46,,2026-02-17T06:33:28.351Z,file:///opt/spark-apps/data/raw/products.csv
2536,Product2536,home,3417.87,,2026-02-17T06:33:28.351Z,file:///opt/spark-apps/data/raw/products.csv
2537,Product2537,electronics,337.78,,2026-02-17T06:33:28.351Z,file:///opt/spark-apps/data/raw/products.csv
2538,Product2538,clothing,577.97,,2026-02-17T06:33:28.351Z,file:///opt/spark-apps/data/raw/products.csv
2539,Product2539,electronics,117.58,,2026-02-17T06:33:28.351Z,file:///opt/spark-apps/data/raw/products.csv
2540,Product2540,electronics,1875.06,,2026-02-17T06:33:28.351Z,file:///opt/spark-apps/data/raw/products.csv
2541,Product2541,electronics,4251.57,,2026-02-17T06:33:28.351Z,file:///opt/spark-apps/data/raw/products.csv
2542,Product2542,home,488.82,,2026-02-17T06:33:28.351Z,file:///opt/spark-apps/data/raw/products.csv
2543,Product2543,electronics,4200.14,,2026-02-17T06:33:28.351Z,file:///opt/spark-apps/data/raw/products.csv
2544,Product2544,sports,4401.7,,2026-02-17T06:33:28.351Z,file:///opt/spark-apps/data/raw/products.csv
2545,Product2545,electronics,4345.51,,2026-02-17T06:33:28.351Z,file:///opt/spark-apps/data/raw/products.csv
2546,Product2546,electronics,565.5,,2026-02-17T06:33:28.351Z,file:///opt/spark-apps/data/raw/products.csv
2547,Product2547,home,555.8,,2026-02-17T06:33:28.351Z,file:///opt/spark-apps/data/raw/products.csv
2548,Product2548,books,842.07,,2026-02-17T06:33:28.351Z,file:///opt/spark-apps/data/raw/products.csv
2549,Product2549,clothing,1196.07,,2026-02-17T06:33:28.351Z,file:///opt/spark-apps/data/raw/products.csv
2550,Product2550,electronics,3712.15,,2026-02-17T06:33:28.351Z,file:///opt/spark-apps/data/raw/products.csv
2551,Product2551,electronics,4502.5,,2026-02-17T06:33:28.351Z,file:///opt/spark-apps/data/raw/products.csv
2552,Product2552,clothing,1558.31,,2026-02-17T06:33:28.351Z,file:///opt/spark-apps/data/raw/products.csv
2553,Product2553,sports,1687.88,,2026-02-17T06:33:28.351Z,file:///opt/spark-apps/data/raw/products.csv
2554,Product2554,home,4027.19,,2026-02-17T06:33:28.351Z,file:///opt/spark-apps/data/raw/products.csv
2555,Product2555,sports,1117.54,,2026-02-17T06:33:28.351Z,file:///opt/spark-apps/data/raw/products.csv
2556,Product2556,sports,29.19,,2026-02-17T06:33:28.351Z,file:///opt/spark-apps/data/raw/products.csv
2557,Product2557,sports,3202.17,,2026-02-17T06:33:28.351Z,file:///opt/spark-apps/data/raw/products.csv
2558,Product2558,books,3184.37,,2026-02-17T06:33:28.351Z,file:///opt/spark-apps/data/raw/products.csv
2559,Product2559,home,2679.41,,2026-02-17T06:33:28.351Z,file:///opt/spark-apps/data/raw/products.csv
2560,Product2560,electronics,4320.58,,2026-02-17T06:33:28.351Z,file:///opt/spark-apps/data/raw/products.csv
2561,Product2561,home,4438.24,,2026-02-17T06:33:28.351Z,file:///opt/spark-apps/data/raw/products.csv
2562,Product2562,sports,3791.09,,2026-02-17T06:33:28.351Z,file:///opt/spark-apps/data/raw/products.csv
2563,Product2563,electronics,3651.16,,2026-02-17T06:33:28.351Z,file:///opt/spark-apps/data/raw/products.csv
2564,Product2564,electronics,551.77,,2026-02-17T06:33:28.351Z,file:///opt/spark-apps/data/raw/products.csv
2565,Product2565,books,2846.23,,2026-02-17T06:33:28.351Z,file:///opt/spark-apps/data/raw/products.csv
2566,Product2566,electronics,1849.19,,2026-02-17T06:33:28.351Z,file:///opt/spark-apps/data/raw/products.csv
2567,Product2567,clothing,991.87,,2026-02-17T06:33:28.351Z,file:///opt/spark-apps/data/raw/products.csv
2568,Product2568,electronics,1977.51,,2026-02-17T06:33:28.351Z,file:///opt/spark-apps/data/raw/products.csv
2569,Product2569,clothing,114.4,,2026-02-17T06:33:28.351Z,file:///opt/spark-apps/data/raw/products.csv
2570,Product2570,electronics,4340.95,,2026-02-17T06:33:28.351Z,file:///opt/spark-apps/data/raw/products.csv
2571,Product2571,sports,3795.77,,2026-02-17T06:33:28.351Z,file:///opt/spark-apps/data/raw/products.csv
2572,Product2572,clothing,2208.91,,2026-02-17T06:33:28.351Z,file:///opt/spark-apps/data/raw/products.csv
2573,Product2573,books,1512.28,,2026-02-17T06:33:28.351Z,file:///opt/spark-apps/data/raw/products.csv
2574,Product2574,books,3484.61,,2026-02-17T06:33:28.351Z,file:///opt/spark-apps/data/raw/products.csv
2575,Product2575,sports,766.47,,2026-02-17T06:33:28.351Z,file:///opt/spark-apps/data/raw/products.csv
2576,Product2576,home,3549.15,,2026-02-17T06:33:28.351Z,file:///opt/spark-apps/data/raw/products.csv
2577,Product2577,home,3305.16,,2026-02-17T06:33:28.351Z,file:///opt/spark-apps/data/raw/products.csv
2578,Product2578,books,4361.75,,2026-02-17T06:33:28.351Z,file:///opt/spark-apps/data/raw/products.csv
2579,Product2579,electronics,1452.1,,2026-02-17T06:33:28.351Z,file:///opt/spark-apps/data/raw/products.csv
2580,Product2580,home,3006.69,,2026-02-17T06:33:28.351Z,file:///opt/spark-apps/data/raw/products.csv
2581,Product2581,home,1119.79,,2026-02-17T06:33:28.351Z,file:///opt/spark-apps/data/raw/products.csv
2582,Product2582,sports,4647.89,,2026-02-17T06:33:28.351Z,file:///opt/spark-apps/data/raw/products.csv
2583,Product2583,clothing,2641.85,,2026-02-17T06:33:28.351Z,file:///opt/spark-apps/data/raw/products.csv
2584,Product2584,clothing,3582.01,,2026-02-17T06:33:28.351Z,file:///opt/spark-apps/data/raw/products.csv
2585,Product2585,sports,2660.6,,2026-02-17T06:33:28.351Z,file:///opt/spark-apps/data/raw/products.csv
2586,Product2586,electronics,1986.48,,2026-02-17T06:33:28.351Z,file:///opt/spark-apps/data/raw/products.csv
2587,Product2587,books,4930.89,,2026-02-17T06:33:28.351Z,file:///opt/spark-apps/data/raw/products.csv
2588,Product2588,sports,809.18,,2026-02-17T06:33:28.351Z,file:///opt/spark-apps/data/raw/products.csv
2589,Product2589,electronics,1136.01,,2026-02-17T06:33:28.351Z,file:///opt/spark-apps/data/raw/products.csv
2590,Product2590,home,134.84,,2026-02-17T06:33:28.351Z,file:///opt/spark-apps/data/raw/products.csv
2591,Product2591,sports,3157.59,,2026-02-17T06:33:28.351Z,file:///opt/spark-apps/data/raw/products.csv
2592,Product2592,sports,4213.04,,2026-02-17T06:33:28.351Z,file:///opt/spark-apps/data/raw/products.csv
2593,Product2593,sports,1097.07,,2026-02-17T06:33:28.351Z,file:///opt/spark-apps/data/raw/products.csv
2594,Product2594,clothing,103.81,,2026-02-17T06:33:28.351Z,file:///opt/spark-apps/data/raw/products.csv
2595,Product2595,home,2903.1,,2026-02-17T06:33:28.351Z,file:///opt/spark-apps/data/raw/products.csv
2596,Product2596,electronics,2848.61,,2026-02-17T06:33:28.351Z,file:///opt/spark-apps/data/raw/products.csv
2597,Product2597,home,3158.55,,2026-02-17T06:33:28.351Z,file:///opt/spark-apps/data/raw/products.csv
2598,Product2598,home,4460.05,,2026-02-17T06:33:28.351Z,file:///opt/spark-apps/data/raw/products.csv
2599,Product2599,home,558.98,,2026-02-17T06:33:28.351Z,file:///opt/spark-apps/data/raw/products.csv
2600,Product2600,home,4323.15,,2026-02-17T06:33:28.351Z,file:///opt/spark-apps/data/raw/products.csv
2601,Product2601,home,1269.35,,2026-02-17T06:33:28.351Z,file:///opt/spark-apps/data/raw/products.csv
2602,Product2602,home,1649.82,,2026-02-17T06:33:28.351Z,file:///opt/spark-apps/data/raw/products.csv
2603,Product2603,books,1471.34,,2026-02-17T06:33:28.351Z,file:///opt/spark-apps/data/raw/products.csv
2604,Product2604,books,4301.62,,2026-02-17T06:33:28.351Z,file:///opt/spark-apps/data/raw/products.csv
2605,Product2605,books,526.65,,2026-02-17T06:33:28.351Z,file:///opt/spark-apps/data/raw/products.csv
2606,Product2606,home,2376.58,,2026-02-17T06:33:28.351Z,file:///opt/spark-apps/data/raw/products.csv
2607,Product2607,clothing,4098.94,,2026-02-17T06:33:28.351Z,file:///opt/spark-apps/data/raw/products.csv
2608,Product2608,sports,475.96,,2026-02-17T06:33:28.351Z,file:///opt/spark-apps/data/raw/products.csv
2609,Product2609,sports,813.39,,2026-02-17T06:33:28.351Z,file:///opt/spark-apps/data/raw/products.csv
2610,Product2610,books,1222.94,,2026-02-17T06:33:28.351Z,file:///opt/spark-apps/data/raw/products.csv
2611,Product2611,electronics,3829.45,,2026-02-17T06:33:28.351Z,file:///opt/spark-apps/data/raw/products.csv
2612,Product2612,electronics,1411.47,,2026-02-17T06:33:28.351Z,file:///opt/spark-apps/data/raw/products.csv
2613,Product2613,books,1798.38,,2026-02-17T06:33:28.351Z,file:///opt/spark-apps/data/raw/products.csv
2614,Product2614,home,3321.59,,2026-02-17T06:33:28.351Z,file:///opt/spark-apps/data/raw/products.csv
2615,Product2615,sports,716.33,,2026-02-17T06:33:28.351Z,file:///opt/spark-apps/data/raw/products.csv
2616,Product2616,books,1424.32,,2026-02-17T06:33:28.351Z,file:///opt/spark-apps/data/raw/products.csv
2617,Product2617,books,4705.96,,2026-02-17T06:33:28.351Z,file:///opt/spark-apps/data/raw/products.csv
2618,Product2618,sports,4556.02,,2026-02-17T06:33:28.351Z,file:///opt/spark-apps/data/raw/products.csv
2619,Product2619,sports,2186.86,,2026-02-17T06:33:28.351Z,file:///opt/spark-apps/data/raw/products.csv
2620,Product2620,sports,4343.86,,2026-02-17T06:33:28.351Z,file:///opt/spark-apps/data/raw/products.csv
2621,Product2621,electronics,185.17,,2026-02-17T06:33:28.351Z,file:///opt/spark-apps/data/raw/products.csv
2622,Product2622,books,2100.04,,2026-02-17T06:33:28.351Z,file:///opt/spark-apps/data/raw/products.csv
2623,Product2623,electronics,1833.54,,2026-02-17T06:33:28.351Z,file:///opt/spark-apps/data/raw/products.csv
2624,Product2624,home,1537.74,,2026-02-17T06:33:28.351Z,file:///opt/spark-apps/data/raw/products.csv
2625,Product2625,home,3414.28,,2026-02-17T06:33:28.351Z,file:///opt/spark-apps/data/raw/products.csv
2626,Product2626,electronics,1889.39,,2026-02-17T06:33:28.351Z,file:///opt/spark-apps/data/raw/products.csv
2627,Product2627,home,2830.53,,2026-02-17T06:33:28.351Z,file:///opt/spark-apps/data/raw/products.csv
2628,Product2628,home,90.87,,2026-02-17T06:33:28.351Z,file:///opt/spark-apps/data/raw/products.csv
2629,Product2629,electronics,415.2,,2026-02-17T06:33:28.351Z,file:///opt/spark-apps/data/raw/products.csv
2630,Product2630,books,2322.3,,2026-02-17T06:33:28.351Z,file:///opt/spark-apps/data/raw/products.csv
2631,Product2631,clothing,2066.89,,2026-02-17T06:33:28.351Z,file:///opt/spark-apps/data/raw/products.csv
2632,Product2632,books,968.21,,2026-02-17T06:33:28.351Z,file:///opt/spark-apps/data/raw/products.csv
2633,Product2633,home,1413.14,,2026-02-17T06:33:28.351Z,file:///opt/spark-apps/data/raw/products.csv
2634,Product2634,clothing,2286.56,,2026-02-17T06:33:28.351Z,file:///opt/spark-apps/data/raw/products.csv
2635,Product2635,books,2793.06,,2026-02-17T06:33:28.351Z,file:///opt/spark-apps/data/raw/products.csv
2636,Product2636,electronics,4858.26,,2026-02-17T06:33:28.351Z,file:///opt/spark-apps/data/raw/products.csv
2637,Product2637,clothing,2187.31,,2026-02-17T06:33:28.351Z,file:///opt/spark-apps/data/raw/products.csv
2638,Product2638,sports,2907.48,,2026-02-17T06:33:28.351Z,file:///opt/spark-apps/data/raw/products.csv
2639,Product2639,sports,2180.13,,2026-02-17T06:33:28.351Z,file:///opt/spark-apps/data/raw/products.csv
2640,Product2640,electronics,3587.71,,2026-02-17T06:33:28.351Z,file:///opt/spark-apps/data/raw/products.csv
2641,Product2641,home,4685.56,,2026-02-17T06:33:28.351Z,file:///opt/spark-apps/data/raw/products.csv
2642,Product2642,sports,1416.21,,2026-02-17T06:33:28.351Z,file:///opt/spark-apps/data/raw/products.csv
2643,Product2643,home,3577.23,,2026-02-17T06:33:28.351Z,file:///opt/spark-apps/data/raw/products.csv
2644,Product2644,clothing,4960.53,,2026-02-17T06:33:28.351Z,file:///opt/spark-apps/data/raw/products.csv
2645,Product2645,sports,3288.53,,2026-02-17T06:33:28.351Z,file:///opt/spark-apps/data/raw/products.csv
2646,Product2646,electronics,1950.24,,2026-02-17T06:33:28.351Z,file:///opt/spark-apps/data/raw/products.csv
2647,Product2647,sports,2443.59,,2026-02-17T06:33:28.351Z,file:///opt/spark-apps/data/raw/products.csv
2648,Product2648,electronics,4448.91,,2026-02-17T06:33:28.351Z,file:///opt/spark-apps/data/raw/products.csv
2649,Product2649,clothing,1969.85,,2026-02-17T06:33:28.351Z,file:///opt/spark-apps/data/raw/products.csv
2650,Product2650,sports,2665.35,,2026-02-17T06:33:28.351Z,file:///opt/spark-apps/data/raw/products.csv
2651,Product2651,sports,1655.22,,2026-02-17T06:33:28.351Z,file:///opt/spark-apps/data/raw/products.csv
2652,Product2652,home,3585.59,,2026-02-17T06:33:28.351Z,file:///opt/spark-apps/data/raw/products.csv
2653,Product2653,sports,43.26,,2026-02-17T06:33:28.351Z,file:///opt/spark-apps/data/raw/products.csv
2654,Product2654,home,4484.93,,2026-02-17T06:33:28.351Z,file:///opt/spark-apps/data/raw/products.csv
2655,Product2655,clothing,1398.68,,2026-02-17T06:33:28.351Z,file:///opt/spark-apps/data/raw/products.csv
2656,Product2656,clothing,173.21,,2026-02-17T06:33:28.351Z,file:///opt/spark-apps/data/raw/products.csv
2657,Product2657,sports,1360.98,,2026-02-17T06:33:28.351Z,file:///opt/spark-apps/data/raw/products.csv
2658,Product2658,electronics,2870.56,,2026-02-17T06:33:28.351Z,file:///opt/spark-apps/data/raw/products.csv
2659,Product2659,books,4781.99,,2026-02-17T06:33:28.351Z,file:///opt/spark-apps/data/raw/products.csv
2660,Product2660,electronics,1947.62,,2026-02-17T06:33:28.351Z,file:///opt/spark-apps/data/raw/products.csv
2661,Product2661,electronics,4034.48,,2026-02-17T06:33:28.351Z,file:///opt/spark-apps/data/raw/products.csv
2662,Product2662,home,2980.39,,2026-02-17T06:33:28.351Z,file:///opt/spark-apps/data/raw/products.csv
2663,Product2663,electronics,3882.65,,2026-02-17T06:33:28.351Z,file:///opt/spark-apps/data/raw/products.csv
2664,Product2664,electronics,3169.24,,2026-02-17T06:33:28.351Z,file:///opt/spark-apps/data/raw/products.csv
2665,Product2665,clothing,1386.19,,2026-02-17T06:33:28.351Z,file:///opt/spark-apps/data/raw/products.csv
2666,Product2666,electronics,2119.44,,2026-02-17T06:33:28.351Z,file:///opt/spark-apps/data/raw/products.csv
2667,Product2667,sports,2685.35,,2026-02-17T06:33:28.351Z,file:///opt/spark-apps/data/raw/products.csv
2668,Product2668,home,2932.75,,2026-02-17T06:33:28.351Z,file:///opt/spark-apps/data/raw/products.csv
2669,Product2669,electronics,99.08,,2026-02-17T06:33:28.351Z,file:///opt/spark-apps/data/raw/products.csv
2670,Product2670,sports,1021.46,,2026-02-17T06:33:28.351Z,file:///opt/spark-apps/data/raw/products.csv
2671,Product2671,clothing,952.05,,2026-02-17T06:33:28.351Z,file:///opt/spark-apps/data/raw/products.csv
2672,Product2672,sports,916.2,,2026-02-17T06:33:28.351Z,file:///opt/spark-apps/data/raw/products.csv
2673,Product2673,sports,571.77,,2026-02-17T06:33:28.351Z,file:///opt/spark-apps/data/raw/products.csv
2674,Product2674,books,1029.91,,2026-02-17T06:33:28.351Z,file:///opt/spark-apps/data/raw/products.csv
2675,Product2675,books,2121.0,,2026-02-17T06:33:28.351Z,file:///opt/spark-apps/data/raw/products.csv
2676,Product2676,sports,3710.83,,2026-02-17T06:33:28.351Z,file:///opt/spark-apps/data/raw/products.csv
2677,Product2677,home,1975.33,,2026-02-17T06:33:28.351Z,file:///opt/spark-apps/data/raw/products.csv
2678,Product2678,sports,409.38,,2026-02-17T06:33:28.351Z,file:///opt/spark-apps/data/raw/products.csv
2679,Product2679,sports,2943.92,,2026-02-17T06:33:28.351Z,file:///opt/spark-apps/data/raw/products.csv
2680,Product2680,books,2640.86,,2026-02-17T06:33:28.351Z,file:///opt/spark-apps/data/raw/products.csv
2681,Product2681,books,1493.23,,2026-02-17T06:33:28.351Z,file:///opt/spark-apps/data/raw/products.csv
2682,Product2682,home,4006.72,,2026-02-17T06:33:28.351Z,file:///opt/spark-apps/data/raw/products.csv
2683,Product2683,clothing,3382.75,,2026-02-17T06:33:28.351Z,file:///opt/spark-apps/data/raw/products.csv
2684,Product2684,electronics,1141.52,,2026-02-17T06:33:28.351Z,file:///opt/spark-apps/data/raw/products.csv
2685,Product2685,electronics,2342.92,,2026-02-17T06:33:28.351Z,file:///opt/spark-apps/data/raw/products.csv
2686,Product2686,electronics,2002.78,,2026-02-17T06:33:28.351Z,file:///opt/spark-apps/data/raw/products.csv
2687,Product2687,electronics,1732.85,,2026-02-17T06:33:28.351Z,file:///opt/spark-apps/data/raw/products.csv
2688,Product2688,electronics,3152.54,,2026-02-17T06:33:28.351Z,file:///opt/spark-apps/data/raw/products.csv
2689,Product2689,books,560.89,,2026-02-17T06:33:28.351Z,file:///opt/spark-apps/data/raw/products.csv
2690,Product2690,home,2894.07,,2026-02-17T06:33:28.351Z,file:///opt/spark-apps/data/raw/products.csv
2691,Product2691,home,2541.83,,2026-02-17T06:33:28.351Z,file:///opt/spark-apps/data/raw/products.csv
2692,Product2692,books,382.16,,2026-02-17T06:33:28.351Z,file:///opt/spark-apps/data/raw/products.csv
2693,Product2693,books,654.78,,2026-02-17T06:33:28.351Z,file:///opt/spark-apps/data/raw/products.csv
2694,Product2694,books,398.28,,2026-02-17T06:33:28.351Z,file:///opt/spark-apps/data/raw/products.csv
2695,Product2695,books,3820.39,,2026-02-17T06:33:28.351Z,file:///opt/spark-apps/data/raw/products.csv
2696,Product2696,books,464.0,,2026-02-17T06:33:28.351Z,file:///opt/spark-apps/data/raw/products.csv
2697,Product2697,electronics,4825.53,,2026-02-17T06:33:28.351Z,file:///opt/spark-apps/data/raw/products.csv
2698,Product2698,books,1593.98,,2026-02-17T06:33:28.351Z,file:///opt/spark-apps/data/raw/products.csv
2699,Product2699,home,3206.87,,2026-02-17T06:33:28.351Z,file:///opt/spark-apps/data/raw/products.csv
2700,Product2700,home,4742.08,,2026-02-17T06:33:28.351Z,file:///opt/spark-apps/data/raw/products.csv
2701,Product2701,sports,2518.07,,2026-02-17T06:33:28.351Z,file:///opt/spark-apps/data/raw/products.csv
2702,Product2702,electronics,4781.02,,2026-02-17T06:33:28.351Z,file:///opt/spark-apps/data/raw/products.csv
2703,Product2703,sports,357.04,,2026-02-17T06:33:28.351Z,file:///opt/spark-apps/data/raw/products.csv
2704,Product2704,books,1858.34,,2026-02-17T06:33:28.351Z,file:///opt/spark-apps/data/raw/products.csv
2705,Product2705,home,1257.33,,2026-02-17T06:33:28.351Z,file:///opt/spark-apps/data/raw/products.csv
2706,Product2706,books,4609.71,,2026-02-17T06:33:28.351Z,file:///opt/spark-apps/data/raw/products.csv
2707,Product2707,clothing,4808.23,,2026-02-17T06:33:28.351Z,file:///opt/spark-apps/data/raw/products.csv
2708,Product2708,books,1282.87,,2026-02-17T06:33:28.351Z,file:///opt/spark-apps/data/raw/products.csv
2709,Product2709,electronics,4710.57,,2026-02-17T06:33:28.351Z,file:///opt/spark-apps/data/raw/products.csv
2710,Product2710,home,2421.36,,2026-02-17T06:33:28.351Z,file:///opt/spark-apps/data/raw/products.csv
2711,Product2711,clothing,2536.93,,2026-02-17T06:33:28.351Z,file:///opt/spark-apps/data/raw/products.csv
2712,Product2712,electronics,2831.8,,2026-02-17T06:33:28.351Z,file:///opt/spark-apps/data/raw/products.csv
2713,Product2713,clothing,3427.92,,2026-02-17T06:33:28.351Z,file:///opt/spark-apps/data/raw/products.csv
2714,Product2714,clothing,2380.13,,2026-02-17T06:33:28.351Z,file:///opt/spark-apps/data/raw/products.csv
2715,Product2715,books,3485.45,,2026-02-17T06:33:28.351Z,file:///opt/spark-apps/data/raw/products.csv
2716,Product2716,sports,1716.24,,2026-02-17T06:33:28.351Z,file:///opt/spark-apps/data/raw/products.csv
2717,Product2717,home,190.84,,2026-02-17T06:33:28.351Z,file:///opt/spark-apps/data/raw/products.csv
2718,Product2718,books,1457.88,,2026-02-17T06:33:28.351Z,file:///opt/spark-apps/data/raw/products.csv
2719,Product2719,books,1286.37,,2026-02-17T06:33:28.351Z,file:///opt/spark-apps/data/raw/products.csv
2720,Product2720,books,2712.65,,2026-02-17T06:33:28.351Z,file:///opt/spark-apps/data/raw/products.csv
2721,Product2721,clothing,3690.94,,2026-02-17T06:33:28.351Z,file:///opt/spark-apps/data/raw/products.csv
2722,Product2722,home,293.05,,2026-02-17T06:33:28.351Z,file:///opt/spark-apps/data/raw/products.csv
2723,Product2723,electronics,2952.74,,2026-02-17T06:33:28.351Z,file:///opt/spark-apps/data/raw/products.csv
2724,Product2724,clothing,2099.46,,2026-02-17T06:33:28.351Z,file:///opt/spark-apps/data/raw/products.csv
2725,Product2725,clothing,3712.79,,2026-02-17T06:33:28.351Z,file:///opt/spark-apps/data/raw/products.csv
2726,Product2726,books,2164.16,,2026-02-17T06:33:28.351Z,file:///opt/spark-apps/data/raw/products.csv
2727,Product2727,books,1545.88,,2026-02-17T06:33:28.351Z,file:///opt/spark-apps/data/raw/products.csv
2728,Product2728,sports,2835.41,,2026-02-17T06:33:28.351Z,file:///opt/spark-apps/data/raw/products.csv
2729,Product2729,sports,4973.32,,2026-02-17T06:33:28.351Z,file:///opt/spark-apps/data/raw/products.csv
2730,Product2730,clothing,903.81,,2026-02-17T06:33:28.351Z,file:///opt/spark-apps/data/raw/products.csv
2731,Product2731,home,691.92,,2026-02-17T06:33:28.351Z,file:///opt/spark-apps/data/raw/products.csv
2732,Product2732,home,3474.28,,2026-02-17T06:33:28.351Z,file:///opt/spark-apps/data/raw/products.csv
2733,Product2733,books,1089.74,,2026-02-17T06:33:28.351Z,file:///opt/spark-apps/data/raw/products.csv
2734,Product2734,sports,3861.66,,2026-02-17T06:33:28.351Z,file:///opt/spark-apps/data/raw/products.csv
2735,Product2735,clothing,4407.26,,2026-02-17T06:33:28.351Z,file:///opt/spark-apps/data/raw/products.csv
2736,Product2736,sports,919.45,,2026-02-17T06:33:28.351Z,file:///opt/spark-apps/data/raw/products.csv
2737,Product2737,sports,436.72,,2026-02-17T06:33:28.351Z,file:///opt/spark-apps/data/raw/products.csv
2738,Product2738,sports,1664.69,,2026-02-17T06:33:28.351Z,file:///opt/spark-apps/data/raw/products.csv
2739,Product2739,electronics,4439.54,,2026-02-17T06:33:28.351Z,file:///opt/spark-apps/data/raw/products.csv
2740,Product2740,home,2643.62,,2026-02-17T06:33:28.351Z,file:///opt/spark-apps/data/raw/products.csv
2741,Product2741,home,592.79,,2026-02-17T06:33:28.351Z,file:///opt/spark-apps/data/raw/products.csv
2742,Product2742,sports,4688.69,,2026-02-17T06:33:28.351Z,file:///opt/spark-apps/data/raw/products.csv
2743,Product2743,home,4856.3,,2026-02-17T06:33:28.351Z,file:///opt/spark-apps/data/raw/products.csv
2744,Product2744,sports,2002.69,,2026-02-17T06:33:28.351Z,file:///opt/spark-apps/data/raw/products.csv
2745,Product2745,home,4852.36,,2026-02-17T06:33:28.351Z,file:///opt/spark-apps/data/raw/products.csv
2746,Product2746,books,2685.4,,2026-02-17T06:33:28.351Z,file:///opt/spark-apps/data/raw/products.csv
2747,Product2747,books,2407.77,,2026-02-17T06:33:28.351Z,file:///opt/spark-apps/data/raw/products.csv
2748,Product2748,electronics,3733.46,,2026-02-17T06:33:28.351Z,file:///opt/spark-apps/data/raw/products.csv
2749,Product2749,electronics,2490.15,,2026-02-17T06:33:28.351Z,file:///opt/spark-apps/data/raw/products.csv
2750,Product2750,electronics,1060.87,,2026-02-17T06:33:28.351Z,file:///opt/spark-apps/data/raw/products.csv
2751,Product2751,electronics,3616.27,,2026-02-17T06:33:28.351Z,file:///opt/spark-apps/data/raw/products.csv
2752,Product2752,home,290.45,,2026-02-17T06:33:28.351Z,file:///opt/spark-apps/data/raw/products.csv
2753,Product2753,books,3923.92,,2026-02-17T06:33:28.351Z,file:///opt/spark-apps/data/raw/products.csv
2754,Product2754,sports,1192.06,,2026-02-17T06:33:28.351Z,file:///opt/spark-apps/data/raw/products.csv
2755,Product2755,clothing,895.71,,2026-02-17T06:33:28.351Z,file:///opt/spark-apps/data/raw/products.csv
2756,Product2756,electronics,4495.45,,2026-02-17T06:33:28.351Z,file:///opt/spark-apps/data/raw/products.csv
2757,Product2757,books,2796.24,,2026-02-17T06:33:28.351Z,file:///opt/spark-apps/data/raw/products.csv
2758,Product2758,electronics,4380.64,,2026-02-17T06:33:28.351Z,file:///opt/spark-apps/data/raw/products.csv
2759,Product2759,clothing,3317.89,,2026-02-17T06:33:28.351Z,file:///opt/spark-apps/data/raw/products.csv
2760,Product2760,books,1496.01,,2026-02-17T06:33:28.351Z,file:///opt/spark-apps/data/raw/products.csv
2761,Product2761,electronics,1161.13,,2026-02-17T06:33:28.351Z,file:///opt/spark-apps/data/raw/products.csv
2762,Product2762,books,4895.27,,2026-02-17T06:33:28.351Z,file:///opt/spark-apps/data/raw/products.csv
2763,Product2763,electronics,4660.26,,2026-02-17T06:33:28.351Z,file:///opt/spark-apps/data/raw/products.csv
2764,Product2764,clothing,3514.4,,2026-02-17T06:33:28.351Z,file:///opt/spark-apps/data/raw/products.csv
2765,Product2765,electronics,683.99,,2026-02-17T06:33:28.351Z,file:///opt/spark-apps/data/raw/products.csv
2766,Product2766,home,2555.98,,2026-02-17T06:33:28.351Z,file:///opt/spark-apps/data/raw/products.csv
2767,Product2767,sports,1806.48,,2026-02-17T06:33:28.351Z,file:///opt/spark-apps/data/raw/products.csv
2768,Product2768,home,3769.19,,2026-02-17T06:33:28.351Z,file:///opt/spark-apps/data/raw/products.csv
2769,Product2769,home,256.03,,2026-02-17T06:33:28.351Z,file:///opt/spark-apps/data/raw/products.csv
2770,Product2770,electronics,1683.23,,2026-02-17T06:33:28.351Z,file:///opt/spark-apps/data/raw/products.csv
2771,Product2771,sports,3863.43,,2026-02-17T06:33:28.351Z,file:///opt/spark-apps/data/raw/products.csv
2772,Product2772,home,427.51,,2026-02-17T06:33:28.351Z,file:///opt/spark-apps/data/raw/products.csv
2773,Product2773,electronics,3293.36,,2026-02-17T06:33:28.351Z,file:///opt/spark-apps/data/raw/products.csv
2774,Product2774,sports,1087.47,,2026-02-17T06:33:28.351Z,file:///opt/spark-apps/data/raw/products.csv
2775,Product2775,clothing,578.35,,2026-02-17T06:33:28.351Z,file:///opt/spark-apps/data/raw/products.csv
2776,Product2776,clothing,4828.72,,2026-02-17T06:33:28.351Z,file:///opt/spark-apps/data/raw/products.csv
2777,Product2777,home,3240.06,,2026-02-17T06:33:28.351Z,file:///opt/spark-apps/data/raw/products.csv
2778,Product2778,home,2559.77,,2026-02-17T06:33:28.351Z,file:///opt/spark-apps/data/raw/products.csv
2779,Product2779,home,3020.43,,2026-02-17T06:33:28.351Z,file:///opt/spark-apps/data/raw/products.csv
2780,Product2780,clothing,2974.98,,2026-02-17T06:33:28.351Z,file:///opt/spark-apps/data/raw/products.csv
2781,Product2781,books,623.55,,2026-02-17T06:33:28.351Z,file:///opt/spark-apps/data/raw/products.csv
2782,Product2782,clothing,4967.42,,2026-02-17T06:33:28.351Z,file:///opt/spark-apps/data/raw/products.csv
2783,Product2783,books,4113.71,,2026-02-17T06:33:28.351Z,file:///opt/spark-apps/data/raw/products.csv
2784,Product2784,home,2856.46,,2026-02-17T06:33:28.351Z,file:///opt/spark-apps/data/raw/products.csv
2785,Product2785,books,4853.74,,2026-02-17T06:33:28.351Z,file:///opt/spark-apps/data/raw/products.csv
2786,Product2786,sports,3057.14,,2026-02-17T06:33:28.351Z,file:///opt/spark-apps/data/raw/products.csv
2787,Product2787,electronics,4341.14,,2026-02-17T06:33:28.351Z,file:///opt/spark-apps/data/raw/products.csv
2788,Product2788,sports,909.07,,2026-02-17T06:33:28.351Z,file:///opt/spark-apps/data/raw/products.csv
2789,Product2789,sports,3412.45,,2026-02-17T06:33:28.351Z,file:///opt/spark-apps/data/raw/products.csv
2790,Product2790,books,3822.4,,2026-02-17T06:33:28.351Z,file:///opt/spark-apps/data/raw/products.csv
2791,Product2791,books,2637.36,,2026-02-17T06:33:28.351Z,file:///opt/spark-apps/data/raw/products.csv
2792,Product2792,electronics,1041.77,,2026-02-17T06:33:28.351Z,file:///opt/spark-apps/data/raw/products.csv
2793,Product2793,sports,3420.13,,2026-02-17T06:33:28.351Z,file:///opt/spark-apps/data/raw/products.csv
2794,Product2794,clothing,1868.16,,2026-02-17T06:33:28.351Z,file:///opt/spark-apps/data/raw/products.csv
2795,Product2795,electronics,4285.81,,2026-02-17T06:33:28.351Z,file:///opt/spark-apps/data/raw/products.csv
2796,Product2796,electronics,484.84,,2026-02-17T06:33:28.351Z,file:///opt/spark-apps/data/raw/products.csv
2797,Product2797,home,1738.29,,2026-02-17T06:33:28.351Z,file:///opt/spark-apps/data/raw/products.csv
2798,Product2798,sports,398.88,,2026-02-17T06:33:28.351Z,file:///opt/spark-apps/data/raw/products.csv
2799,Product2799,clothing,1841.84,,2026-02-17T06:33:28.351Z,file:///opt/spark-apps/data/raw/products.csv
2800,Product2800,sports,1119.69,,2026-02-17T06:33:28.351Z,file:///opt/spark-apps/data/raw/products.csv
2801,Product2801,home,2071.93,,2026-02-17T06:33:28.351Z,file:///opt/spark-apps/data/raw/products.csv
2802,Product2802,home,1608.62,,2026-02-17T06:33:28.351Z,file:///opt/spark-apps/data/raw/products.csv
2803,Product2803,clothing,1456.58,,2026-02-17T06:33:28.351Z,file:///opt/spark-apps/data/raw/products.csv
2804,Product2804,home,3050.58,,2026-02-17T06:33:28.351Z,file:///opt/spark-apps/data/raw/products.csv
2805,Product2805,clothing,37.31,,2026-02-17T06:33:28.351Z,file:///opt/spark-apps/data/raw/products.csv
2806,Product2806,clothing,1192.81,,2026-02-17T06:33:28.351Z,file:///opt/spark-apps/data/raw/products.csv
2807,Product2807,electronics,908.07,,2026-02-17T06:33:28.351Z,file:///opt/spark-apps/data/raw/products.csv
2808,Product2808,books,3724.44,,2026-02-17T06:33:28.351Z,file:///opt/spark-apps/data/raw/products.csv
2809,Product2809,home,2087.12,,2026-02-17T06:33:28.351Z,file:///opt/spark-apps/data/raw/products.csv
2810,Product2810,books,4599.71,,2026-02-17T06:33:28.351Z,file:///opt/spark-apps/data/raw/products.csv
2811,Product2811,books,2541.97,,2026-02-17T06:33:28.351Z,file:///opt/spark-apps/data/raw/products.csv
2812,Product2812,clothing,4972.06,,2026-02-17T06:33:28.351Z,file:///opt/spark-apps/data/raw/products.csv
2813,Product2813,home,538.21,,2026-02-17T06:33:28.351Z,file:///opt/spark-apps/data/raw/products.csv
2814,Product2814,home,2456.35,,2026-02-17T06:33:28.351Z,file:///opt/spark-apps/data/raw/products.csv
2815,Product2815,books,3791.7,,2026-02-17T06:33:28.351Z,file:///opt/spark-apps/data/raw/products.csv
2816,Product2816,books,4026.13,,2026-02-17T06:33:28.351Z,file:///opt/spark-apps/data/raw/products.csv
2817,Product2817,home,3514.92,,2026-02-17T06:33:28.351Z,file:///opt/spark-apps/data/raw/products.csv
2818,Product2818,clothing,359.67,,2026-02-17T06:33:28.351Z,file:///opt/spark-apps/data/raw/products.csv
2819,Product2819,home,3165.45,,2026-02-17T06:33:28.351Z,file:///opt/spark-apps/data/raw/products.csv
2820,Product2820,electronics,4610.01,,2026-02-17T06:33:28.351Z,file:///opt/spark-apps/data/raw/products.csv
2821,Product2821,home,2014.64,,2026-02-17T06:33:28.351Z,file:///opt/spark-apps/data/raw/products.csv
2822,Product2822,home,3159.76,,2026-02-17T06:33:28.351Z,file:///opt/spark-apps/data/raw/products.csv
2823,Product2823,books,3811.35,,2026-02-17T06:33:28.351Z,file:///opt/spark-apps/data/raw/products.csv
2824,Product2824,electronics,405.65,,2026-02-17T06:33:28.351Z,file:///opt/spark-apps/data/raw/products.csv
2825,Product2825,books,1675.5,,2026-02-17T06:33:28.351Z,file:///opt/spark-apps/data/raw/products.csv
2826,Product2826,sports,3135.79,,2026-02-17T06:33:28.351Z,file:///opt/spark-apps/data/raw/products.csv
2827,Product2827,books,2976.14,,2026-02-17T06:33:28.351Z,file:///opt/spark-apps/data/raw/products.csv
2828,Product2828,electronics,4269.5,,2026-02-17T06:33:28.351Z,file:///opt/spark-apps/data/raw/products.csv
2829,Product2829,clothing,3940.69,,2026-02-17T06:33:28.351Z,file:///opt/spark-apps/data/raw/products.csv
2830,Product2830,sports,4407.01,,2026-02-17T06:33:28.351Z,file:///opt/spark-apps/data/raw/products.csv
2831,Product2831,sports,4121.09,,2026-02-17T06:33:28.351Z,file:///opt/spark-apps/data/raw/products.csv
2832,Product2832,electronics,145.66,,2026-02-17T06:33:28.351Z,file:///opt/spark-apps/data/raw/products.csv
2833,Product2833,electronics,185.71,,2026-02-17T06:33:28.351Z,file:///opt/spark-apps/data/raw/products.csv
2834,Product2834,electronics,1918.51,,2026-02-17T06:33:28.351Z,file:///opt/spark-apps/data/raw/products.csv
2835,Product2835,clothing,4023.14,,2026-02-17T06:33:28.351Z,file:///opt/spark-apps/data/raw/products.csv
2836,Product2836,electronics,2688.58,,2026-02-17T06:33:28.351Z,file:///opt/spark-apps/data/raw/products.csv
2837,Product2837,clothing,4001.32,,2026-02-17T06:33:28.351Z,file:///opt/spark-apps/data/raw/products.csv
2838,Product2838,electronics,2315.87,,2026-02-17T06:33:28.351Z,file:///opt/spark-apps/data/raw/products.csv
2839,Product2839,clothing,2252.84,,2026-02-17T06:33:28.351Z,file:///opt/spark-apps/data/raw/products.csv
2840,Product2840,electronics,4898.52,,2026-02-17T06:33:28.351Z,file:///opt/spark-apps/data/raw/products.csv
2841,Product2841,home,1053.52,,2026-02-17T06:33:28.351Z,file:///opt/spark-apps/data/raw/products.csv
2842,Product2842,electronics,4540.71,,2026-02-17T06:33:28.351Z,file:///opt/spark-apps/data/raw/products.csv
2843,Product2843,books,4375.95,,2026-02-17T06:33:28.351Z,file:///opt/spark-apps/data/raw/products.csv
2844,Product2844,electronics,1782.69,,2026-02-17T06:33:28.351Z,file:///opt/spark-apps/data/raw/products.csv
2845,Product2845,books,2743.24,,2026-02-17T06:33:28.351Z,file:///opt/spark-apps/data/raw/products.csv
2846,Product2846,sports,1720.25,,2026-02-17T06:33:28.351Z,file:///opt/spark-apps/data/raw/products.csv
2847,Product2847,home,2730.8,,2026-02-17T06:33:28.351Z,file:///opt/spark-apps/data/raw/products.csv
2848,Product2848,home,2669.19,,2026-02-17T06:33:28.351Z,file:///opt/spark-apps/data/raw/products.csv
2849,Product2849,home,1983.83,,2026-02-17T06:33:28.351Z,file:///opt/spark-apps/data/raw/products.csv
2850,Product2850,electronics,198.16,,2026-02-17T06:33:28.351Z,file:///opt/spark-apps/data/raw/products.csv
2851,Product2851,clothing,1612.39,,2026-02-17T06:33:28.351Z,file:///opt/spark-apps/data/raw/products.csv
2852,Product2852,home,2170.33,,2026-02-17T06:33:28.351Z,file:///opt/spark-apps/data/raw/products.csv
2853,Product2853,home,1407.66,,2026-02-17T06:33:28.351Z,file:///opt/spark-apps/data/raw/products.csv
2854,Product2854,home,3684.51,,2026-02-17T06:33:28.351Z,file:///opt/spark-apps/data/raw/products.csv
2855,Product2855,books,2862.76,,2026-02-17T06:33:28.351Z,file:///opt/spark-apps/data/raw/products.csv
2856,Product2856,sports,4992.81,,2026-02-17T06:33:28.351Z,file:///opt/spark-apps/data/raw/products.csv
2857,Product2857,clothing,2267.14,,2026-02-17T06:33:28.351Z,file:///opt/spark-apps/data/raw/products.csv
2858,Product2858,clothing,2463.59,,2026-02-17T06:33:28.351Z,file:///opt/spark-apps/data/raw/products.csv
2859,Product2859,home,4149.93,,2026-02-17T06:33:28.351Z,file:///opt/spark-apps/data/raw/products.csv
2860,Product2860,home,3268.5,,2026-02-17T06:33:28.351Z,file:///opt/spark-apps/data/raw/products.csv
2861,Product2861,sports,218.21,,2026-02-17T06:33:28.351Z,file:///opt/spark-apps/data/raw/products.csv
2862,Product2862,clothing,244.74,,2026-02-17T06:33:28.351Z,file:///opt/spark-apps/data/raw/products.csv
2863,Product2863,electronics,2600.43,,2026-02-17T06:33:28.351Z,file:///opt/spark-apps/data/raw/products.csv
2864,Product2864,home,4692.29,,2026-02-17T06:33:28.351Z,file:///opt/spark-apps/data/raw/products.csv
2865,Product2865,home,2782.33,,2026-02-17T06:33:28.351Z,file:///opt/spark-apps/data/raw/products.csv
2866,Product2866,clothing,2858.02,,2026-02-17T06:33:28.351Z,file:///opt/spark-apps/data/raw/products.csv
2867,Product2867,clothing,4386.51,,2026-02-17T06:33:28.351Z,file:///opt/spark-apps/data/raw/products.csv
2868,Product2868,clothing,2018.38,,2026-02-17T06:33:28.351Z,file:///opt/spark-apps/data/raw/products.csv
2869,Product2869,books,3421.67,,2026-02-17T06:33:28.351Z,file:///opt/spark-apps/data/raw/products.csv
2870,Product2870,clothing,3021.57,,2026-02-17T06:33:28.351Z,file:///opt/spark-apps/data/raw/products.csv
2871,Product2871,clothing,893.0,,2026-02-17T06:33:28.351Z,file:///opt/spark-apps/data/raw/products.csv
2872,Product2872,clothing,3440.73,,2026-02-17T06:33:28.351Z,file:///opt/spark-apps/data/raw/products.csv
2873,Product2873,books,3111.37,,2026-02-17T06:33:28.351Z,file:///opt/spark-apps/data/raw/products.csv
2874,Product2874,clothing,3338.63,,2026-02-17T06:33:28.351Z,file:///opt/spark-apps/data/raw/products.csv
2875,Product2875,sports,177.13,,2026-02-17T06:33:28.351Z,file:///opt/spark-apps/data/raw/products.csv
2876,Product2876,electronics,4272.27,,2026-02-17T06:33:28.351Z,file:///opt/spark-apps/data/raw/products.csv
2877,Product2877,books,2332.46,,2026-02-17T06:33:28.351Z,file:///opt/spark-apps/data/raw/products.csv
2878,Product2878,sports,875.03,,2026-02-17T06:33:28.351Z,file:///opt/spark-apps/data/raw/products.csv
2879,Product2879,books,168.52,,2026-02-17T06:33:28.351Z,file:///opt/spark-apps/data/raw/products.csv
2880,Product2880,sports,30.45,,2026-02-17T06:33:28.351Z,file:///opt/spark-apps/data/raw/products.csv
2881,Product2881,sports,3230.1,,2026-02-17T06:33:28.351Z,file:///opt/spark-apps/data/raw/products.csv
2882,Product2882,electronics,4604.15,,2026-02-17T06:33:28.351Z,file:///opt/spark-apps/data/raw/products.csv
2883,Product2883,books,4213.68,,2026-02-17T06:33:28.351Z,file:///opt/spark-apps/data/raw/products.csv
2884,Product2884,clothing,3929.26,,2026-02-17T06:33:28.351Z,file:///opt/spark-apps/data/raw/products.csv
2885,Product2885,books,418.85,,2026-02-17T06:33:28.351Z,file:///opt/spark-apps/data/raw/products.csv
2886,Product2886,sports,1225.1,,2026-02-17T06:33:28.351Z,file:///opt/spark-apps/data/raw/products.csv
2887,Product2887,sports,1550.32,,2026-02-17T06:33:28.351Z,file:///opt/spark-apps/data/raw/products.csv
2888,Product2888,electronics,1656.46,,2026-02-17T06:33:28.351Z,file:///opt/spark-apps/data/raw/products.csv
2889,Product2889,books,685.32,,2026-02-17T06:33:28.351Z,file:///opt/spark-apps/data/raw/products.csv
2890,Product2890,home,2545.4,,2026-02-17T06:33:28.351Z,file:///opt/spark-apps/data/raw/products.csv
2891,Product2891,electronics,3367.41,,2026-02-17T06:33:28.351Z,file:///opt/spark-apps/data/raw/products.csv
2892,Product2892,home,3768.69,,2026-02-17T06:33:28.351Z,file:///opt/spark-apps/data/raw/products.csv
2893,Product2893,sports,3476.89,,2026-02-17T06:33:28.351Z,file:///opt/spark-apps/data/raw/products.csv
2894,Product2894,sports,4845.72,,2026-02-17T06:33:28.351Z,file:///opt/spark-apps/data/raw/products.csv
2895,Product2895,clothing,2478.31,,2026-02-17T06:33:28.351Z,file:///opt/spark-apps/data/raw/products.csv
2896,Product2896,clothing,509.23,,2026-02-17T06:33:28.351Z,file:///opt/spark-apps/data/raw/products.csv
2897,Product2897,electronics,4772.57,,2026-02-17T06:33:28.351Z,file:///opt/spark-apps/data/raw/products.csv
2898,Product2898,books,383.3,,2026-02-17T06:33:28.351Z,file:///opt/spark-apps/data/raw/products.csv
2899,Product2899,books,2418.66,,2026-02-17T06:33:28.351Z,file:///opt/spark-apps/data/raw/products.csv
2900,Product2900,sports,1096.75,,2026-02-17T06:33:28.351Z,file:///opt/spark-apps/data/raw/products.csv
2901,Product2901,clothing,3462.47,,2026-02-17T06:33:28.351Z,file:///opt/spark-apps/data/raw/products.csv
2902,Product2902,electronics,4812.79,,2026-02-17T06:33:28.351Z,file:///opt/spark-apps/data/raw/products.csv
2903,Product2903,clothing,227.98,,2026-02-17T06:33:28.351Z,file:///opt/spark-apps/data/raw/products.csv
2904,Product2904,books,1572.37,,2026-02-17T06:33:28.351Z,file:///opt/spark-apps/data/raw/products.csv
2905,Product2905,books,2731.05,,2026-02-17T06:33:28.351Z,file:///opt/spark-apps/data/raw/products.csv
2906,Product2906,home,1317.31,,2026-02-17T06:33:28.351Z,file:///opt/spark-apps/data/raw/products.csv
2907,Product2907,electronics,54.09,,2026-02-17T06:33:28.351Z,file:///opt/spark-apps/data/raw/products.csv
2908,Product2908,books,1750.27,,2026-02-17T06:33:28.351Z,file:///opt/spark-apps/data/raw/products.csv
2909,Product2909,clothing,1414.5,,2026-02-17T06:33:28.351Z,file:///opt/spark-apps/data/raw/products.csv
2910,Product2910,sports,1522.66,,2026-02-17T06:33:28.351Z,file:///opt/spark-apps/data/raw/products.csv
2911,Product2911,sports,431.49,,2026-02-17T06:33:28.351Z,file:///opt/spark-apps/data/raw/products.csv
2912,Product2912,sports,856.13,,2026-02-17T06:33:28.351Z,file:///opt/spark-apps/data/raw/products.csv
2913,Product2913,books,4154.69,,2026-02-17T06:33:28.351Z,file:///opt/spark-apps/data/raw/products.csv
2914,Product2914,electronics,1149.82,,2026-02-17T06:33:28.351Z,file:///opt/spark-apps/data/raw/products.csv
2915,Product2915,books,396.85,,2026-02-17T06:33:28.351Z,file:///opt/spark-apps/data/raw/products.csv
2916,Product2916,electronics,2995.82,,2026-02-17T06:33:28.351Z,file:///opt/spark-apps/data/raw/products.csv
2917,Product2917,books,4266.77,,2026-02-17T06:33:28.351Z,file:///opt/spark-apps/data/raw/products.csv
2918,Product2918,sports,675.04,,2026-02-17T06:33:28.351Z,file:///opt/spark-apps/data/raw/products.csv
2919,Product2919,books,2241.92,,2026-02-17T06:33:28.351Z,file:///opt/spark-apps/data/raw/products.csv
2920,Product2920,home,1338.62,,2026-02-17T06:33:28.351Z,file:///opt/spark-apps/data/raw/products.csv
2921,Product2921,sports,4949.91,,2026-02-17T06:33:28.351Z,file:///opt/spark-apps/data/raw/products.csv
2922,Product2922,electronics,3548.66,,2026-02-17T06:33:28.351Z,file:///opt/spark-apps/data/raw/products.csv
2923,Product2923,electronics,4738.34,,2026-02-17T06:33:28.351Z,file:///opt/spark-apps/data/raw/products.csv
2924,Product2924,electronics,2741.58,,2026-02-17T06:33:28.351Z,file:///opt/spark-apps/data/raw/products.csv
2925,Product2925,home,248.49,,2026-02-17T06:33:28.351Z,file:///opt/spark-apps/data/raw/products.csv
2926,Product2926,electronics,1265.45,,2026-02-17T06:33:28.351Z,file:///opt/spark-apps/data/raw/products.csv
2927,Product2927,sports,4398.55,,2026-02-17T06:33:28.351Z,file:///opt/spark-apps/data/raw/products.csv
2928,Product2928,sports,2674.17,,2026-02-17T06:33:28.351Z,file:///opt/spark-apps/data/raw/products.csv
2929,Product2929,home,2630.95,,2026-02-17T06:33:28.351Z,file:///opt/spark-apps/data/raw/products.csv
2930,Product2930,home,1407.03,,2026-02-17T06:33:28.351Z,file:///opt/spark-apps/data/raw/products.csv
2931,Product2931,home,3709.71,,2026-02-17T06:33:28.351Z,file:///opt/spark-apps/data/raw/products.csv
2932,Product2932,home,4382.33,,2026-02-17T06:33:28.351Z,file:///opt/spark-apps/data/raw/products.csv
2933,Product2933,electronics,1876.26,,2026-02-17T06:33:28.351Z,file:///opt/spark-apps/data/raw/products.csv
2934,Product2934,sports,2970.44,,2026-02-17T06:33:28.351Z,file:///opt/spark-apps/data/raw/products.csv
2935,Product2935,sports,4566.14,,2026-02-17T06:33:28.351Z,file:///opt/spark-apps/data/raw/products.csv
2936,Product2936,home,4576.18,,2026-02-17T06:33:28.351Z,file:///opt/spark-apps/data/raw/products.csv
2937,Product2937,sports,2285.72,,2026-02-17T06:33:28.351Z,file:///opt/spark-apps/data/raw/products.csv
2938,Product2938,sports,1146.38,,2026-02-17T06:33:28.351Z,file:///opt/spark-apps/data/raw/products.csv
2939,Product2939,clothing,721.74,,2026-02-17T06:33:28.351Z,file:///opt/spark-apps/data/raw/products.csv
2940,Product2940,sports,4327.82,,2026-02-17T06:33:28.351Z,file:///opt/spark-apps/data/raw/products.csv
2941,Product2941,sports,4256.05,,2026-02-17T06:33:28.351Z,file:///opt/spark-apps/data/raw/products.csv
2942,Product2942,books,1012.19,,2026-02-17T06:33:28.351Z,file:///opt/spark-apps/data/raw/products.csv
2943,Product2943,clothing,500.36,,2026-02-17T06:33:28.351Z,file:///opt/spark-apps/data/raw/products.csv
2944,Product2944,books,539.23,,2026-02-17T06:33:28.351Z,file:///opt/spark-apps/data/raw/products.csv
2945,Product2945,books,2284.08,,2026-02-17T06:33:28.351Z,file:///opt/spark-apps/data/raw/products.csv
2946,Product2946,sports,201.44,,2026-02-17T06:33:28.351Z,file:///opt/spark-apps/data/raw/products.csv
2947,Product2947,home,4258.83,,2026-02-17T06:33:28.351Z,file:///opt/spark-apps/data/raw/products.csv
2948,Product2948,clothing,4902.05,,2026-02-17T06:33:28.351Z,file:///opt/spark-apps/data/raw/products.csv
2949,Product2949,clothing,1482.99,,2026-02-17T06:33:28.351Z,file:///opt/spark-apps/data/raw/products.csv
2950,Product2950,home,737.8,,2026-02-17T06:33:28.351Z,file:///opt/spark-apps/data/raw/products.csv
2951,Product2951,home,4156.41,,2026-02-17T06:33:28.351Z,file:///opt/spark-apps/data/raw/products.csv
2952,Product2952,books,1283.47,,2026-02-17T06:33:28.351Z,file:///opt/spark-apps/data/raw/products.csv
2953,Product2953,sports,686.41,,2026-02-17T06:33:28.351Z,file:///opt/spark-apps/data/raw/products.csv
2954,Product2954,electronics,1527.47,,2026-02-17T06:33:28.351Z,file:///opt/spark-apps/data/raw/products.csv
2955,Product2955,clothing,3781.23,,2026-02-17T06:33:28.351Z,file:///opt/spark-apps/data/raw/products.csv
2956,Product2956,books,4543.92,,2026-02-17T06:33:28.351Z,file:///opt/spark-apps/data/raw/products.csv
2957,Product2957,home,1920.9,,2026-02-17T06:33:28.351Z,file:///opt/spark-apps/data/raw/products.csv
2958,Product2958,sports,3720.8,,2026-02-17T06:33:28.351Z,file:///opt/spark-apps/data/raw/products.csv
2959,Product2959,electronics,4523.42,,2026-02-17T06:33:28.351Z,file:///opt/spark-apps/data/raw/products.csv
2960,Product2960,electronics,3537.68,,2026-02-17T06:33:28.351Z,file:///opt/spark-apps/data/raw/products.csv
2961,Product2961,clothing,1885.97,,2026-02-17T06:33:28.351Z,file:///opt/spark-apps/data/raw/products.csv
2962,Product2962,sports,3816.22,,2026-02-17T06:33:28.351Z,file:///opt/spark-apps/data/raw/products.csv
2963,Product2963,electronics,2249.89,,2026-02-17T06:33:28.351Z,file:///opt/spark-apps/data/raw/products.csv
2964,Product2964,books,3025.74,,2026-02-17T06:33:28.351Z,file:///opt/spark-apps/data/raw/products.csv
2965,Product2965,electronics,3547.55,,2026-02-17T06:33:28.351Z,file:///opt/spark-apps/data/raw/products.csv
2966,Product2966,home,1087.66,,2026-02-17T06:33:28.351Z,file:///opt/spark-apps/data/raw/products.csv
2967,Product2967,electronics,3363.78,,2026-02-17T06:33:28.351Z,file:///opt/spark-apps/data/raw/products.csv
2968,Product2968,books,1105.63,,2026-02-17T06:33:28.351Z,file:///opt/spark-apps/data/raw/products.csv
2969,Product2969,books,4098.22,,2026-02-17T06:33:28.351Z,file:///opt/spark-apps/data/raw/products.csv
2970,Product2970,home,3437.72,,2026-02-17T06:33:28.351Z,file:///opt/spark-apps/data/raw/products.csv
2971,Product2971,sports,3568.32,,2026-02-17T06:33:28.351Z,file:///opt/spark-apps/data/raw/products.csv
2972,Product2972,sports,110.15,,2026-02-17T06:33:28.351Z,file:///opt/spark-apps/data/raw/products.csv
2973,Product2973,home,4041.39,,2026-02-17T06:33:28.351Z,file:///opt/spark-apps/data/raw/products.csv
2974,Product2974,books,67.7,,2026-02-17T06:33:28.351Z,file:///opt/spark-apps/data/raw/products.csv
2975,Product2975,clothing,4519.28,,2026-02-17T06:33:28.351Z,file:///opt/spark-apps/data/raw/products.csv
2976,Product2976,books,4575.29,,2026-02-17T06:33:28.351Z,file:///opt/spark-apps/data/raw/products.csv
2977,Product2977,clothing,1423.04,,2026-02-17T06:33:28.351Z,file:///opt/spark-apps/data/raw/products.csv
2978,Product2978,electronics,4562.44,,2026-02-17T06:33:28.351Z,file:///opt/spark-apps/data/raw/products.csv
2979,Product2979,clothing,1383.39,,2026-02-17T06:33:28.351Z,file:///opt/spark-apps/data/raw/products.csv
2980,Product2980,electronics,4762.81,,2026-02-17T06:33:28.351Z,file:///opt/spark-apps/data/raw/products.csv
2981,Product2981,electronics,730.44,,2026-02-17T06:33:28.351Z,file:///opt/spark-apps/data/raw/products.csv
2982,Product2982,electronics,4370.47,,2026-02-17T06:33:28.351Z,file:///opt/spark-apps/data/raw/products.csv
2983,Product2983,electronics,951.14,,2026-02-17T06:33:28.351Z,file:///opt/spark-apps/data/raw/products.csv
2984,Product2984,sports,2452.38,,2026-02-17T06:33:28.351Z,file:///opt/spark-apps/data/raw/products.csv
2985,Product2985,sports,4432.47,,2026-02-17T06:33:28.351Z,file:///opt/spark-apps/data/raw/products.csv
2986,Product2986,home,3932.46,,2026-02-17T06:33:28.351Z,file:///opt/spark-apps/data/raw/products.csv
2987,Product2987,clothing,597.73,,2026-02-17T06:33:28.351Z,file:///opt/spark-apps/data/raw/products.csv
2988,Product2988,clothing,2090.19,,2026-02-17T06:33:28.351Z,file:///opt/spark-apps/data/raw/products.csv
2989,Product2989,books,238.37,,2026-02-17T06:33:28.351Z,file:///opt/spark-apps/data/raw/products.csv
2990,Product2990,sports,4127.97,,2026-02-17T06:33:28.351Z,file:///opt/spark-apps/data/raw/products.csv
2991,Product2991,sports,1976.4,,2026-02-17T06:33:28.351Z,file:///opt/spark-apps/data/raw/products.csv
2992,Product2992,clothing,4619.7,,2026-02-17T06:33:28.351Z,file:///opt/spark-apps/data/raw/products.csv
2993,Product2993,books,2528.04,,2026-02-17T06:33:28.351Z,file:///opt/spark-apps/data/raw/products.csv
2994,Product2994,electronics,3853.23,,2026-02-17T06:33:28.351Z,file:///opt/spark-apps/data/raw/products.csv
2995,Product2995,electronics,1352.02,,2026-02-17T06:33:28.351Z,file:///opt/spark-apps/data/raw/products.csv
2996,Product2996,sports,317.28,,2026-02-17T06:33:28.351Z,file:///opt/spark-apps/data/raw/products.csv
2997,Product2997,sports,1161.41,,2026-02-17T06:33:28.351Z,file:///opt/spark-apps/data/raw/products.csv
2998,Product2998,clothing,1446.85,,2026-02-17T06:33:28.351Z,file:///opt/spark-apps/data/raw/products.csv
2999,Product2999,electronics,2601.59,,2026-02-17T06:33:28.351Z,file:///opt/spark-apps/data/raw/products.csv
3000,Product3000,sports,4995.22,,2026-02-17T06:33:28.351Z,file:///opt/spark-apps/data/raw/products.csv
3001,Product3001,sports,4347.48,,2026-02-17T06:33:28.351Z,file:///opt/spark-apps/data/raw/products.csv
3002,Product3002,sports,3146.51,,2026-02-17T06:33:28.351Z,file:///opt/spark-apps/data/raw/products.csv
3003,Product3003,clothing,2645.04,,2026-02-17T06:33:28.351Z,file:///opt/spark-apps/data/raw/products.csv
3004,Product3004,electronics,1533.42,,2026-02-17T06:33:28.351Z,file:///opt/spark-apps/data/raw/products.csv
3005,Product3005,books,4130.8,,2026-02-17T06:33:28.351Z,file:///opt/spark-apps/data/raw/products.csv
3006,Product3006,home,3548.43,,2026-02-17T06:33:28.351Z,file:///opt/spark-apps/data/raw/products.csv
3007,Product3007,sports,4054.31,,2026-02-17T06:33:28.351Z,file:///opt/spark-apps/data/raw/products.csv
3008,Product3008,clothing,4138.4,,2026-02-17T06:33:28.351Z,file:///opt/spark-apps/data/raw/products.csv
3009,Product3009,electronics,95.22,,2026-02-17T06:33:28.351Z,file:///opt/spark-apps/data/raw/products.csv
3010,Product3010,home,3493.22,,2026-02-17T06:33:28.351Z,file:///opt/spark-apps/data/raw/products.csv
3011,Product3011,clothing,296.72,,2026-02-17T06:33:28.351Z,file:///opt/spark-apps/data/raw/products.csv
3012,Product3012,electronics,2637.46,,2026-02-17T06:33:28.351Z,file:///opt/spark-apps/data/raw/products.csv
3013,Product3013,electronics,4849.27,,2026-02-17T06:33:28.351Z,file:///opt/spark-apps/data/raw/products.csv
3014,Product3014,home,2321.84,,2026-02-17T06:33:28.351Z,file:///opt/spark-apps/data/raw/products.csv
3015,Product3015,sports,4906.24,,2026-02-17T06:33:28.351Z,file:///opt/spark-apps/data/raw/products.csv
3016,Product3016,sports,4201.57,,2026-02-17T06:33:28.351Z,file:///opt/spark-apps/data/raw/products.csv
3017,Product3017,sports,1052.55,,2026-02-17T06:33:28.351Z,file:///opt/spark-apps/data/raw/products.csv
3018,Product3018,home,987.75,,2026-02-17T06:33:28.351Z,file:///opt/spark-apps/data/raw/products.csv
3019,Product3019,sports,1115.92,,2026-02-17T06:33:28.351Z,file:///opt/spark-apps/data/raw/products.csv
3020,Product3020,sports,3564.81,,2026-02-17T06:33:28.351Z,file:///opt/spark-apps/data/raw/products.csv
3021,Product3021,home,4211.13,,2026-02-17T06:33:28.351Z,file:///opt/spark-apps/data/raw/products.csv
3022,Product3022,clothing,642.64,,2026-02-17T06:33:28.351Z,file:///opt/spark-apps/data/raw/products.csv
3023,Product3023,electronics,4523.24,,2026-02-17T06:33:28.351Z,file:///opt/spark-apps/data/raw/products.csv
3024,Product3024,sports,4971.02,,2026-02-17T06:33:28.351Z,file:///opt/spark-apps/data/raw/products.csv
3025,Product3025,books,2651.36,,2026-02-17T06:33:28.351Z,file:///opt/spark-apps/data/raw/products.csv
3026,Product3026,electronics,887.04,,2026-02-17T06:33:28.351Z,file:///opt/spark-apps/data/raw/products.csv
3027,Product3027,home,3732.55,,2026-02-17T06:33:28.351Z,file:///opt/spark-apps/data/raw/products.csv
3028,Product3028,home,1938.1,,2026-02-17T06:33:28.351Z,file:///opt/spark-apps/data/raw/products.csv
3029,Product3029,electronics,2000.62,,2026-02-17T06:33:28.351Z,file:///opt/spark-apps/data/raw/products.csv
3030,Product3030,books,2276.07,,2026-02-17T06:33:28.351Z,file:///opt/spark-apps/data/raw/products.csv
3031,Product3031,books,4908.07,,2026-02-17T06:33:28.351Z,file:///opt/spark-apps/data/raw/products.csv
3032,Product3032,books,3293.7,,2026-02-17T06:33:28.351Z,file:///opt/spark-apps/data/raw/products.csv
3033,Product3033,clothing,4016.16,,2026-02-17T06:33:28.351Z,file:///opt/spark-apps/data/raw/products.csv
3034,Product3034,clothing,3908.54,,2026-02-17T06:33:28.351Z,file:///opt/spark-apps/data/raw/products.csv
3035,Product3035,home,4824.09,,2026-02-17T06:33:28.351Z,file:///opt/spark-apps/data/raw/products.csv
3036,Product3036,books,3852.75,,2026-02-17T06:33:28.351Z,file:///opt/spark-apps/data/raw/products.csv
3037,Product3037,home,2066.36,,2026-02-17T06:33:28.351Z,file:///opt/spark-apps/data/raw/products.csv
3038,Product3038,sports,799.94,,2026-02-17T06:33:28.351Z,file:///opt/spark-apps/data/raw/products.csv
3039,Product3039,books,791.35,,2026-02-17T06:33:28.351Z,file:///opt/spark-apps/data/raw/products.csv
3040,Product3040,electronics,431.75,,2026-02-17T06:33:28.351Z,file:///opt/spark-apps/data/raw/products.csv
3041,Product3041,clothing,4264.53,,2026-02-17T06:33:28.351Z,file:///opt/spark-apps/data/raw/products.csv
3042,Product3042,clothing,4999.97,,2026-02-17T06:33:28.351Z,file:///opt/spark-apps/data/raw/products.csv
3043,Product3043,books,125.51,,2026-02-17T06:33:28.351Z,file:///opt/spark-apps/data/raw/products.csv
3044,Product3044,clothing,2250.39,,2026-02-17T06:33:28.351Z,file:///opt/spark-apps/data/raw/products.csv
3045,Product3045,home,121.51,,2026-02-17T06:33:28.351Z,file:///opt/spark-apps/data/raw/products.csv
3046,Product3046,books,2835.55,,2026-02-17T06:33:28.351Z,file:///opt/spark-apps/data/raw/products.csv
3047,Product3047,clothing,618.04,,2026-02-17T06:33:28.351Z,file:///opt/spark-apps/data/raw/products.csv
3048,Product3048,sports,3158.63,,2026-02-17T06:33:28.351Z,file:///opt/spark-apps/data/raw/products.csv
3049,Product3049,clothing,3770.47,,2026-02-17T06:33:28.351Z,file:///opt/spark-apps/data/raw/products.csv
3050,Product3050,sports,1763.1,,2026-02-17T06:33:28.351Z,file:///opt/spark-apps/data/raw/products.csv
3051,Product3051,books,390.34,,2026-02-17T06:33:28.351Z,file:///opt/spark-apps/data/raw/products.csv
3052,Product3052,home,4216.91,,2026-02-17T06:33:28.351Z,file:///opt/spark-apps/data/raw/products.csv
3053,Product3053,sports,1331.65,,2026-02-17T06:33:28.351Z,file:///opt/spark-apps/data/raw/products.csv
3054,Product3054,home,4267.64,,2026-02-17T06:33:28.351Z,file:///opt/spark-apps/data/raw/products.csv
3055,Product3055,electronics,3215.12,,2026-02-17T06:33:28.351Z,file:///opt/spark-apps/data/raw/products.csv
3056,Product3056,electronics,592.52,,2026-02-17T06:33:28.351Z,file:///opt/spark-apps/data/raw/products.csv
3057,Product3057,sports,3896.34,,2026-02-17T06:33:28.351Z,file:///opt/spark-apps/data/raw/products.csv
3058,Product3058,sports,3587.89,,2026-02-17T06:33:28.351Z,file:///opt/spark-apps/data/raw/products.csv
3059,Product3059,home,892.7,,2026-02-17T06:33:28.351Z,file:///opt/spark-apps/data/raw/products.csv
3060,Product3060,sports,3693.25,,2026-02-17T06:33:28.351Z,file:///opt/spark-apps/data/raw/products.csv
3061,Product3061,clothing,4225.83,,2026-02-17T06:33:28.351Z,file:///opt/spark-apps/data/raw/products.csv
3062,Product3062,books,950.44,,2026-02-17T06:33:28.351Z,file:///opt/spark-apps/data/raw/products.csv
3063,Product3063,books,4428.07,,2026-02-17T06:33:28.351Z,file:///opt/spark-apps/data/raw/products.csv
3064,Product3064,electronics,1513.57,,2026-02-17T06:33:28.351Z,file:///opt/spark-apps/data/raw/products.csv
3065,Product3065,electronics,3007.09,,2026-02-17T06:33:28.351Z,file:///opt/spark-apps/data/raw/products.csv
3066,Product3066,clothing,1876.46,,2026-02-17T06:33:28.351Z,file:///opt/spark-apps/data/raw/products.csv
3067,Product3067,sports,1489.78,,2026-02-17T06:33:28.351Z,file:///opt/spark-apps/data/raw/products.csv
3068,Product3068,sports,2082.94,,2026-02-17T06:33:28.351Z,file:///opt/spark-apps/data/raw/products.csv
3069,Product3069,home,4023.52,,2026-02-17T06:33:28.351Z,file:///opt/spark-apps/data/raw/products.csv
3070,Product3070,sports,4949.71,,2026-02-17T06:33:28.351Z,file:///opt/spark-apps/data/raw/products.csv
3071,Product3071,sports,4775.08,,2026-02-17T06:33:28.351Z,file:///opt/spark-apps/data/raw/products.csv
3072,Product3072,sports,581.76,,2026-02-17T06:33:28.351Z,file:///opt/spark-apps/data/raw/products.csv
3073,Product3073,electronics,3036.83,,2026-02-17T06:33:28.351Z,file:///opt/spark-apps/data/raw/products.csv
3074,Product3074,electronics,2227.32,,2026-02-17T06:33:28.351Z,file:///opt/spark-apps/data/raw/products.csv
3075,Product3075,sports,496.11,,2026-02-17T06:33:28.351Z,file:///opt/spark-apps/data/raw/products.csv
3076,Product3076,electronics,1640.44,,2026-02-17T06:33:28.351Z,file:///opt/spark-apps/data/raw/products.csv
3077,Product3077,home,704.27,,2026-02-17T06:33:28.351Z,file:///opt/spark-apps/data/raw/products.csv
3078,Product3078,electronics,954.96,,2026-02-17T06:33:28.351Z,file:///opt/spark-apps/data/raw/products.csv
3079,Product3079,electronics,1105.2,,2026-02-17T06:33:28.351Z,file:///opt/spark-apps/data/raw/products.csv
3080,Product3080,sports,92.5,,2026-02-17T06:33:28.351Z,file:///opt/spark-apps/data/raw/products.csv
3081,Product3081,sports,3934.73,,2026-02-17T06:33:28.351Z,file:///opt/spark-apps/data/raw/products.csv
3082,Product3082,sports,4029.06,,2026-02-17T06:33:28.351Z,file:///opt/spark-apps/data/raw/products.csv
3083,Product3083,books,1030.19,,2026-02-17T06:33:28.351Z,file:///opt/spark-apps/data/raw/products.csv
3084,Product3084,home,1371.06,,2026-02-17T06:33:28.351Z,file:///opt/spark-apps/data/raw/products.csv
3085,Product3085,books,755.75,,2026-02-17T06:33:28.351Z,file:///opt/spark-apps/data/raw/products.csv
3086,Product3086,sports,3594.53,,2026-02-17T06:33:28.351Z,file:///opt/spark-apps/data/raw/products.csv
3087,Product3087,electronics,4564.72,,2026-02-17T06:33:28.351Z,file:///opt/spark-apps/data/raw/products.csv
3088,Product3088,home,4405.28,,2026-02-17T06:33:28.351Z,file:///opt/spark-apps/data/raw/products.csv
3089,Product3089,home,3589.54,,2026-02-17T06:33:28.351Z,file:///opt/spark-apps/data/raw/products.csv
3090,Product3090,home,812.81,,2026-02-17T06:33:28.351Z,file:///opt/spark-apps/data/raw/products.csv
3091,Product3091,books,3204.03,,2026-02-17T06:33:28.351Z,file:///opt/spark-apps/data/raw/products.csv
3092,Product3092,electronics,3869.51,,2026-02-17T06:33:28.351Z,file:///opt/spark-apps/data/raw/products.csv
3093,Product3093,books,3993.1,,2026-02-17T06:33:28.351Z,file:///opt/spark-apps/data/raw/products.csv
3094,Product3094,electronics,2173.04,,2026-02-17T06:33:28.351Z,file:///opt/spark-apps/data/raw/products.csv
3095,Product3095,home,208.47,,2026-02-17T06:33:28.351Z,file:///opt/spark-apps/data/raw/products.csv
3096,Product3096,books,260.18,,2026-02-17T06:33:28.351Z,file:///opt/spark-apps/data/raw/products.csv
3097,Product3097,clothing,948.93,,2026-02-17T06:33:28.351Z,file:///opt/spark-apps/data/raw/products.csv
3098,Product3098,sports,4229.02,,2026-02-17T06:33:28.351Z,file:///opt/spark-apps/data/raw/products.csv
3099,Product3099,sports,1077.27,,2026-02-17T06:33:28.351Z,file:///opt/spark-apps/data/raw/products.csv
3100,Product3100,clothing,2599.33,,2026-02-17T06:33:28.351Z,file:///opt/spark-apps/data/raw/products.csv
3101,Product3101,books,4564.31,,2026-02-17T06:33:28.351Z,file:///opt/spark-apps/data/raw/products.csv
3102,Product3102,books,2909.62,,2026-02-17T06:33:28.351Z,file:///opt/spark-apps/data/raw/products.csv
3103,Product3103,sports,3520.7,,2026-02-17T06:33:28.351Z,file:///opt/spark-apps/data/raw/products.csv
3104,Product3104,home,2981.15,,2026-02-17T06:33:28.351Z,file:///opt/spark-apps/data/raw/products.csv
3105,Product3105,home,4406.07,,2026-02-17T06:33:28.351Z,file:///opt/spark-apps/data/raw/products.csv
3106,Product3106,home,3868.68,,2026-02-17T06:33:28.351Z,file:///opt/spark-apps/data/raw/products.csv
3107,Product3107,books,4043.55,,2026-02-17T06:33:28.351Z,file:///opt/spark-apps/data/raw/products.csv
3108,Product3108,home,2472.86,,2026-02-17T06:33:28.351Z,file:///opt/spark-apps/data/raw/products.csv
3109,Product3109,home,268.35,,2026-02-17T06:33:28.351Z,file:///opt/spark-apps/data/raw/products.csv
3110,Product3110,books,826.64,,2026-02-17T06:33:28.351Z,file:///opt/spark-apps/data/raw/products.csv
3111,Product3111,home,2802.44,,2026-02-17T06:33:28.351Z,file:///opt/spark-apps/data/raw/products.csv
3112,Product3112,electronics,433.8,,2026-02-17T06:33:28.351Z,file:///opt/spark-apps/data/raw/products.csv
3113,Product3113,clothing,914.7,,2026-02-17T06:33:28.351Z,file:///opt/spark-apps/data/raw/products.csv
3114,Product3114,sports,3867.25,,2026-02-17T06:33:28.351Z,file:///opt/spark-apps/data/raw/products.csv
3115,Product3115,electronics,4749.92,,2026-02-17T06:33:28.351Z,file:///opt/spark-apps/data/raw/products.csv
3116,Product3116,books,59.76,,2026-02-17T06:33:28.351Z,file:///opt/spark-apps/data/raw/products.csv
3117,Product3117,clothing,794.23,,2026-02-17T06:33:28.351Z,file:///opt/spark-apps/data/raw/products.csv
3118,Product3118,sports,567.6,,2026-02-17T06:33:28.351Z,file:///opt/spark-apps/data/raw/products.csv
3119,Product3119,home,1578.41,,2026-02-17T06:33:28.351Z,file:///opt/spark-apps/data/raw/products.csv
3120,Product3120,home,1503.89,,2026-02-17T06:33:28.351Z,file:///opt/spark-apps/data/raw/products.csv
3121,Product3121,electronics,790.63,,2026-02-17T06:33:28.351Z,file:///opt/spark-apps/data/raw/products.csv
3122,Product3122,books,2505.18,,2026-02-17T06:33:28.351Z,file:///opt/spark-apps/data/raw/products.csv
3123,Product3123,clothing,3062.74,,2026-02-17T06:33:28.351Z,file:///opt/spark-apps/data/raw/products.csv
3124,Product3124,home,162.64,,2026-02-17T06:33:28.351Z,file:///opt/spark-apps/data/raw/products.csv
3125,Product3125,electronics,2766.25,,2026-02-17T06:33:28.351Z,file:///opt/spark-apps/data/raw/products.csv
3126,Product3126,sports,2142.31,,2026-02-17T06:33:28.351Z,file:///opt/spark-apps/data/raw/products.csv
3127,Product3127,electronics,419.01,,2026-02-17T06:33:28.351Z,file:///opt/spark-apps/data/raw/products.csv
3128,Product3128,clothing,1399.42,,2026-02-17T06:33:28.351Z,file:///opt/spark-apps/data/raw/products.csv
3129,Product3129,sports,900.65,,2026-02-17T06:33:28.351Z,file:///opt/spark-apps/data/raw/products.csv
3130,Product3130,clothing,1294.03,,2026-02-17T06:33:28.351Z,file:///opt/spark-apps/data/raw/products.csv
3131,Product3131,home,4968.78,,2026-02-17T06:33:28.351Z,file:///opt/spark-apps/data/raw/products.csv
3132,Product3132,home,4475.63,,2026-02-17T06:33:28.351Z,file:///opt/spark-apps/data/raw/products.csv
3133,Product3133,electronics,3492.39,,2026-02-17T06:33:28.351Z,file:///opt/spark-apps/data/raw/products.csv
3134,Product3134,clothing,4544.51,,2026-02-17T06:33:28.351Z,file:///opt/spark-apps/data/raw/products.csv
3135,Product3135,sports,3251.2,,2026-02-17T06:33:28.351Z,file:///opt/spark-apps/data/raw/products.csv
3136,Product3136,home,925.74,,2026-02-17T06:33:28.351Z,file:///opt/spark-apps/data/raw/products.csv
3137,Product3137,home,4657.94,,2026-02-17T06:33:28.351Z,file:///opt/spark-apps/data/raw/products.csv
3138,Product3138,electronics,4789.63,,2026-02-17T06:33:28.351Z,file:///opt/spark-apps/data/raw/products.csv
3139,Product3139,electronics,1234.59,,2026-02-17T06:33:28.351Z,file:///opt/spark-apps/data/raw/products.csv
3140,Product3140,sports,589.08,,2026-02-17T06:33:28.351Z,file:///opt/spark-apps/data/raw/products.csv
3141,Product3141,sports,855.52,,2026-02-17T06:33:28.351Z,file:///opt/spark-apps/data/raw/products.csv
3142,Product3142,sports,28.76,,2026-02-17T06:33:28.351Z,file:///opt/spark-apps/data/raw/products.csv
3143,Product3143,clothing,216.45,,2026-02-17T06:33:28.351Z,file:///opt/spark-apps/data/raw/products.csv
3144,Product3144,electronics,2303.17,,2026-02-17T06:33:28.351Z,file:///opt/spark-apps/data/raw/products.csv
3145,Product3145,sports,1503.26,,2026-02-17T06:33:28.351Z,file:///opt/spark-apps/data/raw/products.csv
3146,Product3146,clothing,4567.11,,2026-02-17T06:33:28.351Z,file:///opt/spark-apps/data/raw/products.csv
3147,Product3147,clothing,3653.19,,2026-02-17T06:33:28.351Z,file:///opt/spark-apps/data/raw/products.csv
3148,Product3148,clothing,1748.51,,2026-02-17T06:33:28.351Z,file:///opt/spark-apps/data/raw/products.csv
3149,Product3149,sports,2027.99,,2026-02-17T06:33:28.351Z,file:///opt/spark-apps/data/raw/products.csv
3150,Product3150,books,3217.23,,2026-02-17T06:33:28.351Z,file:///opt/spark-apps/data/raw/products.csv
3151,Product3151,sports,1566.25,,2026-02-17T06:33:28.351Z,file:///opt/spark-apps/data/raw/products.csv
3152,Product3152,clothing,1356.66,,2026-02-17T06:33:28.351Z,file:///opt/spark-apps/data/raw/products.csv
3153,Product3153,home,2108.6,,2026-02-17T06:33:28.351Z,file:///opt/spark-apps/data/raw/products.csv
3154,Product3154,books,4785.05,,2026-02-17T06:33:28.351Z,file:///opt/spark-apps/data/raw/products.csv
3155,Product3155,books,3540.66,,2026-02-17T06:33:28.351Z,file:///opt/spark-apps/data/raw/products.csv
3156,Product3156,books,451.05,,2026-02-17T06:33:28.351Z,file:///opt/spark-apps/data/raw/products.csv
3157,Product3157,books,4721.08,,2026-02-17T06:33:28.351Z,file:///opt/spark-apps/data/raw/products.csv
3158,Product3158,clothing,4492.61,,2026-02-17T06:33:28.351Z,file:///opt/spark-apps/data/raw/products.csv
3159,Product3159,sports,449.35,,2026-02-17T06:33:28.351Z,file:///opt/spark-apps/data/raw/products.csv
3160,Product3160,sports,2591.42,,2026-02-17T06:33:28.351Z,file:///opt/spark-apps/data/raw/products.csv
3161,Product3161,electronics,3514.53,,2026-02-17T06:33:28.351Z,file:///opt/spark-apps/data/raw/products.csv
3162,Product3162,electronics,1374.83,,2026-02-17T06:33:28.351Z,file:///opt/spark-apps/data/raw/products.csv
3163,Product3163,books,1821.65,,2026-02-17T06:33:28.351Z,file:///opt/spark-apps/data/raw/products.csv
3164,Product3164,clothing,3353.89,,2026-02-17T06:33:28.351Z,file:///opt/spark-apps/data/raw/products.csv
3165,Product3165,clothing,2352.43,,2026-02-17T06:33:28.351Z,file:///opt/spark-apps/data/raw/products.csv
3166,Product3166,electronics,4427.16,,2026-02-17T06:33:28.351Z,file:///opt/spark-apps/data/raw/products.csv
3167,Product3167,sports,1056.26,,2026-02-17T06:33:28.351Z,file:///opt/spark-apps/data/raw/products.csv
3168,Product3168,books,4511.52,,2026-02-17T06:33:28.351Z,file:///opt/spark-apps/data/raw/products.csv
3169,Product3169,electronics,4561.51,,2026-02-17T06:33:28.351Z,file:///opt/spark-apps/data/raw/products.csv
3170,Product3170,electronics,3012.25,,2026-02-17T06:33:28.351Z,file:///opt/spark-apps/data/raw/products.csv
3171,Product3171,home,20.68,,2026-02-17T06:33:28.351Z,file:///opt/spark-apps/data/raw/products.csv
3172,Product3172,clothing,4471.74,,2026-02-17T06:33:28.351Z,file:///opt/spark-apps/data/raw/products.csv
3173,Product3173,sports,786.73,,2026-02-17T06:33:28.351Z,file:///opt/spark-apps/data/raw/products.csv
3174,Product3174,electronics,2346.68,,2026-02-17T06:33:28.351Z,file:///opt/spark-apps/data/raw/products.csv
3175,Product3175,electronics,44.47,,2026-02-17T06:33:28.351Z,file:///opt/spark-apps/data/raw/products.csv
3176,Product3176,home,3827.42,,2026-02-17T06:33:28.351Z,file:///opt/spark-apps/data/raw/products.csv
3177,Product3177,clothing,442.41,,2026-02-17T06:33:28.351Z,file:///opt/spark-apps/data/raw/products.csv
3178,Product3178,books,606.79,,2026-02-17T06:33:28.351Z,file:///opt/spark-apps/data/raw/products.csv
3179,Product3179,clothing,1837.81,,2026-02-17T06:33:28.351Z,file:///opt/spark-apps/data/raw/products.csv
3180,Product3180,home,205.32,,2026-02-17T06:33:28.351Z,file:///opt/spark-apps/data/raw/products.csv
3181,Product3181,books,2992.91,,2026-02-17T06:33:28.351Z,file:///opt/spark-apps/data/raw/products.csv
3182,Product3182,home,1309.48,,2026-02-17T06:33:28.351Z,file:///opt/spark-apps/data/raw/products.csv
3183,Product3183,clothing,4614.7,,2026-02-17T06:33:28.351Z,file:///opt/spark-apps/data/raw/products.csv
3184,Product3184,clothing,2052.99,,2026-02-17T06:33:28.351Z,file:///opt/spark-apps/data/raw/products.csv
3185,Product3185,home,3725.22,,2026-02-17T06:33:28.351Z,file:///opt/spark-apps/data/raw/products.csv
3186,Product3186,home,3466.78,,2026-02-17T06:33:28.351Z,file:///opt/spark-apps/data/raw/products.csv
3187,Product3187,electronics,3534.03,,2026-02-17T06:33:28.351Z,file:///opt/spark-apps/data/raw/products.csv
3188,Product3188,books,4207.71,,2026-02-17T06:33:28.351Z,file:///opt/spark-apps/data/raw/products.csv
3189,Product3189,home,3458.9,,2026-02-17T06:33:28.351Z,file:///opt/spark-apps/data/raw/products.csv
3190,Product3190,electronics,4624.7,,2026-02-17T06:33:28.351Z,file:///opt/spark-apps/data/raw/products.csv
3191,Product3191,home,2795.29,,2026-02-17T06:33:28.351Z,file:///opt/spark-apps/data/raw/products.csv
3192,Product3192,sports,4530.65,,2026-02-17T06:33:28.351Z,file:///opt/spark-apps/data/raw/products.csv
3193,Product3193,electronics,2725.46,,2026-02-17T06:33:28.351Z,file:///opt/spark-apps/data/raw/products.csv
3194,Product3194,electronics,3185.37,,2026-02-17T06:33:28.351Z,file:///opt/spark-apps/data/raw/products.csv
3195,Product3195,clothing,2153.8,,2026-02-17T06:33:28.351Z,file:///opt/spark-apps/data/raw/products.csv
3196,Product3196,sports,4462.27,,2026-02-17T06:33:28.351Z,file:///opt/spark-apps/data/raw/products.csv
3197,Product3197,home,1388.45,,2026-02-17T06:33:28.351Z,file:///opt/spark-apps/data/raw/products.csv
3198,Product3198,electronics,149.13,,2026-02-17T06:33:28.351Z,file:///opt/spark-apps/data/raw/products.csv
3199,Product3199,home,2872.85,,2026-02-17T06:33:28.351Z,file:///opt/spark-apps/data/raw/products.csv
3200,Product3200,clothing,2456.9,,2026-02-17T06:33:28.351Z,file:///opt/spark-apps/data/raw/products.csv
3201,Product3201,sports,2149.28,,2026-02-17T06:33:28.351Z,file:///opt/spark-apps/data/raw/products.csv
3202,Product3202,electronics,2497.89,,2026-02-17T06:33:28.351Z,file:///opt/spark-apps/data/raw/products.csv
3203,Product3203,books,1922.3,,2026-02-17T06:33:28.351Z,file:///opt/spark-apps/data/raw/products.csv
3204,Product3204,clothing,3545.08,,2026-02-17T06:33:28.351Z,file:///opt/spark-apps/data/raw/products.csv
3205,Product3205,clothing,326.78,,2026-02-17T06:33:28.351Z,file:///opt/spark-apps/data/raw/products.csv
3206,Product3206,home,1410.57,,2026-02-17T06:33:28.351Z,file:///opt/spark-apps/data/raw/products.csv
3207,Product3207,home,2890.81,,2026-02-17T06:33:28.351Z,file:///opt/spark-apps/data/raw/products.csv
3208,Product3208,clothing,1450.25,,2026-02-17T06:33:28.351Z,file:///opt/spark-apps/data/raw/products.csv
3209,Product3209,home,4350.25,,2026-02-17T06:33:28.351Z,file:///opt/spark-apps/data/raw/products.csv
3210,Product3210,home,986.77,,2026-02-17T06:33:28.351Z,file:///opt/spark-apps/data/raw/products.csv
3211,Product3211,books,4556.59,,2026-02-17T06:33:28.351Z,file:///opt/spark-apps/data/raw/products.csv
3212,Product3212,sports,1369.08,,2026-02-17T06:33:28.351Z,file:///opt/spark-apps/data/raw/products.csv
3213,Product3213,home,1998.39,,2026-02-17T06:33:28.351Z,file:///opt/spark-apps/data/raw/products.csv
3214,Product3214,books,1259.44,,2026-02-17T06:33:28.351Z,file:///opt/spark-apps/data/raw/products.csv
3215,Product3215,books,3206.83,,2026-02-17T06:33:28.351Z,file:///opt/spark-apps/data/raw/products.csv
3216,Product3216,clothing,2907.43,,2026-02-17T06:33:28.351Z,file:///opt/spark-apps/data/raw/products.csv
3217,Product3217,home,1105.61,,2026-02-17T06:33:28.351Z,file:///opt/spark-apps/data/raw/products.csv
3218,Product3218,home,1114.18,,2026-02-17T06:33:28.351Z,file:///opt/spark-apps/data/raw/products.csv
3219,Product3219,sports,3609.07,,2026-02-17T06:33:28.351Z,file:///opt/spark-apps/data/raw/products.csv
3220,Product3220,clothing,682.58,,2026-02-17T06:33:28.351Z,file:///opt/spark-apps/data/raw/products.csv
3221,Product3221,books,4210.62,,2026-02-17T06:33:28.351Z,file:///opt/spark-apps/data/raw/products.csv
3222,Product3222,electronics,3796.27,,2026-02-17T06:33:28.351Z,file:///opt/spark-apps/data/raw/products.csv
3223,Product3223,electronics,1242.6,,2026-02-17T06:33:28.351Z,file:///opt/spark-apps/data/raw/products.csv
3224,Product3224,books,467.52,,2026-02-17T06:33:28.351Z,file:///opt/spark-apps/data/raw/products.csv
3225,Product3225,electronics,1139.05,,2026-02-17T06:33:28.351Z,file:///opt/spark-apps/data/raw/products.csv
3226,Product3226,home,1075.0,,2026-02-17T06:33:28.351Z,file:///opt/spark-apps/data/raw/products.csv
3227,Product3227,books,2840.98,,2026-02-17T06:33:28.351Z,file:///opt/spark-apps/data/raw/products.csv
3228,Product3228,books,2699.5,,2026-02-17T06:33:28.351Z,file:///opt/spark-apps/data/raw/products.csv
3229,Product3229,home,4012.76,,2026-02-17T06:33:28.351Z,file:///opt/spark-apps/data/raw/products.csv
3230,Product3230,books,2817.39,,2026-02-17T06:33:28.351Z,file:///opt/spark-apps/data/raw/products.csv
3231,Product3231,clothing,2243.98,,2026-02-17T06:33:28.351Z,file:///opt/spark-apps/data/raw/products.csv
3232,Product3232,clothing,948.67,,2026-02-17T06:33:28.351Z,file:///opt/spark-apps/data/raw/products.csv
3233,Product3233,electronics,3506.22,,2026-02-17T06:33:28.351Z,file:///opt/spark-apps/data/raw/products.csv
3234,Product3234,sports,119.79,,2026-02-17T06:33:28.351Z,file:///opt/spark-apps/data/raw/products.csv
3235,Product3235,books,3901.44,,2026-02-17T06:33:28.351Z,file:///opt/spark-apps/data/raw/products.csv
3236,Product3236,sports,4491.98,,2026-02-17T06:33:28.351Z,file:///opt/spark-apps/data/raw/products.csv
3237,Product3237,books,3741.34,,2026-02-17T06:33:28.351Z,file:///opt/spark-apps/data/raw/products.csv
3238,Product3238,books,4086.91,,2026-02-17T06:33:28.351Z,file:///opt/spark-apps/data/raw/products.csv
3239,Product3239,home,2506.54,,2026-02-17T06:33:28.351Z,file:///opt/spark-apps/data/raw/products.csv
3240,Product3240,sports,4471.9,,2026-02-17T06:33:28.351Z,file:///opt/spark-apps/data/raw/products.csv
3241,Product3241,clothing,1746.35,,2026-02-17T06:33:28.351Z,file:///opt/spark-apps/data/raw/products.csv
3242,Product3242,books,4016.25,,2026-02-17T06:33:28.351Z,file:///opt/spark-apps/data/raw/products.csv
3243,Product3243,home,455.38,,2026-02-17T06:33:28.351Z,file:///opt/spark-apps/data/raw/products.csv
3244,Product3244,home,155.78,,2026-02-17T06:33:28.351Z,file:///opt/spark-apps/data/raw/products.csv
3245,Product3245,electronics,2308.88,,2026-02-17T06:33:28.351Z,file:///opt/spark-apps/data/raw/products.csv
3246,Product3246,electronics,503.16,,2026-02-17T06:33:28.351Z,file:///opt/spark-apps/data/raw/products.csv
3247,Product3247,clothing,3219.99,,2026-02-17T06:33:28.351Z,file:///opt/spark-apps/data/raw/products.csv
3248,Product3248,sports,1289.9,,2026-02-17T06:33:28.351Z,file:///opt/spark-apps/data/raw/products.csv
3249,Product3249,books,3676.05,,2026-02-17T06:33:28.351Z,file:///opt/spark-apps/data/raw/products.csv
3250,Product3250,sports,4851.51,,2026-02-17T06:33:28.351Z,file:///opt/spark-apps/data/raw/products.csv
3251,Product3251,sports,2399.77,,2026-02-17T06:33:28.351Z,file:///opt/spark-apps/data/raw/products.csv
3252,Product3252,sports,3286.74,,2026-02-17T06:33:28.351Z,file:///opt/spark-apps/data/raw/products.csv
3253,Product3253,clothing,2319.52,,2026-02-17T06:33:28.351Z,file:///opt/spark-apps/data/raw/products.csv
3254,Product3254,home,3687.57,,2026-02-17T06:33:28.351Z,file:///opt/spark-apps/data/raw/products.csv
3255,Product3255,home,3489.69,,2026-02-17T06:33:28.351Z,file:///opt/spark-apps/data/raw/products.csv
3256,Product3256,books,238.67,,2026-02-17T06:33:28.351Z,file:///opt/spark-apps/data/raw/products.csv
3257,Product3257,electronics,4270.05,,2026-02-17T06:33:28.351Z,file:///opt/spark-apps/data/raw/products.csv
3258,Product3258,home,2768.86,,2026-02-17T06:33:28.351Z,file:///opt/spark-apps/data/raw/products.csv
3259,Product3259,home,1565.31,,2026-02-17T06:33:28.351Z,file:///opt/spark-apps/data/raw/products.csv
3260,Product3260,books,472.28,,2026-02-17T06:33:28.351Z,file:///opt/spark-apps/data/raw/products.csv
3261,Product3261,clothing,883.6,,2026-02-17T06:33:28.351Z,file:///opt/spark-apps/data/raw/products.csv
3262,Product3262,clothing,616.96,,2026-02-17T06:33:28.351Z,file:///opt/spark-apps/data/raw/products.csv
3263,Product3263,home,4479.68,,2026-02-17T06:33:28.351Z,file:///opt/spark-apps/data/raw/products.csv
3264,Product3264,sports,2224.59,,2026-02-17T06:33:28.351Z,file:///opt/spark-apps/data/raw/products.csv
3265,Product3265,electronics,3107.46,,2026-02-17T06:33:28.351Z,file:///opt/spark-apps/data/raw/products.csv
3266,Product3266,electronics,657.98,,2026-02-17T06:33:28.351Z,file:///opt/spark-apps/data/raw/products.csv
3267,Product3267,books,3496.89,,2026-02-17T06:33:28.351Z,file:///opt/spark-apps/data/raw/products.csv
3268,Product3268,sports,3650.99,,2026-02-17T06:33:28.351Z,file:///opt/spark-apps/data/raw/products.csv
3269,Product3269,books,4486.57,,2026-02-17T06:33:28.351Z,file:///opt/spark-apps/data/raw/products.csv
3270,Product3270,books,172.49,,2026-02-17T06:33:28.351Z,file:///opt/spark-apps/data/raw/products.csv
3271,Product3271,electronics,4252.49,,2026-02-17T06:33:28.351Z,file:///opt/spark-apps/data/raw/products.csv
3272,Product3272,electronics,1440.24,,2026-02-17T06:33:28.351Z,file:///opt/spark-apps/data/raw/products.csv
3273,Product3273,electronics,976.86,,2026-02-17T06:33:28.351Z,file:///opt/spark-apps/data/raw/products.csv
3274,Product3274,clothing,2602.5,,2026-02-17T06:33:28.351Z,file:///opt/spark-apps/data/raw/products.csv
3275,Product3275,sports,2726.4,,2026-02-17T06:33:28.351Z,file:///opt/spark-apps/data/raw/products.csv
3276,Product3276,sports,3573.78,,2026-02-17T06:33:28.351Z,file:///opt/spark-apps/data/raw/products.csv
3277,Product3277,clothing,2657.61,,2026-02-17T06:33:28.351Z,file:///opt/spark-apps/data/raw/products.csv
3278,Product3278,books,1226.07,,2026-02-17T06:33:28.351Z,file:///opt/spark-apps/data/raw/products.csv
3279,Product3279,home,1476.95,,2026-02-17T06:33:28.351Z,file:///opt/spark-apps/data/raw/products.csv
3280,Product3280,sports,3867.48,,2026-02-17T06:33:28.351Z,file:///opt/spark-apps/data/raw/products.csv
3281,Product3281,books,3553.33,,2026-02-17T06:33:28.351Z,file:///opt/spark-apps/data/raw/products.csv
3282,Product3282,books,4915.04,,2026-02-17T06:33:28.351Z,file:///opt/spark-apps/data/raw/products.csv
3283,Product3283,sports,3869.79,,2026-02-17T06:33:28.351Z,file:///opt/spark-apps/data/raw/products.csv
3284,Product3284,electronics,369.87,,2026-02-17T06:33:28.351Z,file:///opt/spark-apps/data/raw/products.csv
3285,Product3285,sports,2502.08,,2026-02-17T06:33:28.351Z,file:///opt/spark-apps/data/raw/products.csv
3286,Product3286,sports,1336.55,,2026-02-17T06:33:28.351Z,file:///opt/spark-apps/data/raw/products.csv
3287,Product3287,books,3046.4,,2026-02-17T06:33:28.351Z,file:///opt/spark-apps/data/raw/products.csv
3288,Product3288,sports,2493.21,,2026-02-17T06:33:28.351Z,file:///opt/spark-apps/data/raw/products.csv
3289,Product3289,books,3964.9,,2026-02-17T06:33:28.351Z,file:///opt/spark-apps/data/raw/products.csv
3290,Product3290,clothing,2297.26,,2026-02-17T06:33:28.351Z,file:///opt/spark-apps/data/raw/products.csv
3291,Product3291,electronics,3414.67,,2026-02-17T06:33:28.351Z,file:///opt/spark-apps/data/raw/products.csv
3292,Product3292,sports,3397.99,,2026-02-17T06:33:28.351Z,file:///opt/spark-apps/data/raw/products.csv
3293,Product3293,electronics,1038.59,,2026-02-17T06:33:28.351Z,file:///opt/spark-apps/data/raw/products.csv
3294,Product3294,sports,4556.15,,2026-02-17T06:33:28.351Z,file:///opt/spark-apps/data/raw/products.csv
3295,Product3295,electronics,4714.91,,2026-02-17T06:33:28.351Z,file:///opt/spark-apps/data/raw/products.csv
3296,Product3296,clothing,4711.03,,2026-02-17T06:33:28.351Z,file:///opt/spark-apps/data/raw/products.csv
3297,Product3297,sports,769.52,,2026-02-17T06:33:28.351Z,file:///opt/spark-apps/data/raw/products.csv
3298,Product3298,books,420.05,,2026-02-17T06:33:28.351Z,file:///opt/spark-apps/data/raw/products.csv
3299,Product3299,home,4990.11,,2026-02-17T06:33:28.351Z,file:///opt/spark-apps/data/raw/products.csv
3300,Product3300,books,3420.33,,2026-02-17T06:33:28.351Z,file:///opt/spark-apps/data/raw/products.csv
3301,Product3301,home,1946.66,,2026-02-17T06:33:28.351Z,file:///opt/spark-apps/data/raw/products.csv
3302,Product3302,home,2074.21,,2026-02-17T06:33:28.351Z,file:///opt/spark-apps/data/raw/products.csv
3303,Product3303,sports,3378.33,,2026-02-17T06:33:28.351Z,file:///opt/spark-apps/data/raw/products.csv
3304,Product3304,electronics,3066.07,,2026-02-17T06:33:28.351Z,file:///opt/spark-apps/data/raw/products.csv
3305,Product3305,clothing,284.21,,2026-02-17T06:33:28.351Z,file:///opt/spark-apps/data/raw/products.csv
3306,Product3306,sports,3362.0,,2026-02-17T06:33:28.351Z,file:///opt/spark-apps/data/raw/products.csv
3307,Product3307,electronics,2737.37,,2026-02-17T06:33:28.351Z,file:///opt/spark-apps/data/raw/products.csv
3308,Product3308,home,246.63,,2026-02-17T06:33:28.351Z,file:///opt/spark-apps/data/raw/products.csv
3309,Product3309,electronics,3808.98,,2026-02-17T06:33:28.351Z,file:///opt/spark-apps/data/raw/products.csv
3310,Product3310,clothing,1002.91,,2026-02-17T06:33:28.351Z,file:///opt/spark-apps/data/raw/products.csv
3311,Product3311,electronics,1615.76,,2026-02-17T06:33:28.351Z,file:///opt/spark-apps/data/raw/products.csv
3312,Product3312,clothing,2264.26,,2026-02-17T06:33:28.351Z,file:///opt/spark-apps/data/raw/products.csv
3313,Product3313,home,868.7,,2026-02-17T06:33:28.351Z,file:///opt/spark-apps/data/raw/products.csv
3314,Product3314,sports,2834.57,,2026-02-17T06:33:28.351Z,file:///opt/spark-apps/data/raw/products.csv
3315,Product3315,clothing,4811.99,,2026-02-17T06:33:28.351Z,file:///opt/spark-apps/data/raw/products.csv
3316,Product3316,books,1136.99,,2026-02-17T06:33:28.351Z,file:///opt/spark-apps/data/raw/products.csv
3317,Product3317,electronics,3420.68,,2026-02-17T06:33:28.351Z,file:///opt/spark-apps/data/raw/products.csv
3318,Product3318,electronics,4773.52,,2026-02-17T06:33:28.351Z,file:///opt/spark-apps/data/raw/products.csv
3319,Product3319,sports,68.4,,2026-02-17T06:33:28.351Z,file:///opt/spark-apps/data/raw/products.csv
3320,Product3320,sports,2646.97,,2026-02-17T06:33:28.351Z,file:///opt/spark-apps/data/raw/products.csv
3321,Product3321,clothing,2467.29,,2026-02-17T06:33:28.351Z,file:///opt/spark-apps/data/raw/products.csv
3322,Product3322,electronics,952.17,,2026-02-17T06:33:28.351Z,file:///opt/spark-apps/data/raw/products.csv
3323,Product3323,clothing,2524.53,,2026-02-17T06:33:28.351Z,file:///opt/spark-apps/data/raw/products.csv
3324,Product3324,sports,2476.09,,2026-02-17T06:33:28.351Z,file:///opt/spark-apps/data/raw/products.csv
3325,Product3325,sports,1056.49,,2026-02-17T06:33:28.351Z,file:///opt/spark-apps/data/raw/products.csv
3326,Product3326,sports,3063.67,,2026-02-17T06:33:28.351Z,file:///opt/spark-apps/data/raw/products.csv
3327,Product3327,sports,293.31,,2026-02-17T06:33:28.351Z,file:///opt/spark-apps/data/raw/products.csv
3328,Product3328,home,416.94,,2026-02-17T06:33:28.351Z,file:///opt/spark-apps/data/raw/products.csv
3329,Product3329,home,1928.53,,2026-02-17T06:33:28.351Z,file:///opt/spark-apps/data/raw/products.csv
3330,Product3330,sports,182.33,,2026-02-17T06:33:28.351Z,file:///opt/spark-apps/data/raw/products.csv
3331,Product3331,electronics,118.19,,2026-02-17T06:33:28.351Z,file:///opt/spark-apps/data/raw/products.csv
3332,Product3332,clothing,3415.57,,2026-02-17T06:33:28.351Z,file:///opt/spark-apps/data/raw/products.csv
3333,Product3333,clothing,24.58,,2026-02-17T06:33:28.351Z,file:///opt/spark-apps/data/raw/products.csv
3334,Product3334,books,3432.11,,2026-02-17T06:33:28.351Z,file:///opt/spark-apps/data/raw/products.csv
3335,Product3335,electronics,3878.52,,2026-02-17T06:33:28.351Z,file:///opt/spark-apps/data/raw/products.csv
3336,Product3336,clothing,3481.7,,2026-02-17T06:33:28.351Z,file:///opt/spark-apps/data/raw/products.csv
3337,Product3337,clothing,2567.36,,2026-02-17T06:33:28.351Z,file:///opt/spark-apps/data/raw/products.csv
3338,Product3338,sports,2891.56,,2026-02-17T06:33:28.351Z,file:///opt/spark-apps/data/raw/products.csv
3339,Product3339,electronics,4248.11,,2026-02-17T06:33:28.351Z,file:///opt/spark-apps/data/raw/products.csv
3340,Product3340,books,3878.14,,2026-02-17T06:33:28.351Z,file:///opt/spark-apps/data/raw/products.csv
3341,Product3341,books,4664.49,,2026-02-17T06:33:28.351Z,file:///opt/spark-apps/data/raw/products.csv
3342,Product3342,books,3502.24,,2026-02-17T06:33:28.351Z,file:///opt/spark-apps/data/raw/products.csv
3343,Product3343,home,3686.44,,2026-02-17T06:33:28.351Z,file:///opt/spark-apps/data/raw/products.csv
3344,Product3344,sports,3425.74,,2026-02-17T06:33:28.351Z,file:///opt/spark-apps/data/raw/products.csv
3345,Product3345,sports,3831.95,,2026-02-17T06:33:28.351Z,file:///opt/spark-apps/data/raw/products.csv
3346,Product3346,books,4858.46,,2026-02-17T06:33:28.351Z,file:///opt/spark-apps/data/raw/products.csv
3347,Product3347,home,4309.02,,2026-02-17T06:33:28.351Z,file:///opt/spark-apps/data/raw/products.csv
3348,Product3348,home,1073.28,,2026-02-17T06:33:28.351Z,file:///opt/spark-apps/data/raw/products.csv
3349,Product3349,books,1370.11,,2026-02-17T06:33:28.351Z,file:///opt/spark-apps/data/raw/products.csv
3350,Product3350,home,4779.86,,2026-02-17T06:33:28.351Z,file:///opt/spark-apps/data/raw/products.csv
3351,Product3351,books,265.85,,2026-02-17T06:33:28.351Z,file:///opt/spark-apps/data/raw/products.csv
3352,Product3352,sports,1870.21,,2026-02-17T06:33:28.351Z,file:///opt/spark-apps/data/raw/products.csv
3353,Product3353,books,1999.03,,2026-02-17T06:33:28.351Z,file:///opt/spark-apps/data/raw/products.csv
3354,Product3354,sports,4944.87,,2026-02-17T06:33:28.351Z,file:///opt/spark-apps/data/raw/products.csv
3355,Product3355,books,2201.08,,2026-02-17T06:33:28.351Z,file:///opt/spark-apps/data/raw/products.csv
3356,Product3356,books,4761.08,,2026-02-17T06:33:28.351Z,file:///opt/spark-apps/data/raw/products.csv
3357,Product3357,sports,4658.4,,2026-02-17T06:33:28.351Z,file:///opt/spark-apps/data/raw/products.csv
3358,Product3358,home,4641.28,,2026-02-17T06:33:28.351Z,file:///opt/spark-apps/data/raw/products.csv
3359,Product3359,clothing,1615.36,,2026-02-17T06:33:28.351Z,file:///opt/spark-apps/data/raw/products.csv
3360,Product3360,books,4825.14,,2026-02-17T06:33:28.351Z,file:///opt/spark-apps/data/raw/products.csv
3361,Product3361,home,4272.41,,2026-02-17T06:33:28.351Z,file:///opt/spark-apps/data/raw/products.csv
3362,Product3362,sports,3296.02,,2026-02-17T06:33:28.351Z,file:///opt/spark-apps/data/raw/products.csv
3363,Product3363,clothing,3637.6,,2026-02-17T06:33:28.351Z,file:///opt/spark-apps/data/raw/products.csv
3364,Product3364,home,2901.14,,2026-02-17T06:33:28.351Z,file:///opt/spark-apps/data/raw/products.csv
3365,Product3365,electronics,2220.82,,2026-02-17T06:33:28.351Z,file:///opt/spark-apps/data/raw/products.csv
3366,Product3366,home,200.3,,2026-02-17T06:33:28.351Z,file:///opt/spark-apps/data/raw/products.csv
3367,Product3367,electronics,4790.4,,2026-02-17T06:33:28.351Z,file:///opt/spark-apps/data/raw/products.csv
3368,Product3368,sports,2507.2,,2026-02-17T06:33:28.351Z,file:///opt/spark-apps/data/raw/products.csv
3369,Product3369,home,2457.76,,2026-02-17T06:33:28.351Z,file:///opt/spark-apps/data/raw/products.csv
3370,Product3370,clothing,4127.13,,2026-02-17T06:33:28.351Z,file:///opt/spark-apps/data/raw/products.csv
3371,Product3371,electronics,276.6,,2026-02-17T06:33:28.351Z,file:///opt/spark-apps/data/raw/products.csv
3372,Product3372,electronics,1967.16,,2026-02-17T06:33:28.351Z,file:///opt/spark-apps/data/raw/products.csv
3373,Product3373,home,1175.71,,2026-02-17T06:33:28.351Z,file:///opt/spark-apps/data/raw/products.csv
3374,Product3374,home,3393.19,,2026-02-17T06:33:28.351Z,file:///opt/spark-apps/data/raw/products.csv
3375,Product3375,sports,2015.99,,2026-02-17T06:33:28.351Z,file:///opt/spark-apps/data/raw/products.csv
3376,Product3376,home,4725.91,,2026-02-17T06:33:28.351Z,file:///opt/spark-apps/data/raw/products.csv
3377,Product3377,clothing,4781.0,,2026-02-17T06:33:28.351Z,file:///opt/spark-apps/data/raw/products.csv
3378,Product3378,books,3735.48,,2026-02-17T06:33:28.351Z,file:///opt/spark-apps/data/raw/products.csv
3379,Product3379,home,4408.93,,2026-02-17T06:33:28.351Z,file:///opt/spark-apps/data/raw/products.csv
3380,Product3380,clothing,4420.42,,2026-02-17T06:33:28.351Z,file:///opt/spark-apps/data/raw/products.csv
3381,Product3381,clothing,3583.25,,2026-02-17T06:33:28.351Z,file:///opt/spark-apps/data/raw/products.csv
3382,Product3382,home,999.57,,2026-02-17T06:33:28.351Z,file:///opt/spark-apps/data/raw/products.csv
3383,Product3383,books,1397.48,,2026-02-17T06:33:28.351Z,file:///opt/spark-apps/data/raw/products.csv
3384,Product3384,clothing,4512.73,,2026-02-17T06:33:28.351Z,file:///opt/spark-apps/data/raw/products.csv
3385,Product3385,clothing,3363.14,,2026-02-17T06:33:28.351Z,file:///opt/spark-apps/data/raw/products.csv
3386,Product3386,sports,1417.56,,2026-02-17T06:33:28.351Z,file:///opt/spark-apps/data/raw/products.csv
3387,Product3387,clothing,2081.09,,2026-02-17T06:33:28.351Z,file:///opt/spark-apps/data/raw/products.csv
3388,Product3388,electronics,3330.02,,2026-02-17T06:33:28.351Z,file:///opt/spark-apps/data/raw/products.csv
3389,Product3389,home,594.33,,2026-02-17T06:33:28.351Z,file:///opt/spark-apps/data/raw/products.csv
3390,Product3390,home,3171.57,,2026-02-17T06:33:28.351Z,file:///opt/spark-apps/data/raw/products.csv
3391,Product3391,clothing,1268.68,,2026-02-17T06:33:28.351Z,file:///opt/spark-apps/data/raw/products.csv
3392,Product3392,electronics,3014.01,,2026-02-17T06:33:28.351Z,file:///opt/spark-apps/data/raw/products.csv
3393,Product3393,clothing,4559.13,,2026-02-17T06:33:28.351Z,file:///opt/spark-apps/data/raw/products.csv
3394,Product3394,clothing,2803.57,,2026-02-17T06:33:28.351Z,file:///opt/spark-apps/data/raw/products.csv
3395,Product3395,home,2011.2,,2026-02-17T06:33:28.351Z,file:///opt/spark-apps/data/raw/products.csv
3396,Product3396,clothing,2081.9,,2026-02-17T06:33:28.351Z,file:///opt/spark-apps/data/raw/products.csv
3397,Product3397,clothing,1388.24,,2026-02-17T06:33:28.351Z,file:///opt/spark-apps/data/raw/products.csv
3398,Product3398,clothing,2342.73,,2026-02-17T06:33:28.351Z,file:///opt/spark-apps/data/raw/products.csv
3399,Product3399,electronics,4075.21,,2026-02-17T06:33:28.351Z,file:///opt/spark-apps/data/raw/products.csv
3400,Product3400,home,1619.58,,2026-02-17T06:33:28.351Z,file:///opt/spark-apps/data/raw/products.csv
3401,Product3401,electronics,4755.79,,2026-02-17T06:33:28.351Z,file:///opt/spark-apps/data/raw/products.csv
3402,Product3402,home,1649.1,,2026-02-17T06:33:28.351Z,file:///opt/spark-apps/data/raw/products.csv
3403,Product3403,electronics,4359.12,,2026-02-17T06:33:28.351Z,file:///opt/spark-apps/data/raw/products.csv
3404,Product3404,electronics,4424.07,,2026-02-17T06:33:28.351Z,file:///opt/spark-apps/data/raw/products.csv
3405,Product3405,books,1158.4,,2026-02-17T06:33:28.351Z,file:///opt/spark-apps/data/raw/products.csv
3406,Product3406,sports,4955.66,,2026-02-17T06:33:28.351Z,file:///opt/spark-apps/data/raw/products.csv
3407,Product3407,clothing,2770.15,,2026-02-17T06:33:28.351Z,file:///opt/spark-apps/data/raw/products.csv
3408,Product3408,electronics,3526.28,,2026-02-17T06:33:28.351Z,file:///opt/spark-apps/data/raw/products.csv
3409,Product3409,sports,1233.41,,2026-02-17T06:33:28.351Z,file:///opt/spark-apps/data/raw/products.csv
3410,Product3410,electronics,1426.21,,2026-02-17T06:33:28.351Z,file:///opt/spark-apps/data/raw/products.csv
3411,Product3411,home,2078.45,,2026-02-17T06:33:28.351Z,file:///opt/spark-apps/data/raw/products.csv
3412,Product3412,clothing,1714.1,,2026-02-17T06:33:28.351Z,file:///opt/spark-apps/data/raw/products.csv
3413,Product3413,sports,3932.13,,2026-02-17T06:33:28.351Z,file:///opt/spark-apps/data/raw/products.csv
3414,Product3414,books,1391.3,,2026-02-17T06:33:28.351Z,file:///opt/spark-apps/data/raw/products.csv
3415,Product3415,books,4994.75,,2026-02-17T06:33:28.351Z,file:///opt/spark-apps/data/raw/products.csv
3416,Product3416,sports,2046.7,,2026-02-17T06:33:28.351Z,file:///opt/spark-apps/data/raw/products.csv
3417,Product3417,books,4446.45,,2026-02-17T06:33:28.351Z,file:///opt/spark-apps/data/raw/products.csv
3418,Product3418,sports,3115.5,,2026-02-17T06:33:28.351Z,file:///opt/spark-apps/data/raw/products.csv
3419,Product3419,sports,2404.08,,2026-02-17T06:33:28.351Z,file:///opt/spark-apps/data/raw/products.csv
3420,Product3420,home,3259.39,,2026-02-17T06:33:28.351Z,file:///opt/spark-apps/data/raw/products.csv
3421,Product3421,clothing,4441.94,,2026-02-17T06:33:28.351Z,file:///opt/spark-apps/data/raw/products.csv
3422,Product3422,sports,1762.18,,2026-02-17T06:33:28.351Z,file:///opt/spark-apps/data/raw/products.csv
3423,Product3423,electronics,3695.31,,2026-02-17T06:33:28.351Z,file:///opt/spark-apps/data/raw/products.csv
3424,Product3424,sports,4690.25,,2026-02-17T06:33:28.351Z,file:///opt/spark-apps/data/raw/products.csv
3425,Product3425,home,4532.28,,2026-02-17T06:33:28.351Z,file:///opt/spark-apps/data/raw/products.csv
3426,Product3426,clothing,4302.64,,2026-02-17T06:33:28.351Z,file:///opt/spark-apps/data/raw/products.csv
3427,Product3427,home,3593.82,,2026-02-17T06:33:28.351Z,file:///opt/spark-apps/data/raw/products.csv
3428,Product3428,electronics,3335.2,,2026-02-17T06:33:28.351Z,file:///opt/spark-apps/data/raw/products.csv
3429,Product3429,home,2019.1,,2026-02-17T06:33:28.351Z,file:///opt/spark-apps/data/raw/products.csv
3430,Product3430,clothing,274.2,,2026-02-17T06:33:28.351Z,file:///opt/spark-apps/data/raw/products.csv
3431,Product3431,electronics,2783.92,,2026-02-17T06:33:28.351Z,file:///opt/spark-apps/data/raw/products.csv
3432,Product3432,electronics,289.25,,2026-02-17T06:33:28.351Z,file:///opt/spark-apps/data/raw/products.csv
3433,Product3433,books,1718.32,,2026-02-17T06:33:28.351Z,file:///opt/spark-apps/data/raw/products.csv
3434,Product3434,electronics,3851.16,,2026-02-17T06:33:28.351Z,file:///opt/spark-apps/data/raw/products.csv
3435,Product3435,clothing,2213.17,,2026-02-17T06:33:28.351Z,file:///opt/spark-apps/data/raw/products.csv
3436,Product3436,sports,2873.49,,2026-02-17T06:33:28.351Z,file:///opt/spark-apps/data/raw/products.csv
3437,Product3437,sports,1582.02,,2026-02-17T06:33:28.351Z,file:///opt/spark-apps/data/raw/products.csv
3438,Product3438,clothing,4151.49,,2026-02-17T06:33:28.351Z,file:///opt/spark-apps/data/raw/products.csv
3439,Product3439,electronics,3084.44,,2026-02-17T06:33:28.351Z,file:///opt/spark-apps/data/raw/products.csv
3440,Product3440,sports,4141.89,,2026-02-17T06:33:28.351Z,file:///opt/spark-apps/data/raw/products.csv
3441,Product3441,sports,3458.17,,2026-02-17T06:33:28.351Z,file:///opt/spark-apps/data/raw/products.csv
3442,Product3442,books,3190.04,,2026-02-17T06:33:28.351Z,file:///opt/spark-apps/data/raw/products.csv
3443,Product3443,electronics,212.64,,2026-02-17T06:33:28.351Z,file:///opt/spark-apps/data/raw/products.csv
3444,Product3444,home,2233.61,,2026-02-17T06:33:28.351Z,file:///opt/spark-apps/data/raw/products.csv
3445,Product3445,sports,4261.55,,2026-02-17T06:33:28.351Z,file:///opt/spark-apps/data/raw/products.csv
3446,Product3446,home,4125.63,,2026-02-17T06:33:28.351Z,file:///opt/spark-apps/data/raw/products.csv
3447,Product3447,home,1010.62,,2026-02-17T06:33:28.351Z,file:///opt/spark-apps/data/raw/products.csv
3448,Product3448,home,2663.99,,2026-02-17T06:33:28.351Z,file:///opt/spark-apps/data/raw/products.csv
3449,Product3449,clothing,2351.87,,2026-02-17T06:33:28.351Z,file:///opt/spark-apps/data/raw/products.csv
3450,Product3450,home,1000.95,,2026-02-17T06:33:28.351Z,file:///opt/spark-apps/data/raw/products.csv
3451,Product3451,sports,2678.07,,2026-02-17T06:33:28.351Z,file:///opt/spark-apps/data/raw/products.csv
3452,Product3452,sports,362.42,,2026-02-17T06:33:28.351Z,file:///opt/spark-apps/data/raw/products.csv
3453,Product3453,electronics,502.45,,2026-02-17T06:33:28.351Z,file:///opt/spark-apps/data/raw/products.csv
3454,Product3454,books,4635.1,,2026-02-17T06:33:28.351Z,file:///opt/spark-apps/data/raw/products.csv
3455,Product3455,electronics,1956.47,,2026-02-17T06:33:28.351Z,file:///opt/spark-apps/data/raw/products.csv
3456,Product3456,electronics,4461.71,,2026-02-17T06:33:28.351Z,file:///opt/spark-apps/data/raw/products.csv
3457,Product3457,home,1147.0,,2026-02-17T06:33:28.351Z,file:///opt/spark-apps/data/raw/products.csv
3458,Product3458,books,3504.63,,2026-02-17T06:33:28.351Z,file:///opt/spark-apps/data/raw/products.csv
3459,Product3459,electronics,346.38,,2026-02-17T06:33:28.351Z,file:///opt/spark-apps/data/raw/products.csv
3460,Product3460,home,2186.99,,2026-02-17T06:33:28.351Z,file:///opt/spark-apps/data/raw/products.csv
3461,Product3461,home,2494.27,,2026-02-17T06:33:28.351Z,file:///opt/spark-apps/data/raw/products.csv
3462,Product3462,sports,2321.95,,2026-02-17T06:33:28.351Z,file:///opt/spark-apps/data/raw/products.csv
3463,Product3463,sports,1754.17,,2026-02-17T06:33:28.351Z,file:///opt/spark-apps/data/raw/products.csv
3464,Product3464,clothing,2739.44,,2026-02-17T06:33:28.351Z,file:///opt/spark-apps/data/raw/products.csv
3465,Product3465,electronics,3147.11,,2026-02-17T06:33:28.351Z,file:///opt/spark-apps/data/raw/products.csv
3466,Product3466,home,4544.49,,2026-02-17T06:33:28.351Z,file:///opt/spark-apps/data/raw/products.csv
3467,Product3467,books,1991.81,,2026-02-17T06:33:28.351Z,file:///opt/spark-apps/data/raw/products.csv
3468,Product3468,sports,4080.08,,2026-02-17T06:33:28.351Z,file:///opt/spark-apps/data/raw/products.csv
3469,Product3469,sports,1368.68,,2026-02-17T06:33:28.351Z,file:///opt/spark-apps/data/raw/products.csv
3470,Product3470,clothing,2574.61,,2026-02-17T06:33:28.351Z,file:///opt/spark-apps/data/raw/products.csv
3471,Product3471,books,3482.14,,2026-02-17T06:33:28.351Z,file:///opt/spark-apps/data/raw/products.csv
3472,Product3472,clothing,1635.04,,2026-02-17T06:33:28.351Z,file:///opt/spark-apps/data/raw/products.csv
3473,Product3473,clothing,1312.03,,2026-02-17T06:33:28.351Z,file:///opt/spark-apps/data/raw/products.csv
3474,Product3474,electronics,2353.43,,2026-02-17T06:33:28.351Z,file:///opt/spark-apps/data/raw/products.csv
3475,Product3475,sports,2950.87,,2026-02-17T06:33:28.351Z,file:///opt/spark-apps/data/raw/products.csv
3476,Product3476,clothing,4307.27,,2026-02-17T06:33:28.351Z,file:///opt/spark-apps/data/raw/products.csv
3477,Product3477,clothing,819.36,,2026-02-17T06:33:28.351Z,file:///opt/spark-apps/data/raw/products.csv
3478,Product3478,home,4362.53,,2026-02-17T06:33:28.351Z,file:///opt/spark-apps/data/raw/products.csv
3479,Product3479,home,4598.19,,2026-02-17T06:33:28.351Z,file:///opt/spark-apps/data/raw/products.csv
3480,Product3480,sports,4180.14,,2026-02-17T06:33:28.351Z,file:///opt/spark-apps/data/raw/products.csv
3481,Product3481,books,2454.21,,2026-02-17T06:33:28.351Z,file:///opt/spark-apps/data/raw/products.csv
3482,Product3482,books,2553.29,,2026-02-17T06:33:28.351Z,file:///opt/spark-apps/data/raw/products.csv
3483,Product3483,clothing,2413.06,,2026-02-17T06:33:28.351Z,file:///opt/spark-apps/data/raw/products.csv
3484,Product3484,sports,3719.98,,2026-02-17T06:33:28.351Z,file:///opt/spark-apps/data/raw/products.csv
3485,Product3485,clothing,1065.83,,2026-02-17T06:33:28.351Z,file:///opt/spark-apps/data/raw/products.csv
3486,Product3486,home,1149.62,,2026-02-17T06:33:28.351Z,file:///opt/spark-apps/data/raw/products.csv
3487,Product3487,clothing,4419.59,,2026-02-17T06:33:28.351Z,file:///opt/spark-apps/data/raw/products.csv
3488,Product3488,sports,257.48,,2026-02-17T06:33:28.351Z,file:///opt/spark-apps/data/raw/products.csv
3489,Product3489,sports,1216.92,,2026-02-17T06:33:28.351Z,file:///opt/spark-apps/data/raw/products.csv
3490,Product3490,books,3014.12,,2026-02-17T06:33:28.351Z,file:///opt/spark-apps/data/raw/products.csv
3491,Product3491,clothing,4660.06,,2026-02-17T06:33:28.351Z,file:///opt/spark-apps/data/raw/products.csv
3492,Product3492,clothing,430.23,,2026-02-17T06:33:28.351Z,file:///opt/spark-apps/data/raw/products.csv
3493,Product3493,clothing,1282.68,,2026-02-17T06:33:28.351Z,file:///opt/spark-apps/data/raw/products.csv
3494,Product3494,clothing,360.81,,2026-02-17T06:33:28.351Z,file:///opt/spark-apps/data/raw/products.csv
3495,Product3495,clothing,1995.46,,2026-02-17T06:33:28.351Z,file:///opt/spark-apps/data/raw/products.csv
3496,Product3496,home,1096.09,,2026-02-17T06:33:28.351Z,file:///opt/spark-apps/data/raw/products.csv
3497,Product3497,books,4011.95,,2026-02-17T06:33:28.351Z,file:///opt/spark-apps/data/raw/products.csv
3498,Product3498,home,1766.17,,2026-02-17T06:33:28.351Z,file:///opt/spark-apps/data/raw/products.csv
3499,Product3499,clothing,3264.39,,2026-02-17T06:33:28.351Z,file:///opt/spark-apps/data/raw/products.csv
3500,Product3500,clothing,513.86,,2026-02-17T06:33:28.351Z,file:///opt/spark-apps/data/raw/products.csv
3501,Product3501,clothing,406.33,,2026-02-17T06:33:28.351Z,file:///opt/spark-apps/data/raw/products.csv
3502,Product3502,home,3213.54,,2026-02-17T06:33:28.351Z,file:///opt/spark-apps/data/raw/products.csv
3503,Product3503,sports,559.01,,2026-02-17T06:33:28.351Z,file:///opt/spark-apps/data/raw/products.csv
3504,Product3504,books,2961.7,,2026-02-17T06:33:28.351Z,file:///opt/spark-apps/data/raw/products.csv
3505,Product3505,home,2139.87,,2026-02-17T06:33:28.351Z,file:///opt/spark-apps/data/raw/products.csv
3506,Product3506,sports,1100.36,,2026-02-17T06:33:28.351Z,file:///opt/spark-apps/data/raw/products.csv
3507,Product3507,electronics,1339.12,,2026-02-17T06:33:28.351Z,file:///opt/spark-apps/data/raw/products.csv
3508,Product3508,sports,1560.23,,2026-02-17T06:33:28.351Z,file:///opt/spark-apps/data/raw/products.csv
3509,Product3509,sports,1970.03,,2026-02-17T06:33:28.351Z,file:///opt/spark-apps/data/raw/products.csv
3510,Product3510,sports,31.98,,2026-02-17T06:33:28.351Z,file:///opt/spark-apps/data/raw/products.csv
3511,Product3511,electronics,3869.32,,2026-02-17T06:33:28.351Z,file:///opt/spark-apps/data/raw/products.csv
3512,Product3512,clothing,4023.77,,2026-02-17T06:33:28.351Z,file:///opt/spark-apps/data/raw/products.csv
3513,Product3513,electronics,4172.79,,2026-02-17T06:33:28.351Z,file:///opt/spark-apps/data/raw/products.csv
3514,Product3514,electronics,2429.86,,2026-02-17T06:33:28.351Z,file:///opt/spark-apps/data/raw/products.csv
3515,Product3515,electronics,4803.71,,2026-02-17T06:33:28.351Z,file:///opt/spark-apps/data/raw/products.csv
3516,Product3516,electronics,761.04,,2026-02-17T06:33:28.351Z,file:///opt/spark-apps/data/raw/products.csv
3517,Product3517,sports,2175.72,,2026-02-17T06:33:28.351Z,file:///opt/spark-apps/data/raw/products.csv
3518,Product3518,electronics,2215.81,,2026-02-17T06:33:28.351Z,file:///opt/spark-apps/data/raw/products.csv
3519,Product3519,clothing,2633.52,,2026-02-17T06:33:28.351Z,file:///opt/spark-apps/data/raw/products.csv
3520,Product3520,sports,3322.65,,2026-02-17T06:33:28.351Z,file:///opt/spark-apps/data/raw/products.csv
3521,Product3521,home,4143.13,,2026-02-17T06:33:28.351Z,file:///opt/spark-apps/data/raw/products.csv
3522,Product3522,sports,3145.69,,2026-02-17T06:33:28.351Z,file:///opt/spark-apps/data/raw/products.csv
3523,Product3523,electronics,2596.06,,2026-02-17T06:33:28.351Z,file:///opt/spark-apps/data/raw/products.csv
3524,Product3524,electronics,1435.67,,2026-02-17T06:33:28.351Z,file:///opt/spark-apps/data/raw/products.csv
3525,Product3525,sports,1086.92,,2026-02-17T06:33:28.351Z,file:///opt/spark-apps/data/raw/products.csv
3526,Product3526,books,902.96,,2026-02-17T06:33:28.351Z,file:///opt/spark-apps/data/raw/products.csv
3527,Product3527,books,3275.62,,2026-02-17T06:33:28.351Z,file:///opt/spark-apps/data/raw/products.csv
3528,Product3528,sports,2094.53,,2026-02-17T06:33:28.351Z,file:///opt/spark-apps/data/raw/products.csv
3529,Product3529,sports,3233.87,,2026-02-17T06:33:28.351Z,file:///opt/spark-apps/data/raw/products.csv
3530,Product3530,home,2310.92,,2026-02-17T06:33:28.351Z,file:///opt/spark-apps/data/raw/products.csv
3531,Product3531,clothing,2865.04,,2026-02-17T06:33:28.351Z,file:///opt/spark-apps/data/raw/products.csv
3532,Product3532,home,4605.05,,2026-02-17T06:33:28.351Z,file:///opt/spark-apps/data/raw/products.csv
3533,Product3533,sports,1350.78,,2026-02-17T06:33:28.351Z,file:///opt/spark-apps/data/raw/products.csv
3534,Product3534,sports,3218.8,,2026-02-17T06:33:28.351Z,file:///opt/spark-apps/data/raw/products.csv
3535,Product3535,sports,3776.13,,2026-02-17T06:33:28.351Z,file:///opt/spark-apps/data/raw/products.csv
3536,Product3536,books,1748.5,,2026-02-17T06:33:28.351Z,file:///opt/spark-apps/data/raw/products.csv
3537,Product3537,home,1241.91,,2026-02-17T06:33:28.351Z,file:///opt/spark-apps/data/raw/products.csv
3538,Product3538,clothing,3044.84,,2026-02-17T06:33:28.351Z,file:///opt/spark-apps/data/raw/products.csv
3539,Product3539,home,3918.83,,2026-02-17T06:33:28.351Z,file:///opt/spark-apps/data/raw/products.csv
3540,Product3540,books,3559.13,,2026-02-17T06:33:28.351Z,file:///opt/spark-apps/data/raw/products.csv
3541,Product3541,clothing,756.04,,2026-02-17T06:33:28.351Z,file:///opt/spark-apps/data/raw/products.csv
3542,Product3542,clothing,2236.66,,2026-02-17T06:33:28.351Z,file:///opt/spark-apps/data/raw/products.csv
3543,Product3543,electronics,4480.27,,2026-02-17T06:33:28.351Z,file:///opt/spark-apps/data/raw/products.csv
3544,Product3544,books,3957.42,,2026-02-17T06:33:28.351Z,file:///opt/spark-apps/data/raw/products.csv
3545,Product3545,home,3049.81,,2026-02-17T06:33:28.351Z,file:///opt/spark-apps/data/raw/products.csv
3546,Product3546,sports,1951.67,,2026-02-17T06:33:28.351Z,file:///opt/spark-apps/data/raw/products.csv
3547,Product3547,electronics,1059.28,,2026-02-17T06:33:28.351Z,file:///opt/spark-apps/data/raw/products.csv
3548,Product3548,home,1465.44,,2026-02-17T06:33:28.351Z,file:///opt/spark-apps/data/raw/products.csv
3549,Product3549,electronics,2302.61,,2026-02-17T06:33:28.351Z,file:///opt/spark-apps/data/raw/products.csv
3550,Product3550,clothing,2156.64,,2026-02-17T06:33:28.351Z,file:///opt/spark-apps/data/raw/products.csv
3551,Product3551,electronics,1821.38,,2026-02-17T06:33:28.351Z,file:///opt/spark-apps/data/raw/products.csv
3552,Product3552,books,4867.05,,2026-02-17T06:33:28.351Z,file:///opt/spark-apps/data/raw/products.csv
3553,Product3553,electronics,3723.67,,2026-02-17T06:33:28.351Z,file:///opt/spark-apps/data/raw/products.csv
3554,Product3554,electronics,1023.84,,2026-02-17T06:33:28.351Z,file:///opt/spark-apps/data/raw/products.csv
3555,Product3555,electronics,1884.11,,2026-02-17T06:33:28.351Z,file:///opt/spark-apps/data/raw/products.csv
3556,Product3556,books,2179.97,,2026-02-17T06:33:28.351Z,file:///opt/spark-apps/data/raw/products.csv
3557,Product3557,books,3208.7,,2026-02-17T06:33:28.351Z,file:///opt/spark-apps/data/raw/products.csv
3558,Product3558,home,249.23,,2026-02-17T06:33:28.351Z,file:///opt/spark-apps/data/raw/products.csv
3559,Product3559,books,1288.22,,2026-02-17T06:33:28.351Z,file:///opt/spark-apps/data/raw/products.csv
3560,Product3560,electronics,4388.17,,2026-02-17T06:33:28.351Z,file:///opt/spark-apps/data/raw/products.csv
3561,Product3561,sports,649.24,,2026-02-17T06:33:28.351Z,file:///opt/spark-apps/data/raw/products.csv
3562,Product3562,home,3114.68,,2026-02-17T06:33:28.351Z,file:///opt/spark-apps/data/raw/products.csv
3563,Product3563,sports,2639.71,,2026-02-17T06:33:28.351Z,file:///opt/spark-apps/data/raw/products.csv
3564,Product3564,home,2330.86,,2026-02-17T06:33:28.351Z,file:///opt/spark-apps/data/raw/products.csv
3565,Product3565,books,4070.77,,2026-02-17T06:33:28.351Z,file:///opt/spark-apps/data/raw/products.csv
3566,Product3566,home,74.37,,2026-02-17T06:33:28.351Z,file:///opt/spark-apps/data/raw/products.csv
3567,Product3567,electronics,1885.28,,2026-02-17T06:33:28.351Z,file:///opt/spark-apps/data/raw/products.csv
3568,Product3568,electronics,2850.75,,2026-02-17T06:33:28.351Z,file:///opt/spark-apps/data/raw/products.csv
3569,Product3569,books,3019.44,,2026-02-17T06:33:28.351Z,file:///opt/spark-apps/data/raw/products.csv
3570,Product3570,home,131.69,,2026-02-17T06:33:28.351Z,file:///opt/spark-apps/data/raw/products.csv
3571,Product3571,books,996.44,,2026-02-17T06:33:28.351Z,file:///opt/spark-apps/data/raw/products.csv
3572,Product3572,books,2644.39,,2026-02-17T06:33:28.351Z,file:///opt/spark-apps/data/raw/products.csv
3573,Product3573,clothing,2774.73,,2026-02-17T06:33:28.351Z,file:///opt/spark-apps/data/raw/products.csv
3574,Product3574,sports,4544.64,,2026-02-17T06:33:28.351Z,file:///opt/spark-apps/data/raw/products.csv
3575,Product3575,home,2740.13,,2026-02-17T06:33:28.351Z,file:///opt/spark-apps/data/raw/products.csv
3576,Product3576,books,1100.16,,2026-02-17T06:33:28.351Z,file:///opt/spark-apps/data/raw/products.csv
3577,Product3577,electronics,4772.61,,2026-02-17T06:33:28.351Z,file:///opt/spark-apps/data/raw/products.csv
3578,Product3578,sports,3138.91,,2026-02-17T06:33:28.351Z,file:///opt/spark-apps/data/raw/products.csv
3579,Product3579,clothing,725.45,,2026-02-17T06:33:28.351Z,file:///opt/spark-apps/data/raw/products.csv
3580,Product3580,home,4359.82,,2026-02-17T06:33:28.351Z,file:///opt/spark-apps/data/raw/products.csv
3581,Product3581,books,2327.4,,2026-02-17T06:33:28.351Z,file:///opt/spark-apps/data/raw/products.csv
3582,Product3582,home,2985.73,,2026-02-17T06:33:28.351Z,file:///opt/spark-apps/data/raw/products.csv
3583,Product3583,electronics,2430.38,,2026-02-17T06:33:28.351Z,file:///opt/spark-apps/data/raw/products.csv
3584,Product3584,sports,2350.46,,2026-02-17T06:33:28.351Z,file:///opt/spark-apps/data/raw/products.csv
3585,Product3585,electronics,1124.2,,2026-02-17T06:33:28.351Z,file:///opt/spark-apps/data/raw/products.csv
3586,Product3586,home,873.54,,2026-02-17T06:33:28.351Z,file:///opt/spark-apps/data/raw/products.csv
3587,Product3587,home,671.15,,2026-02-17T06:33:28.351Z,file:///opt/spark-apps/data/raw/products.csv
3588,Product3588,clothing,615.36,,2026-02-17T06:33:28.351Z,file:///opt/spark-apps/data/raw/products.csv
3589,Product3589,clothing,2152.64,,2026-02-17T06:33:28.351Z,file:///opt/spark-apps/data/raw/products.csv
3590,Product3590,clothing,3231.12,,2026-02-17T06:33:28.351Z,file:///opt/spark-apps/data/raw/products.csv
3591,Product3591,home,4093.85,,2026-02-17T06:33:28.351Z,file:///opt/spark-apps/data/raw/products.csv
3592,Product3592,clothing,3983.65,,2026-02-17T06:33:28.351Z,file:///opt/spark-apps/data/raw/products.csv
3593,Product3593,sports,3524.39,,2026-02-17T06:33:28.351Z,file:///opt/spark-apps/data/raw/products.csv
3594,Product3594,books,4518.6,,2026-02-17T06:33:28.351Z,file:///opt/spark-apps/data/raw/products.csv
3595,Product3595,sports,2353.16,,2026-02-17T06:33:28.351Z,file:///opt/spark-apps/data/raw/products.csv
3596,Product3596,electronics,1405.26,,2026-02-17T06:33:28.351Z,file:///opt/spark-apps/data/raw/products.csv
3597,Product3597,clothing,1836.15,,2026-02-17T06:33:28.351Z,file:///opt/spark-apps/data/raw/products.csv
3598,Product3598,books,4260.26,,2026-02-17T06:33:28.351Z,file:///opt/spark-apps/data/raw/products.csv
3599,Product3599,electronics,4513.24,,2026-02-17T06:33:28.351Z,file:///opt/spark-apps/data/raw/products.csv
3600,Product3600,sports,4953.16,,2026-02-17T06:33:28.351Z,file:///opt/spark-apps/data/raw/products.csv
3601,Product3601,books,2081.43,,2026-02-17T06:33:28.351Z,file:///opt/spark-apps/data/raw/products.csv
3602,Product3602,books,5.14,,2026-02-17T06:33:28.351Z,file:///opt/spark-apps/data/raw/products.csv
3603,Product3603,sports,3944.59,,2026-02-17T06:33:28.351Z,file:///opt/spark-apps/data/raw/products.csv
3604,Product3604,books,3200.85,,2026-02-17T06:33:28.351Z,file:///opt/spark-apps/data/raw/products.csv
3605,Product3605,books,1801.94,,2026-02-17T06:33:28.351Z,file:///opt/spark-apps/data/raw/products.csv
3606,Product3606,clothing,2546.13,,2026-02-17T06:33:28.351Z,file:///opt/spark-apps/data/raw/products.csv
3607,Product3607,sports,420.05,,2026-02-17T06:33:28.351Z,file:///opt/spark-apps/data/raw/products.csv
3608,Product3608,electronics,2481.5,,2026-02-17T06:33:28.351Z,file:///opt/spark-apps/data/raw/products.csv
3609,Product3609,home,4821.55,,2026-02-17T06:33:28.351Z,file:///opt/spark-apps/data/raw/products.csv
3610,Product3610,sports,67.19,,2026-02-17T06:33:28.351Z,file:///opt/spark-apps/data/raw/products.csv
3611,Product3611,electronics,2620.85,,2026-02-17T06:33:28.351Z,file:///opt/spark-apps/data/raw/products.csv
3612,Product3612,sports,1334.5,,2026-02-17T06:33:28.351Z,file:///opt/spark-apps/data/raw/products.csv
3613,Product3613,home,2177.83,,2026-02-17T06:33:28.351Z,file:///opt/spark-apps/data/raw/products.csv
3614,Product3614,home,1900.09,,2026-02-17T06:33:28.351Z,file:///opt/spark-apps/data/raw/products.csv
3615,Product3615,clothing,2396.46,,2026-02-17T06:33:28.351Z,file:///opt/spark-apps/data/raw/products.csv
3616,Product3616,home,1758.8,,2026-02-17T06:33:28.351Z,file:///opt/spark-apps/data/raw/products.csv
3617,Product3617,home,385.43,,2026-02-17T06:33:28.351Z,file:///opt/spark-apps/data/raw/products.csv
3618,Product3618,clothing,539.69,,2026-02-17T06:33:28.351Z,file:///opt/spark-apps/data/raw/products.csv
3619,Product3619,electronics,4706.0,,2026-02-17T06:33:28.351Z,file:///opt/spark-apps/data/raw/products.csv
3620,Product3620,books,3749.06,,2026-02-17T06:33:28.351Z,file:///opt/spark-apps/data/raw/products.csv
3621,Product3621,sports,4620.6,,2026-02-17T06:33:28.351Z,file:///opt/spark-apps/data/raw/products.csv
3622,Product3622,clothing,458.91,,2026-02-17T06:33:28.351Z,file:///opt/spark-apps/data/raw/products.csv
3623,Product3623,clothing,3721.67,,2026-02-17T06:33:28.351Z,file:///opt/spark-apps/data/raw/products.csv
3624,Product3624,sports,1659.96,,2026-02-17T06:33:28.351Z,file:///opt/spark-apps/data/raw/products.csv
3625,Product3625,home,4391.24,,2026-02-17T06:33:28.351Z,file:///opt/spark-apps/data/raw/products.csv
3626,Product3626,clothing,572.13,,2026-02-17T06:33:28.351Z,file:///opt/spark-apps/data/raw/products.csv
3627,Product3627,electronics,4229.11,,2026-02-17T06:33:28.351Z,file:///opt/spark-apps/data/raw/products.csv
3628,Product3628,sports,954.15,,2026-02-17T06:33:28.351Z,file:///opt/spark-apps/data/raw/products.csv
3629,Product3629,home,2432.34,,2026-02-17T06:33:28.351Z,file:///opt/spark-apps/data/raw/products.csv
3630,Product3630,clothing,3762.17,,2026-02-17T06:33:28.351Z,file:///opt/spark-apps/data/raw/products.csv
3631,Product3631,electronics,4499.88,,2026-02-17T06:33:28.351Z,file:///opt/spark-apps/data/raw/products.csv
3632,Product3632,books,604.29,,2026-02-17T06:33:28.351Z,file:///opt/spark-apps/data/raw/products.csv
3633,Product3633,home,240.5,,2026-02-17T06:33:28.351Z,file:///opt/spark-apps/data/raw/products.csv
3634,Product3634,books,3100.98,,2026-02-17T06:33:28.351Z,file:///opt/spark-apps/data/raw/products.csv
3635,Product3635,sports,755.82,,2026-02-17T06:33:28.351Z,file:///opt/spark-apps/data/raw/products.csv
3636,Product3636,electronics,1201.85,,2026-02-17T06:33:28.351Z,file:///opt/spark-apps/data/raw/products.csv
3637,Product3637,electronics,49.34,,2026-02-17T06:33:28.351Z,file:///opt/spark-apps/data/raw/products.csv
3638,Product3638,electronics,1767.23,,2026-02-17T06:33:28.351Z,file:///opt/spark-apps/data/raw/products.csv
3639,Product3639,clothing,1041.94,,2026-02-17T06:33:28.351Z,file:///opt/spark-apps/data/raw/products.csv
3640,Product3640,sports,361.02,,2026-02-17T06:33:28.351Z,file:///opt/spark-apps/data/raw/products.csv
3641,Product3641,sports,1508.07,,2026-02-17T06:33:28.351Z,file:///opt/spark-apps/data/raw/products.csv
3642,Product3642,books,2337.45,,2026-02-17T06:33:28.351Z,file:///opt/spark-apps/data/raw/products.csv
3643,Product3643,clothing,2122.83,,2026-02-17T06:33:28.351Z,file:///opt/spark-apps/data/raw/products.csv
3644,Product3644,clothing,211.84,,2026-02-17T06:33:28.351Z,file:///opt/spark-apps/data/raw/products.csv
3645,Product3645,electronics,3068.88,,2026-02-17T06:33:28.351Z,file:///opt/spark-apps/data/raw/products.csv
3646,Product3646,books,2475.08,,2026-02-17T06:33:28.351Z,file:///opt/spark-apps/data/raw/products.csv
3647,Product3647,books,3680.99,,2026-02-17T06:33:28.351Z,file:///opt/spark-apps/data/raw/products.csv
3648,Product3648,clothing,1965.42,,2026-02-17T06:33:28.351Z,file:///opt/spark-apps/data/raw/products.csv
3649,Product3649,books,1910.65,,2026-02-17T06:33:28.351Z,file:///opt/spark-apps/data/raw/products.csv
3650,Product3650,electronics,2097.3,,2026-02-17T06:33:28.351Z,file:///opt/spark-apps/data/raw/products.csv
3651,Product3651,sports,489.71,,2026-02-17T06:33:28.351Z,file:///opt/spark-apps/data/raw/products.csv
3652,Product3652,sports,2139.29,,2026-02-17T06:33:28.351Z,file:///opt/spark-apps/data/raw/products.csv
3653,Product3653,electronics,1662.47,,2026-02-17T06:33:28.351Z,file:///opt/spark-apps/data/raw/products.csv
3654,Product3654,home,4799.09,,2026-02-17T06:33:28.351Z,file:///opt/spark-apps/data/raw/products.csv
3655,Product3655,home,2604.54,,2026-02-17T06:33:28.351Z,file:///opt/spark-apps/data/raw/products.csv
3656,Product3656,sports,3335.75,,2026-02-17T06:33:28.351Z,file:///opt/spark-apps/data/raw/products.csv
3657,Product3657,electronics,3381.13,,2026-02-17T06:33:28.351Z,file:///opt/spark-apps/data/raw/products.csv
3658,Product3658,books,4006.71,,2026-02-17T06:33:28.351Z,file:///opt/spark-apps/data/raw/products.csv
3659,Product3659,home,3842.41,,2026-02-17T06:33:28.351Z,file:///opt/spark-apps/data/raw/products.csv
3660,Product3660,home,3016.88,,2026-02-17T06:33:28.351Z,file:///opt/spark-apps/data/raw/products.csv
3661,Product3661,books,2173.46,,2026-02-17T06:33:28.351Z,file:///opt/spark-apps/data/raw/products.csv
3662,Product3662,electronics,4776.83,,2026-02-17T06:33:28.351Z,file:///opt/spark-apps/data/raw/products.csv
3663,Product3663,books,3241.88,,2026-02-17T06:33:28.351Z,file:///opt/spark-apps/data/raw/products.csv
3664,Product3664,sports,2366.78,,2026-02-17T06:33:28.351Z,file:///opt/spark-apps/data/raw/products.csv
3665,Product3665,books,969.37,,2026-02-17T06:33:28.351Z,file:///opt/spark-apps/data/raw/products.csv
3666,Product3666,clothing,578.78,,2026-02-17T06:33:28.351Z,file:///opt/spark-apps/data/raw/products.csv
3667,Product3667,electronics,2078.45,,2026-02-17T06:33:28.351Z,file:///opt/spark-apps/data/raw/products.csv
3668,Product3668,home,1380.44,,2026-02-17T06:33:28.351Z,file:///opt/spark-apps/data/raw/products.csv
3669,Product3669,electronics,3090.26,,2026-02-17T06:33:28.351Z,file:///opt/spark-apps/data/raw/products.csv
3670,Product3670,electronics,3685.11,,2026-02-17T06:33:28.351Z,file:///opt/spark-apps/data/raw/products.csv
3671,Product3671,sports,4270.3,,2026-02-17T06:33:28.351Z,file:///opt/spark-apps/data/raw/products.csv
3672,Product3672,books,2020.83,,2026-02-17T06:33:28.351Z,file:///opt/spark-apps/data/raw/products.csv
3673,Product3673,books,2671.82,,2026-02-17T06:33:28.351Z,file:///opt/spark-apps/data/raw/products.csv
3674,Product3674,electronics,4106.34,,2026-02-17T06:33:28.351Z,file:///opt/spark-apps/data/raw/products.csv
3675,Product3675,clothing,2732.78,,2026-02-17T06:33:28.351Z,file:///opt/spark-apps/data/raw/products.csv
3676,Product3676,clothing,3908.7,,2026-02-17T06:33:28.351Z,file:///opt/spark-apps/data/raw/products.csv
3677,Product3677,clothing,3350.58,,2026-02-17T06:33:28.351Z,file:///opt/spark-apps/data/raw/products.csv
3678,Product3678,electronics,2306.92,,2026-02-17T06:33:28.351Z,file:///opt/spark-apps/data/raw/products.csv
3679,Product3679,clothing,2557.31,,2026-02-17T06:33:28.351Z,file:///opt/spark-apps/data/raw/products.csv
3680,Product3680,clothing,529.34,,2026-02-17T06:33:28.351Z,file:///opt/spark-apps/data/raw/products.csv
3681,Product3681,clothing,3787.62,,2026-02-17T06:33:28.351Z,file:///opt/spark-apps/data/raw/products.csv
3682,Product3682,home,2859.51,,2026-02-17T06:33:28.351Z,file:///opt/spark-apps/data/raw/products.csv
3683,Product3683,books,2448.1,,2026-02-17T06:33:28.351Z,file:///opt/spark-apps/data/raw/products.csv
3684,Product3684,sports,1972.39,,2026-02-17T06:33:28.351Z,file:///opt/spark-apps/data/raw/products.csv
3685,Product3685,sports,3719.5,,2026-02-17T06:33:28.351Z,file:///opt/spark-apps/data/raw/products.csv
3686,Product3686,electronics,766.8,,2026-02-17T06:33:28.351Z,file:///opt/spark-apps/data/raw/products.csv
3687,Product3687,books,2463.22,,2026-02-17T06:33:28.351Z,file:///opt/spark-apps/data/raw/products.csv
3688,Product3688,books,900.93,,2026-02-17T06:33:28.351Z,file:///opt/spark-apps/data/raw/products.csv
3689,Product3689,electronics,1214.66,,2026-02-17T06:33:28.351Z,file:///opt/spark-apps/data/raw/products.csv
3690,Product3690,clothing,538.15,,2026-02-17T06:33:28.351Z,file:///opt/spark-apps/data/raw/products.csv
3691,Product3691,sports,2814.18,,2026-02-17T06:33:28.351Z,file:///opt/spark-apps/data/raw/products.csv
3692,Product3692,sports,4610.79,,2026-02-17T06:33:28.351Z,file:///opt/spark-apps/data/raw/products.csv
3693,Product3693,clothing,3085.05,,2026-02-17T06:33:28.351Z,file:///opt/spark-apps/data/raw/products.csv
3694,Product3694,sports,1480.94,,2026-02-17T06:33:28.351Z,file:///opt/spark-apps/data/raw/products.csv
3695,Product3695,clothing,3072.96,,2026-02-17T06:33:28.351Z,file:///opt/spark-apps/data/raw/products.csv
3696,Product3696,clothing,4091.3,,2026-02-17T06:33:28.351Z,file:///opt/spark-apps/data/raw/products.csv
3697,Product3697,sports,986.9,,2026-02-17T06:33:28.351Z,file:///opt/spark-apps/data/raw/products.csv
3698,Product3698,home,1654.64,,2026-02-17T06:33:28.351Z,file:///opt/spark-apps/data/raw/products.csv
3699,Product3699,books,1183.75,,2026-02-17T06:33:28.351Z,file:///opt/spark-apps/data/raw/products.csv
3700,Product3700,sports,3450.07,,2026-02-17T06:33:28.351Z,file:///opt/spark-apps/data/raw/products.csv
3701,Product3701,home,3099.01,,2026-02-17T06:33:28.351Z,file:///opt/spark-apps/data/raw/products.csv
3702,Product3702,sports,22.97,,2026-02-17T06:33:28.351Z,file:///opt/spark-apps/data/raw/products.csv
3703,Product3703,clothing,4322.87,,2026-02-17T06:33:28.351Z,file:///opt/spark-apps/data/raw/products.csv
3704,Product3704,clothing,3268.8,,2026-02-17T06:33:28.351Z,file:///opt/spark-apps/data/raw/products.csv
3705,Product3705,electronics,458.33,,2026-02-17T06:33:28.351Z,file:///opt/spark-apps/data/raw/products.csv
3706,Product3706,books,1726.31,,2026-02-17T06:33:28.351Z,file:///opt/spark-apps/data/raw/products.csv
3707,Product3707,home,4210.95,,2026-02-17T06:33:28.351Z,file:///opt/spark-apps/data/raw/products.csv
3708,Product3708,home,1680.56,,2026-02-17T06:33:28.351Z,file:///opt/spark-apps/data/raw/products.csv
3709,Product3709,home,3529.62,,2026-02-17T06:33:28.351Z,file:///opt/spark-apps/data/raw/products.csv
3710,Product3710,sports,4001.09,,2026-02-17T06:33:28.351Z,file:///opt/spark-apps/data/raw/products.csv
3711,Product3711,home,3707.34,,2026-02-17T06:33:28.351Z,file:///opt/spark-apps/data/raw/products.csv
3712,Product3712,electronics,3860.46,,2026-02-17T06:33:28.351Z,file:///opt/spark-apps/data/raw/products.csv
3713,Product3713,clothing,4607.58,,2026-02-17T06:33:28.351Z,file:///opt/spark-apps/data/raw/products.csv
3714,Product3714,home,4949.4,,2026-02-17T06:33:28.351Z,file:///opt/spark-apps/data/raw/products.csv
3715,Product3715,sports,3047.2,,2026-02-17T06:33:28.351Z,file:///opt/spark-apps/data/raw/products.csv
3716,Product3716,home,229.79,,2026-02-17T06:33:28.351Z,file:///opt/spark-apps/data/raw/products.csv
3717,Product3717,home,980.96,,2026-02-17T06:33:28.351Z,file:///opt/spark-apps/data/raw/products.csv
3718,Product3718,sports,4608.57,,2026-02-17T06:33:28.351Z,file:///opt/spark-apps/data/raw/products.csv
3719,Product3719,electronics,234.49,,2026-02-17T06:33:28.351Z,file:///opt/spark-apps/data/raw/products.csv
3720,Product3720,electronics,629.48,,2026-02-17T06:33:28.351Z,file:///opt/spark-apps/data/raw/products.csv
3721,Product3721,sports,3416.82,,2026-02-17T06:33:28.351Z,file:///opt/spark-apps/data/raw/products.csv
3722,Product3722,sports,2063.92,,2026-02-17T06:33:28.351Z,file:///opt/spark-apps/data/raw/products.csv
3723,Product3723,books,373.71,,2026-02-17T06:33:28.351Z,file:///opt/spark-apps/data/raw/products.csv
3724,Product3724,books,24.2,,2026-02-17T06:33:28.351Z,file:///opt/spark-apps/data/raw/products.csv
3725,Product3725,home,4742.6,,2026-02-17T06:33:28.351Z,file:///opt/spark-apps/data/raw/products.csv
3726,Product3726,books,1411.82,,2026-02-17T06:33:28.351Z,file:///opt/spark-apps/data/raw/products.csv
3727,Product3727,sports,4593.69,,2026-02-17T06:33:28.351Z,file:///opt/spark-apps/data/raw/products.csv
3728,Product3728,clothing,2979.51,,2026-02-17T06:33:28.351Z,file:///opt/spark-apps/data/raw/products.csv
3729,Product3729,electronics,274.51,,2026-02-17T06:33:28.351Z,file:///opt/spark-apps/data/raw/products.csv
3730,Product3730,books,4969.59,,2026-02-17T06:33:28.351Z,file:///opt/spark-apps/data/raw/products.csv
3731,Product3731,clothing,4585.31,,2026-02-17T06:33:28.351Z,file:///opt/spark-apps/data/raw/products.csv
3732,Product3732,home,3559.78,,2026-02-17T06:33:28.351Z,file:///opt/spark-apps/data/raw/products.csv
3733,Product3733,electronics,3709.71,,2026-02-17T06:33:28.351Z,file:///opt/spark-apps/data/raw/products.csv
3734,Product3734,books,3490.57,,2026-02-17T06:33:28.351Z,file:///opt/spark-apps/data/raw/products.csv
3735,Product3735,home,3110.27,,2026-02-17T06:33:28.351Z,file:///opt/spark-apps/data/raw/products.csv
3736,Product3736,electronics,940.25,,2026-02-17T06:33:28.351Z,file:///opt/spark-apps/data/raw/products.csv
3737,Product3737,books,3544.91,,2026-02-17T06:33:28.351Z,file:///opt/spark-apps/data/raw/products.csv
3738,Product3738,clothing,3611.99,,2026-02-17T06:33:28.351Z,file:///opt/spark-apps/data/raw/products.csv
3739,Product3739,books,2201.28,,2026-02-17T06:33:28.351Z,file:///opt/spark-apps/data/raw/products.csv
3740,Product3740,electronics,263.37,,2026-02-17T06:33:28.351Z,file:///opt/spark-apps/data/raw/products.csv
3741,Product3741,electronics,4521.54,,2026-02-17T06:33:28.351Z,file:///opt/spark-apps/data/raw/products.csv
3742,Product3742,electronics,1161.32,,2026-02-17T06:33:28.351Z,file:///opt/spark-apps/data/raw/products.csv
3743,Product3743,home,1866.4,,2026-02-17T06:33:28.351Z,file:///opt/spark-apps/data/raw/products.csv
3744,Product3744,electronics,4363.01,,2026-02-17T06:33:28.351Z,file:///opt/spark-apps/data/raw/products.csv
3745,Product3745,home,1700.55,,2026-02-17T06:33:28.351Z,file:///opt/spark-apps/data/raw/products.csv
3746,Product3746,books,1570.43,,2026-02-17T06:33:28.351Z,file:///opt/spark-apps/data/raw/products.csv
3747,Product3747,books,3944.42,,2026-02-17T06:33:28.351Z,file:///opt/spark-apps/data/raw/products.csv
3748,Product3748,books,4454.68,,2026-02-17T06:33:28.351Z,file:///opt/spark-apps/data/raw/products.csv
3749,Product3749,clothing,1504.4,,2026-02-17T06:33:28.351Z,file:///opt/spark-apps/data/raw/products.csv
3750,Product3750,books,293.92,,2026-02-17T06:33:28.351Z,file:///opt/spark-apps/data/raw/products.csv
3751,Product3751,clothing,4841.13,,2026-02-17T06:33:28.351Z,file:///opt/spark-apps/data/raw/products.csv
3752,Product3752,clothing,3331.24,,2026-02-17T06:33:28.351Z,file:///opt/spark-apps/data/raw/products.csv
3753,Product3753,books,1927.81,,2026-02-17T06:33:28.351Z,file:///opt/spark-apps/data/raw/products.csv
3754,Product3754,sports,2575.68,,2026-02-17T06:33:28.351Z,file:///opt/spark-apps/data/raw/products.csv
3755,Product3755,books,2335.2,,2026-02-17T06:33:28.351Z,file:///opt/spark-apps/data/raw/products.csv
3756,Product3756,clothing,1398.46,,2026-02-17T06:33:28.351Z,file:///opt/spark-apps/data/raw/products.csv
3757,Product3757,sports,4877.89,,2026-02-17T06:33:28.351Z,file:///opt/spark-apps/data/raw/products.csv
3758,Product3758,clothing,158.43,,2026-02-17T06:33:28.351Z,file:///opt/spark-apps/data/raw/products.csv
3759,Product3759,clothing,2929.25,,2026-02-17T06:33:28.351Z,file:///opt/spark-apps/data/raw/products.csv
3760,Product3760,books,3331.22,,2026-02-17T06:33:28.351Z,file:///opt/spark-apps/data/raw/products.csv
3761,Product3761,books,3855.4,,2026-02-17T06:33:28.351Z,file:///opt/spark-apps/data/raw/products.csv
3762,Product3762,books,4508.71,,2026-02-17T06:33:28.351Z,file:///opt/spark-apps/data/raw/products.csv
3763,Product3763,sports,2943.16,,2026-02-17T06:33:28.351Z,file:///opt/spark-apps/data/raw/products.csv
3764,Product3764,electronics,3418.55,,2026-02-17T06:33:28.351Z,file:///opt/spark-apps/data/raw/products.csv
3765,Product3765,sports,2718.14,,2026-02-17T06:33:28.351Z,file:///opt/spark-apps/data/raw/products.csv
3766,Product3766,electronics,3662.35,,2026-02-17T06:33:28.351Z,file:///opt/spark-apps/data/raw/products.csv
3767,Product3767,clothing,2064.95,,2026-02-17T06:33:28.351Z,file:///opt/spark-apps/data/raw/products.csv
3768,Product3768,clothing,4614.87,,2026-02-17T06:33:28.351Z,file:///opt/spark-apps/data/raw/products.csv
3769,Product3769,sports,1713.4,,2026-02-17T06:33:28.351Z,file:///opt/spark-apps/data/raw/products.csv
3770,Product3770,home,4313.89,,2026-02-17T06:33:28.351Z,file:///opt/spark-apps/data/raw/products.csv
3771,Product3771,clothing,4025.06,,2026-02-17T06:33:28.351Z,file:///opt/spark-apps/data/raw/products.csv
3772,Product3772,sports,45.68,,2026-02-17T06:33:28.351Z,file:///opt/spark-apps/data/raw/products.csv
3773,Product3773,books,3584.84,,2026-02-17T06:33:28.351Z,file:///opt/spark-apps/data/raw/products.csv
3774,Product3774,clothing,1403.19,,2026-02-17T06:33:28.351Z,file:///opt/spark-apps/data/raw/products.csv
3775,Product3775,electronics,3869.61,,2026-02-17T06:33:28.351Z,file:///opt/spark-apps/data/raw/products.csv
3776,Product3776,books,128.75,,2026-02-17T06:33:28.351Z,file:///opt/spark-apps/data/raw/products.csv
3777,Product3777,sports,2779.85,,2026-02-17T06:33:28.351Z,file:///opt/spark-apps/data/raw/products.csv
3778,Product3778,sports,3155.86,,2026-02-17T06:33:28.351Z,file:///opt/spark-apps/data/raw/products.csv
3779,Product3779,electronics,3120.63,,2026-02-17T06:33:28.351Z,file:///opt/spark-apps/data/raw/products.csv
3780,Product3780,home,3070.53,,2026-02-17T06:33:28.351Z,file:///opt/spark-apps/data/raw/products.csv
3781,Product3781,clothing,3838.11,,2026-02-17T06:33:28.351Z,file:///opt/spark-apps/data/raw/products.csv
3782,Product3782,electronics,88.3,,2026-02-17T06:33:28.351Z,file:///opt/spark-apps/data/raw/products.csv
3783,Product3783,home,700.27,,2026-02-17T06:33:28.351Z,file:///opt/spark-apps/data/raw/products.csv
3784,Product3784,home,1148.2,,2026-02-17T06:33:28.351Z,file:///opt/spark-apps/data/raw/products.csv
3785,Product3785,electronics,2399.56,,2026-02-17T06:33:28.351Z,file:///opt/spark-apps/data/raw/products.csv
3786,Product3786,clothing,3715.65,,2026-02-17T06:33:28.351Z,file:///opt/spark-apps/data/raw/products.csv
3787,Product3787,home,3658.21,,2026-02-17T06:33:28.351Z,file:///opt/spark-apps/data/raw/products.csv
3788,Product3788,sports,4616.52,,2026-02-17T06:33:28.351Z,file:///opt/spark-apps/data/raw/products.csv
3789,Product3789,books,3709.78,,2026-02-17T06:33:28.351Z,file:///opt/spark-apps/data/raw/products.csv
3790,Product3790,electronics,1963.78,,2026-02-17T06:33:28.351Z,file:///opt/spark-apps/data/raw/products.csv
3791,Product3791,sports,4520.9,,2026-02-17T06:33:28.351Z,file:///opt/spark-apps/data/raw/products.csv
3792,Product3792,home,2555.05,,2026-02-17T06:33:28.351Z,file:///opt/spark-apps/data/raw/products.csv
3793,Product3793,sports,53.04,,2026-02-17T06:33:28.351Z,file:///opt/spark-apps/data/raw/products.csv
3794,Product3794,home,3325.52,,2026-02-17T06:33:28.351Z,file:///opt/spark-apps/data/raw/products.csv
3795,Product3795,books,3415.34,,2026-02-17T06:33:28.351Z,file:///opt/spark-apps/data/raw/products.csv
3796,Product3796,sports,2142.24,,2026-02-17T06:33:28.351Z,file:///opt/spark-apps/data/raw/products.csv
3797,Product3797,sports,186.13,,2026-02-17T06:33:28.351Z,file:///opt/spark-apps/data/raw/products.csv
3798,Product3798,home,1073.39,,2026-02-17T06:33:28.351Z,file:///opt/spark-apps/data/raw/products.csv
3799,Product3799,clothing,384.45,,2026-02-17T06:33:28.351Z,file:///opt/spark-apps/data/raw/products.csv
3800,Product3800,sports,2280.48,,2026-02-17T06:33:28.351Z,file:///opt/spark-apps/data/raw/products.csv
3801,Product3801,books,3238.33,,2026-02-17T06:33:28.351Z,file:///opt/spark-apps/data/raw/products.csv
3802,Product3802,books,4013.34,,2026-02-17T06:33:28.351Z,file:///opt/spark-apps/data/raw/products.csv
3803,Product3803,clothing,1915.17,,2026-02-17T06:33:28.351Z,file:///opt/spark-apps/data/raw/products.csv
3804,Product3804,sports,2307.72,,2026-02-17T06:33:28.351Z,file:///opt/spark-apps/data/raw/products.csv
3805,Product3805,electronics,514.83,,2026-02-17T06:33:28.351Z,file:///opt/spark-apps/data/raw/products.csv
3806,Product3806,electronics,2346.32,,2026-02-17T06:33:28.351Z,file:///opt/spark-apps/data/raw/products.csv
3807,Product3807,sports,1327.24,,2026-02-17T06:33:28.351Z,file:///opt/spark-apps/data/raw/products.csv
3808,Product3808,books,770.33,,2026-02-17T06:33:28.351Z,file:///opt/spark-apps/data/raw/products.csv
3809,Product3809,books,1402.34,,2026-02-17T06:33:28.351Z,file:///opt/spark-apps/data/raw/products.csv
3810,Product3810,clothing,1097.16,,2026-02-17T06:33:28.351Z,file:///opt/spark-apps/data/raw/products.csv
3811,Product3811,books,1534.37,,2026-02-17T06:33:28.351Z,file:///opt/spark-apps/data/raw/products.csv
3812,Product3812,sports,2167.42,,2026-02-17T06:33:28.351Z,file:///opt/spark-apps/data/raw/products.csv
3813,Product3813,books,1461.1,,2026-02-17T06:33:28.351Z,file:///opt/spark-apps/data/raw/products.csv
3814,Product3814,home,4910.47,,2026-02-17T06:33:28.351Z,file:///opt/spark-apps/data/raw/products.csv
3815,Product3815,books,4475.07,,2026-02-17T06:33:28.351Z,file:///opt/spark-apps/data/raw/products.csv
3816,Product3816,books,2412.62,,2026-02-17T06:33:28.351Z,file:///opt/spark-apps/data/raw/products.csv
3817,Product3817,home,4601.95,,2026-02-17T06:33:28.351Z,file:///opt/spark-apps/data/raw/products.csv
3818,Product3818,clothing,4645.23,,2026-02-17T06:33:28.351Z,file:///opt/spark-apps/data/raw/products.csv
3819,Product3819,clothing,1184.52,,2026-02-17T06:33:28.351Z,file:///opt/spark-apps/data/raw/products.csv
3820,Product3820,books,1729.51,,2026-02-17T06:33:28.351Z,file:///opt/spark-apps/data/raw/products.csv
3821,Product3821,sports,2986.98,,2026-02-17T06:33:28.351Z,file:///opt/spark-apps/data/raw/products.csv
3822,Product3822,sports,264.77,,2026-02-17T06:33:28.351Z,file:///opt/spark-apps/data/raw/products.csv
3823,Product3823,home,4352.75,,2026-02-17T06:33:28.351Z,file:///opt/spark-apps/data/raw/products.csv
3824,Product3824,sports,657.34,,2026-02-17T06:33:28.351Z,file:///opt/spark-apps/data/raw/products.csv
3825,Product3825,clothing,1336.77,,2026-02-17T06:33:28.351Z,file:///opt/spark-apps/data/raw/products.csv
3826,Product3826,sports,2249.22,,2026-02-17T06:33:28.351Z,file:///opt/spark-apps/data/raw/products.csv
3827,Product3827,books,2268.87,,2026-02-17T06:33:28.351Z,file:///opt/spark-apps/data/raw/products.csv
3828,Product3828,home,1072.53,,2026-02-17T06:33:28.351Z,file:///opt/spark-apps/data/raw/products.csv
3829,Product3829,sports,1527.31,,2026-02-17T06:33:28.351Z,file:///opt/spark-apps/data/raw/products.csv
3830,Product3830,clothing,228.11,,2026-02-17T06:33:28.351Z,file:///opt/spark-apps/data/raw/products.csv
3831,Product3831,books,3059.51,,2026-02-17T06:33:28.351Z,file:///opt/spark-apps/data/raw/products.csv
3832,Product3832,home,202.77,,2026-02-17T06:33:28.351Z,file:///opt/spark-apps/data/raw/products.csv
3833,Product3833,clothing,546.49,,2026-02-17T06:33:28.351Z,file:///opt/spark-apps/data/raw/products.csv
3834,Product3834,clothing,3004.54,,2026-02-17T06:33:28.351Z,file:///opt/spark-apps/data/raw/products.csv
3835,Product3835,books,2284.88,,2026-02-17T06:33:28.351Z,file:///opt/spark-apps/data/raw/products.csv
3836,Product3836,clothing,4816.07,,2026-02-17T06:33:28.351Z,file:///opt/spark-apps/data/raw/products.csv
3837,Product3837,home,1184.73,,2026-02-17T06:33:28.351Z,file:///opt/spark-apps/data/raw/products.csv
3838,Product3838,electronics,4510.44,,2026-02-17T06:33:28.351Z,file:///opt/spark-apps/data/raw/products.csv
3839,Product3839,clothing,2261.95,,2026-02-17T06:33:28.351Z,file:///opt/spark-apps/data/raw/products.csv
3840,Product3840,books,731.14,,2026-02-17T06:33:28.351Z,file:///opt/spark-apps/data/raw/products.csv
3841,Product3841,books,1890.64,,2026-02-17T06:33:28.351Z,file:///opt/spark-apps/data/raw/products.csv
3842,Product3842,electronics,4248.53,,2026-02-17T06:33:28.351Z,file:///opt/spark-apps/data/raw/products.csv
3843,Product3843,sports,1021.53,,2026-02-17T06:33:28.351Z,file:///opt/spark-apps/data/raw/products.csv
3844,Product3844,clothing,146.47,,2026-02-17T06:33:28.351Z,file:///opt/spark-apps/data/raw/products.csv
3845,Product3845,books,371.16,,2026-02-17T06:33:28.351Z,file:///opt/spark-apps/data/raw/products.csv
3846,Product3846,electronics,1608.52,,2026-02-17T06:33:28.351Z,file:///opt/spark-apps/data/raw/products.csv
3847,Product3847,electronics,4249.6,,2026-02-17T06:33:28.351Z,file:///opt/spark-apps/data/raw/products.csv
3848,Product3848,electronics,3367.34,,2026-02-17T06:33:28.351Z,file:///opt/spark-apps/data/raw/products.csv
3849,Product3849,books,4357.79,,2026-02-17T06:33:28.351Z,file:///opt/spark-apps/data/raw/products.csv
3850,Product3850,electronics,1181.4,,2026-02-17T06:33:28.351Z,file:///opt/spark-apps/data/raw/products.csv
3851,Product3851,books,4113.09,,2026-02-17T06:33:28.351Z,file:///opt/spark-apps/data/raw/products.csv
3852,Product3852,clothing,1895.77,,2026-02-17T06:33:28.351Z,file:///opt/spark-apps/data/raw/products.csv
3853,Product3853,sports,4505.7,,2026-02-17T06:33:28.351Z,file:///opt/spark-apps/data/raw/products.csv
3854,Product3854,home,4824.27,,2026-02-17T06:33:28.351Z,file:///opt/spark-apps/data/raw/products.csv
3855,Product3855,sports,3876.34,,2026-02-17T06:33:28.351Z,file:///opt/spark-apps/data/raw/products.csv
3856,Product3856,books,3335.72,,2026-02-17T06:33:28.351Z,file:///opt/spark-apps/data/raw/products.csv
3857,Product3857,clothing,847.13,,2026-02-17T06:33:28.351Z,file:///opt/spark-apps/data/raw/products.csv
3858,Product3858,books,3090.97,,2026-02-17T06:33:28.351Z,file:///opt/spark-apps/data/raw/products.csv
3859,Product3859,books,884.34,,2026-02-17T06:33:28.351Z,file:///opt/spark-apps/data/raw/products.csv
3860,Product3860,sports,2650.53,,2026-02-17T06:33:28.351Z,file:///opt/spark-apps/data/raw/products.csv
3861,Product3861,books,3508.96,,2026-02-17T06:33:28.351Z,file:///opt/spark-apps/data/raw/products.csv
3862,Product3862,sports,2287.46,,2026-02-17T06:33:28.351Z,file:///opt/spark-apps/data/raw/products.csv
3863,Product3863,electronics,1889.11,,2026-02-17T06:33:28.351Z,file:///opt/spark-apps/data/raw/products.csv
3864,Product3864,home,3419.66,,2026-02-17T06:33:28.351Z,file:///opt/spark-apps/data/raw/products.csv
3865,Product3865,clothing,4341.44,,2026-02-17T06:33:28.351Z,file:///opt/spark-apps/data/raw/products.csv
3866,Product3866,books,493.85,,2026-02-17T06:33:28.351Z,file:///opt/spark-apps/data/raw/products.csv
3867,Product3867,sports,689.41,,2026-02-17T06:33:28.351Z,file:///opt/spark-apps/data/raw/products.csv
3868,Product3868,books,1950.34,,2026-02-17T06:33:28.351Z,file:///opt/spark-apps/data/raw/products.csv
3869,Product3869,books,1846.92,,2026-02-17T06:33:28.351Z,file:///opt/spark-apps/data/raw/products.csv
3870,Product3870,books,1320.31,,2026-02-17T06:33:28.351Z,file:///opt/spark-apps/data/raw/products.csv
3871,Product3871,clothing,2118.88,,2026-02-17T06:33:28.351Z,file:///opt/spark-apps/data/raw/products.csv
3872,Product3872,electronics,4860.4,,2026-02-17T06:33:28.351Z,file:///opt/spark-apps/data/raw/products.csv
3873,Product3873,clothing,751.88,,2026-02-17T06:33:28.351Z,file:///opt/spark-apps/data/raw/products.csv
3874,Product3874,electronics,2247.84,,2026-02-17T06:33:28.351Z,file:///opt/spark-apps/data/raw/products.csv
3875,Product3875,clothing,2601.92,,2026-02-17T06:33:28.351Z,file:///opt/spark-apps/data/raw/products.csv
3876,Product3876,sports,3209.3,,2026-02-17T06:33:28.351Z,file:///opt/spark-apps/data/raw/products.csv
3877,Product3877,home,1254.3,,2026-02-17T06:33:28.351Z,file:///opt/spark-apps/data/raw/products.csv
3878,Product3878,electronics,3835.13,,2026-02-17T06:33:28.351Z,file:///opt/spark-apps/data/raw/products.csv
3879,Product3879,home,3852.89,,2026-02-17T06:33:28.351Z,file:///opt/spark-apps/data/raw/products.csv
3880,Product3880,books,2671.33,,2026-02-17T06:33:28.351Z,file:///opt/spark-apps/data/raw/products.csv
3881,Product3881,home,4541.53,,2026-02-17T06:33:28.351Z,file:///opt/spark-apps/data/raw/products.csv
3882,Product3882,sports,2414.56,,2026-02-17T06:33:28.351Z,file:///opt/spark-apps/data/raw/products.csv
3883,Product3883,home,3581.61,,2026-02-17T06:33:28.351Z,file:///opt/spark-apps/data/raw/products.csv
3884,Product3884,books,1940.05,,2026-02-17T06:33:28.351Z,file:///opt/spark-apps/data/raw/products.csv
3885,Product3885,sports,2572.9,,2026-02-17T06:33:28.351Z,file:///opt/spark-apps/data/raw/products.csv
3886,Product3886,electronics,4823.58,,2026-02-17T06:33:28.351Z,file:///opt/spark-apps/data/raw/products.csv
3887,Product3887,electronics,2958.79,,2026-02-17T06:33:28.351Z,file:///opt/spark-apps/data/raw/products.csv
3888,Product3888,books,1928.49,,2026-02-17T06:33:28.351Z,file:///opt/spark-apps/data/raw/products.csv
3889,Product3889,sports,3051.69,,2026-02-17T06:33:28.351Z,file:///opt/spark-apps/data/raw/products.csv
3890,Product3890,clothing,1990.94,,2026-02-17T06:33:28.351Z,file:///opt/spark-apps/data/raw/products.csv
3891,Product3891,clothing,3370.18,,2026-02-17T06:33:28.351Z,file:///opt/spark-apps/data/raw/products.csv
3892,Product3892,electronics,1359.99,,2026-02-17T06:33:28.351Z,file:///opt/spark-apps/data/raw/products.csv
3893,Product3893,sports,4778.63,,2026-02-17T06:33:28.351Z,file:///opt/spark-apps/data/raw/products.csv
3894,Product3894,home,1712.37,,2026-02-17T06:33:28.351Z,file:///opt/spark-apps/data/raw/products.csv
3895,Product3895,electronics,291.88,,2026-02-17T06:33:28.351Z,file:///opt/spark-apps/data/raw/products.csv
3896,Product3896,clothing,676.67,,2026-02-17T06:33:28.351Z,file:///opt/spark-apps/data/raw/products.csv
3897,Product3897,electronics,4264.01,,2026-02-17T06:33:28.351Z,file:///opt/spark-apps/data/raw/products.csv
3898,Product3898,home,3459.68,,2026-02-17T06:33:28.351Z,file:///opt/spark-apps/data/raw/products.csv
3899,Product3899,sports,3996.93,,2026-02-17T06:33:28.351Z,file:///opt/spark-apps/data/raw/products.csv
3900,Product3900,books,1679.71,,2026-02-17T06:33:28.351Z,file:///opt/spark-apps/data/raw/products.csv
3901,Product3901,sports,733.21,,2026-02-17T06:33:28.351Z,file:///opt/spark-apps/data/raw/products.csv
3902,Product3902,home,1607.26,,2026-02-17T06:33:28.351Z,file:///opt/spark-apps/data/raw/products.csv
3903,Product3903,books,1726.7,,2026-02-17T06:33:28.351Z,file:///opt/spark-apps/data/raw/products.csv
3904,Product3904,sports,2433.96,,2026-02-17T06:33:28.351Z,file:///opt/spark-apps/data/raw/products.csv
3905,Product3905,electronics,3520.47,,2026-02-17T06:33:28.351Z,file:///opt/spark-apps/data/raw/products.csv
3906,Product3906,books,1954.07,,2026-02-17T06:33:28.351Z,file:///opt/spark-apps/data/raw/products.csv
3907,Product3907,clothing,4143.33,,2026-02-17T06:33:28.351Z,file:///opt/spark-apps/data/raw/products.csv
3908,Product3908,clothing,1584.65,,2026-02-17T06:33:28.351Z,file:///opt/spark-apps/data/raw/products.csv
3909,Product3909,sports,1403.26,,2026-02-17T06:33:28.351Z,file:///opt/spark-apps/data/raw/products.csv
3910,Product3910,books,2340.82,,2026-02-17T06:33:28.351Z,file:///opt/spark-apps/data/raw/products.csv
3911,Product3911,home,3979.61,,2026-02-17T06:33:28.351Z,file:///opt/spark-apps/data/raw/products.csv
3912,Product3912,clothing,1924.81,,2026-02-17T06:33:28.351Z,file:///opt/spark-apps/data/raw/products.csv
3913,Product3913,clothing,223.77,,2026-02-17T06:33:28.351Z,file:///opt/spark-apps/data/raw/products.csv
3914,Product3914,home,409.31,,2026-02-17T06:33:28.351Z,file:///opt/spark-apps/data/raw/products.csv
3915,Product3915,clothing,4363.06,,2026-02-17T06:33:28.351Z,file:///opt/spark-apps/data/raw/products.csv
3916,Product3916,electronics,4975.97,,2026-02-17T06:33:28.351Z,file:///opt/spark-apps/data/raw/products.csv
3917,Product3917,home,4206.3,,2026-02-17T06:33:28.351Z,file:///opt/spark-apps/data/raw/products.csv
3918,Product3918,electronics,1259.24,,2026-02-17T06:33:28.351Z,file:///opt/spark-apps/data/raw/products.csv
3919,Product3919,sports,828.29,,2026-02-17T06:33:28.351Z,file:///opt/spark-apps/data/raw/products.csv
3920,Product3920,books,2385.11,,2026-02-17T06:33:28.351Z,file:///opt/spark-apps/data/raw/products.csv
3921,Product3921,books,313.23,,2026-02-17T06:33:28.351Z,file:///opt/spark-apps/data/raw/products.csv
3922,Product3922,home,3325.24,,2026-02-17T06:33:28.351Z,file:///opt/spark-apps/data/raw/products.csv
3923,Product3923,clothing,1449.71,,2026-02-17T06:33:28.351Z,file:///opt/spark-apps/data/raw/products.csv
3924,Product3924,sports,2740.34,,2026-02-17T06:33:28.351Z,file:///opt/spark-apps/data/raw/products.csv
3925,Product3925,books,1837.98,,2026-02-17T06:33:28.351Z,file:///opt/spark-apps/data/raw/products.csv
3926,Product3926,clothing,507.11,,2026-02-17T06:33:28.351Z,file:///opt/spark-apps/data/raw/products.csv
3927,Product3927,home,678.36,,2026-02-17T06:33:28.351Z,file:///opt/spark-apps/data/raw/products.csv
3928,Product3928,sports,2606.74,,2026-02-17T06:33:28.351Z,file:///opt/spark-apps/data/raw/products.csv
3929,Product3929,sports,2768.62,,2026-02-17T06:33:28.351Z,file:///opt/spark-apps/data/raw/products.csv
3930,Product3930,books,4943.48,,2026-02-17T06:33:28.351Z,file:///opt/spark-apps/data/raw/products.csv
3931,Product3931,electronics,1083.66,,2026-02-17T06:33:28.351Z,file:///opt/spark-apps/data/raw/products.csv
3932,Product3932,books,2373.12,,2026-02-17T06:33:28.351Z,file:///opt/spark-apps/data/raw/products.csv
3933,Product3933,sports,4173.95,,2026-02-17T06:33:28.351Z,file:///opt/spark-apps/data/raw/products.csv
3934,Product3934,clothing,4984.86,,2026-02-17T06:33:28.351Z,file:///opt/spark-apps/data/raw/products.csv
3935,Product3935,home,88.1,,2026-02-17T06:33:28.351Z,file:///opt/spark-apps/data/raw/products.csv
3936,Product3936,books,4466.27,,2026-02-17T06:33:28.351Z,file:///opt/spark-apps/data/raw/products.csv
3937,Product3937,electronics,2722.1,,2026-02-17T06:33:28.351Z,file:///opt/spark-apps/data/raw/products.csv
3938,Product3938,clothing,2221.21,,2026-02-17T06:33:28.351Z,file:///opt/spark-apps/data/raw/products.csv
3939,Product3939,electronics,999.61,,2026-02-17T06:33:28.351Z,file:///opt/spark-apps/data/raw/products.csv
3940,Product3940,electronics,2288.61,,2026-02-17T06:33:28.351Z,file:///opt/spark-apps/data/raw/products.csv
3941,Product3941,sports,3432.14,,2026-02-17T06:33:28.351Z,file:///opt/spark-apps/data/raw/products.csv
3942,Product3942,sports,340.04,,2026-02-17T06:33:28.351Z,file:///opt/spark-apps/data/raw/products.csv
3943,Product3943,sports,3273.78,,2026-02-17T06:33:28.351Z,file:///opt/spark-apps/data/raw/products.csv
3944,Product3944,electronics,3108.65,,2026-02-17T06:33:28.351Z,file:///opt/spark-apps/data/raw/products.csv
3945,Product3945,sports,2556.53,,2026-02-17T06:33:28.351Z,file:///opt/spark-apps/data/raw/products.csv
3946,Product3946,clothing,2347.15,,2026-02-17T06:33:28.351Z,file:///opt/spark-apps/data/raw/products.csv
3947,Product3947,home,3026.01,,2026-02-17T06:33:28.351Z,file:///opt/spark-apps/data/raw/products.csv
3948,Product3948,clothing,1436.48,,2026-02-17T06:33:28.351Z,file:///opt/spark-apps/data/raw/products.csv
3949,Product3949,books,624.49,,2026-02-17T06:33:28.351Z,file:///opt/spark-apps/data/raw/products.csv
3950,Product3950,books,2324.7,,2026-02-17T06:33:28.351Z,file:///opt/spark-apps/data/raw/products.csv
3951,Product3951,home,1972.05,,2026-02-17T06:33:28.351Z,file:///opt/spark-apps/data/raw/products.csv
3952,Product3952,electronics,2483.29,,2026-02-17T06:33:28.351Z,file:///opt/spark-apps/data/raw/products.csv
3953,Product3953,sports,1463.57,,2026-02-17T06:33:28.351Z,file:///opt/spark-apps/data/raw/products.csv
3954,Product3954,home,3759.03,,2026-02-17T06:33:28.351Z,file:///opt/spark-apps/data/raw/products.csv
3955,Product3955,books,3902.21,,2026-02-17T06:33:28.351Z,file:///opt/spark-apps/data/raw/products.csv
3956,Product3956,home,3522.17,,2026-02-17T06:33:28.351Z,file:///opt/spark-apps/data/raw/products.csv
3957,Product3957,electronics,3197.6,,2026-02-17T06:33:28.351Z,file:///opt/spark-apps/data/raw/products.csv
3958,Product3958,electronics,2574.22,,2026-02-17T06:33:28.351Z,file:///opt/spark-apps/data/raw/products.csv
3959,Product3959,sports,2342.13,,2026-02-17T06:33:28.351Z,file:///opt/spark-apps/data/raw/products.csv
3960,Product3960,books,338.86,,2026-02-17T06:33:28.351Z,file:///opt/spark-apps/data/raw/products.csv
3961,Product3961,sports,506.89,,2026-02-17T06:33:28.351Z,file:///opt/spark-apps/data/raw/products.csv
3962,Product3962,clothing,3082.87,,2026-02-17T06:33:28.351Z,file:///opt/spark-apps/data/raw/products.csv
3963,Product3963,home,4309.05,,2026-02-17T06:33:28.351Z,file:///opt/spark-apps/data/raw/products.csv
3964,Product3964,electronics,1407.67,,2026-02-17T06:33:28.351Z,file:///opt/spark-apps/data/raw/products.csv
3965,Product3965,electronics,4137.72,,2026-02-17T06:33:28.351Z,file:///opt/spark-apps/data/raw/products.csv
3966,Product3966,books,955.85,,2026-02-17T06:33:28.351Z,file:///opt/spark-apps/data/raw/products.csv
3967,Product3967,sports,4484.58,,2026-02-17T06:33:28.351Z,file:///opt/spark-apps/data/raw/products.csv
3968,Product3968,clothing,3811.41,,2026-02-17T06:33:28.351Z,file:///opt/spark-apps/data/raw/products.csv
3969,Product3969,clothing,2692.5,,2026-02-17T06:33:28.351Z,file:///opt/spark-apps/data/raw/products.csv
3970,Product3970,sports,1971.58,,2026-02-17T06:33:28.351Z,file:///opt/spark-apps/data/raw/products.csv
3971,Product3971,clothing,2056.43,,2026-02-17T06:33:28.351Z,file:///opt/spark-apps/data/raw/products.csv
3972,Product3972,sports,4121.43,,2026-02-17T06:33:28.351Z,file:///opt/spark-apps/data/raw/products.csv
3973,Product3973,clothing,1302.5,,2026-02-17T06:33:28.351Z,file:///opt/spark-apps/data/raw/products.csv
3974,Product3974,home,4008.58,,2026-02-17T06:33:28.351Z,file:///opt/spark-apps/data/raw/products.csv
3975,Product3975,sports,2930.0,,2026-02-17T06:33:28.351Z,file:///opt/spark-apps/data/raw/products.csv
3976,Product3976,books,1843.85,,2026-02-17T06:33:28.351Z,file:///opt/spark-apps/data/raw/products.csv
3977,Product3977,books,3419.59,,2026-02-17T06:33:28.351Z,file:///opt/spark-apps/data/raw/products.csv
3978,Product3978,home,3420.02,,2026-02-17T06:33:28.351Z,file:///opt/spark-apps/data/raw/products.csv
3979,Product3979,electronics,3843.39,,2026-02-17T06:33:28.351Z,file:///opt/spark-apps/data/raw/products.csv
3980,Product3980,home,1335.54,,2026-02-17T06:33:28.351Z,file:///opt/spark-apps/data/raw/products.csv
3981,Product3981,electronics,1712.13,,2026-02-17T06:33:28.351Z,file:///opt/spark-apps/data/raw/products.csv
3982,Product3982,sports,4266.76,,2026-02-17T06:33:28.351Z,file:///opt/spark-apps/data/raw/products.csv
3983,Product3983,sports,4800.53,,2026-02-17T06:33:28.351Z,file:///opt/spark-apps/data/raw/products.csv
3984,Product3984,electronics,3030.89,,2026-02-17T06:33:28.351Z,file:///opt/spark-apps/data/raw/products.csv
3985,Product3985,home,3664.66,,2026-02-17T06:33:28.351Z,file:///opt/spark-apps/data/raw/products.csv
3986,Product3986,books,1525.56,,2026-02-17T06:33:28.351Z,file:///opt/spark-apps/data/raw/products.csv
3987,Product3987,home,1109.6,,2026-02-17T06:33:28.351Z,file:///opt/spark-apps/data/raw/products.csv
3988,Product3988,clothing,1759.69,,2026-02-17T06:33:28.351Z,file:///opt/spark-apps/data/raw/products.csv
3989,Product3989,books,4775.43,,2026-02-17T06:33:28.351Z,file:///opt/spark-apps/data/raw/products.csv
3990,Product3990,sports,4189.69,,2026-02-17T06:33:28.351Z,file:///opt/spark-apps/data/raw/products.csv
3991,Product3991,books,1954.04,,2026-02-17T06:33:28.351Z,file:///opt/spark-apps/data/raw/products.csv
3992,Product3992,electronics,4477.11,,2026-02-17T06:33:28.351Z,file:///opt/spark-apps/data/raw/products.csv
3993,Product3993,electronics,3880.5,,2026-02-17T06:33:28.351Z,file:///opt/spark-apps/data/raw/products.csv
3994,Product3994,books,830.02,,2026-02-17T06:33:28.351Z,file:///opt/spark-apps/data/raw/products.csv
3995,Product3995,sports,2559.8,,2026-02-17T06:33:28.351Z,file:///opt/spark-apps/data/raw/products.csv
3996,Product3996,electronics,2887.61,,2026-02-17T06:33:28.351Z,file:///opt/spark-apps/data/raw/products.csv
3997,Product3997,sports,3163.61,,2026-02-17T06:33:28.351Z,file:///opt/spark-apps/data/raw/products.csv
3998,Product3998,books,263.01,,2026-02-17T06:33:28.351Z,file:///opt/spark-apps/data/raw/products.csv
3999,Product3999,home,4653.2,,2026-02-17T06:33:28.351Z,file:///opt/spark-apps/data/raw/products.csv
4000,Product4000,electronics,2109.82,,2026-02-17T06:33:28.351Z,file:///opt/spark-apps/data/raw/products.csv
4001,Product4001,sports,1870.61,,2026-02-17T06:33:28.351Z,file:///opt/spark-apps/data/raw/products.csv
4002,Product4002,home,1881.83,,2026-02-17T06:33:28.351Z,file:///opt/spark-apps/data/raw/products.csv
4003,Product4003,home,3355.81,,2026-02-17T06:33:28.351Z,file:///opt/spark-apps/data/raw/products.csv
4004,Product4004,sports,966.88,,2026-02-17T06:33:28.351Z,file:///opt/spark-apps/data/raw/products.csv
4005,Product4005,electronics,4080.76,,2026-02-17T06:33:28.351Z,file:///opt/spark-apps/data/raw/products.csv
4006,Product4006,sports,3789.85,,2026-02-17T06:33:28.351Z,file:///opt/spark-apps/data/raw/products.csv
4007,Product4007,home,3407.62,,2026-02-17T06:33:28.351Z,file:///opt/spark-apps/data/raw/products.csv
4008,Product4008,books,3078.32,,2026-02-17T06:33:28.351Z,file:///opt/spark-apps/data/raw/products.csv
4009,Product4009,home,4651.52,,2026-02-17T06:33:28.351Z,file:///opt/spark-apps/data/raw/products.csv
4010,Product4010,sports,3580.24,,2026-02-17T06:33:28.351Z,file:///opt/spark-apps/data/raw/products.csv
4011,Product4011,books,2654.88,,2026-02-17T06:33:28.351Z,file:///opt/spark-apps/data/raw/products.csv
4012,Product4012,clothing,281.96,,2026-02-17T06:33:28.351Z,file:///opt/spark-apps/data/raw/products.csv
4013,Product4013,books,808.06,,2026-02-17T06:33:28.351Z,file:///opt/spark-apps/data/raw/products.csv
4014,Product4014,home,1637.82,,2026-02-17T06:33:28.351Z,file:///opt/spark-apps/data/raw/products.csv
4015,Product4015,clothing,4191.23,,2026-02-17T06:33:28.351Z,file:///opt/spark-apps/data/raw/products.csv
4016,Product4016,home,4561.4,,2026-02-17T06:33:28.351Z,file:///opt/spark-apps/data/raw/products.csv
4017,Product4017,home,198.19,,2026-02-17T06:33:28.351Z,file:///opt/spark-apps/data/raw/products.csv
4018,Product4018,sports,2522.36,,2026-02-17T06:33:28.351Z,file:///opt/spark-apps/data/raw/products.csv
4019,Product4019,sports,1753.75,,2026-02-17T06:33:28.351Z,file:///opt/spark-apps/data/raw/products.csv
4020,Product4020,books,1304.72,,2026-02-17T06:33:28.351Z,file:///opt/spark-apps/data/raw/products.csv
4021,Product4021,books,1306.81,,2026-02-17T06:33:28.351Z,file:///opt/spark-apps/data/raw/products.csv
4022,Product4022,sports,4146.02,,2026-02-17T06:33:28.351Z,file:///opt/spark-apps/data/raw/products.csv
4023,Product4023,books,4343.23,,2026-02-17T06:33:28.351Z,file:///opt/spark-apps/data/raw/products.csv
4024,Product4024,books,566.64,,2026-02-17T06:33:28.351Z,file:///opt/spark-apps/data/raw/products.csv
4025,Product4025,electronics,2793.57,,2026-02-17T06:33:28.351Z,file:///opt/spark-apps/data/raw/products.csv
4026,Product4026,electronics,2160.22,,2026-02-17T06:33:28.351Z,file:///opt/spark-apps/data/raw/products.csv
4027,Product4027,clothing,1546.69,,2026-02-17T06:33:28.351Z,file:///opt/spark-apps/data/raw/products.csv
4028,Product4028,home,2690.34,,2026-02-17T06:33:28.351Z,file:///opt/spark-apps/data/raw/products.csv
4029,Product4029,electronics,4016.82,,2026-02-17T06:33:28.351Z,file:///opt/spark-apps/data/raw/products.csv
4030,Product4030,books,4722.33,,2026-02-17T06:33:28.351Z,file:///opt/spark-apps/data/raw/products.csv
4031,Product4031,clothing,2497.47,,2026-02-17T06:33:28.351Z,file:///opt/spark-apps/data/raw/products.csv
4032,Product4032,clothing,791.77,,2026-02-17T06:33:28.351Z,file:///opt/spark-apps/data/raw/products.csv
4033,Product4033,sports,4293.28,,2026-02-17T06:33:28.351Z,file:///opt/spark-apps/data/raw/products.csv
4034,Product4034,books,2741.05,,2026-02-17T06:33:28.351Z,file:///opt/spark-apps/data/raw/products.csv
4035,Product4035,books,4729.3,,2026-02-17T06:33:28.351Z,file:///opt/spark-apps/data/raw/products.csv
4036,Product4036,home,3416.67,,2026-02-17T06:33:28.351Z,file:///opt/spark-apps/data/raw/products.csv
4037,Product4037,home,2248.18,,2026-02-17T06:33:28.351Z,file:///opt/spark-apps/data/raw/products.csv
4038,Product4038,sports,4159.13,,2026-02-17T06:33:28.351Z,file:///opt/spark-apps/data/raw/products.csv
4039,Product4039,books,4628.14,,2026-02-17T06:33:28.351Z,file:///opt/spark-apps/data/raw/products.csv
4040,Product4040,sports,273.3,,2026-02-17T06:33:28.351Z,file:///opt/spark-apps/data/raw/products.csv
4041,Product4041,sports,3853.05,,2026-02-17T06:33:28.351Z,file:///opt/spark-apps/data/raw/products.csv
4042,Product4042,clothing,2991.78,,2026-02-17T06:33:28.351Z,file:///opt/spark-apps/data/raw/products.csv
4043,Product4043,sports,623.52,,2026-02-17T06:33:28.351Z,file:///opt/spark-apps/data/raw/products.csv
4044,Product4044,books,3699.67,,2026-02-17T06:33:28.351Z,file:///opt/spark-apps/data/raw/products.csv
4045,Product4045,books,4883.48,,2026-02-17T06:33:28.351Z,file:///opt/spark-apps/data/raw/products.csv
4046,Product4046,clothing,881.44,,2026-02-17T06:33:28.351Z,file:///opt/spark-apps/data/raw/products.csv
4047,Product4047,books,1508.49,,2026-02-17T06:33:28.351Z,file:///opt/spark-apps/data/raw/products.csv
4048,Product4048,clothing,18.1,,2026-02-17T06:33:28.351Z,file:///opt/spark-apps/data/raw/products.csv
4049,Product4049,books,2196.63,,2026-02-17T06:33:28.351Z,file:///opt/spark-apps/data/raw/products.csv
4050,Product4050,electronics,2117.39,,2026-02-17T06:33:28.351Z,file:///opt/spark-apps/data/raw/products.csv
4051,Product4051,home,3772.63,,2026-02-17T06:33:28.351Z,file:///opt/spark-apps/data/raw/products.csv
4052,Product4052,home,4157.51,,2026-02-17T06:33:28.351Z,file:///opt/spark-apps/data/raw/products.csv
4053,Product4053,clothing,2339.78,,2026-02-17T06:33:28.351Z,file:///opt/spark-apps/data/raw/products.csv
4054,Product4054,clothing,2057.16,,2026-02-17T06:33:28.351Z,file:///opt/spark-apps/data/raw/products.csv
4055,Product4055,electronics,2713.4,,2026-02-17T06:33:28.351Z,file:///opt/spark-apps/data/raw/products.csv
4056,Product4056,books,1208.98,,2026-02-17T06:33:28.351Z,file:///opt/spark-apps/data/raw/products.csv
4057,Product4057,electronics,311.35,,2026-02-17T06:33:28.351Z,file:///opt/spark-apps/data/raw/products.csv
4058,Product4058,sports,3393.86,,2026-02-17T06:33:28.351Z,file:///opt/spark-apps/data/raw/products.csv
4059,Product4059,sports,3716.4,,2026-02-17T06:33:28.351Z,file:///opt/spark-apps/data/raw/products.csv
4060,Product4060,home,4024.25,,2026-02-17T06:33:28.351Z,file:///opt/spark-apps/data/raw/products.csv
4061,Product4061,sports,1316.02,,2026-02-17T06:33:28.351Z,file:///opt/spark-apps/data/raw/products.csv
4062,Product4062,sports,1440.75,,2026-02-17T06:33:28.351Z,file:///opt/spark-apps/data/raw/products.csv
4063,Product4063,home,48.98,,2026-02-17T06:33:28.351Z,file:///opt/spark-apps/data/raw/products.csv
4064,Product4064,electronics,3605.08,,2026-02-17T06:33:28.351Z,file:///opt/spark-apps/data/raw/products.csv
4065,Product4065,home,663.78,,2026-02-17T06:33:28.351Z,file:///opt/spark-apps/data/raw/products.csv
4066,Product4066,sports,3446.31,,2026-02-17T06:33:28.351Z,file:///opt/spark-apps/data/raw/products.csv
4067,Product4067,books,3644.3,,2026-02-17T06:33:28.351Z,file:///opt/spark-apps/data/raw/products.csv
4068,Product4068,electronics,3665.76,,2026-02-17T06:33:28.351Z,file:///opt/spark-apps/data/raw/products.csv
4069,Product4069,home,797.44,,2026-02-17T06:33:28.351Z,file:///opt/spark-apps/data/raw/products.csv
4070,Product4070,clothing,418.68,,2026-02-17T06:33:28.351Z,file:///opt/spark-apps/data/raw/products.csv
4071,Product4071,books,1199.41,,2026-02-17T06:33:28.351Z,file:///opt/spark-apps/data/raw/products.csv
4072,Product4072,home,1307.77,,2026-02-17T06:33:28.351Z,file:///opt/spark-apps/data/raw/products.csv
4073,Product4073,books,2908.9,,2026-02-17T06:33:28.351Z,file:///opt/spark-apps/data/raw/products.csv
4074,Product4074,electronics,1433.18,,2026-02-17T06:33:28.351Z,file:///opt/spark-apps/data/raw/products.csv
4075,Product4075,electronics,3527.49,,2026-02-17T06:33:28.351Z,file:///opt/spark-apps/data/raw/products.csv
4076,Product4076,electronics,1315.92,,2026-02-17T06:33:28.351Z,file:///opt/spark-apps/data/raw/products.csv
4077,Product4077,home,1430.8,,2026-02-17T06:33:28.351Z,file:///opt/spark-apps/data/raw/products.csv
4078,Product4078,sports,1508.71,,2026-02-17T06:33:28.351Z,file:///opt/spark-apps/data/raw/products.csv
4079,Product4079,sports,4320.65,,2026-02-17T06:33:28.351Z,file:///opt/spark-apps/data/raw/products.csv
4080,Product4080,books,1112.57,,2026-02-17T06:33:28.351Z,file:///opt/spark-apps/data/raw/products.csv
4081,Product4081,sports,553.47,,2026-02-17T06:33:28.351Z,file:///opt/spark-apps/data/raw/products.csv
4082,Product4082,sports,2480.2,,2026-02-17T06:33:28.351Z,file:///opt/spark-apps/data/raw/products.csv
4083,Product4083,sports,1614.48,,2026-02-17T06:33:28.351Z,file:///opt/spark-apps/data/raw/products.csv
4084,Product4084,sports,3586.22,,2026-02-17T06:33:28.351Z,file:///opt/spark-apps/data/raw/products.csv
4085,Product4085,electronics,1912.0,,2026-02-17T06:33:28.351Z,file:///opt/spark-apps/data/raw/products.csv
4086,Product4086,electronics,2596.61,,2026-02-17T06:33:28.351Z,file:///opt/spark-apps/data/raw/products.csv
4087,Product4087,clothing,4023.78,,2026-02-17T06:33:28.351Z,file:///opt/spark-apps/data/raw/products.csv
4088,Product4088,home,2124.04,,2026-02-17T06:33:28.351Z,file:///opt/spark-apps/data/raw/products.csv
4089,Product4089,electronics,4880.76,,2026-02-17T06:33:28.351Z,file:///opt/spark-apps/data/raw/products.csv
4090,Product4090,books,853.25,,2026-02-17T06:33:28.351Z,file:///opt/spark-apps/data/raw/products.csv
4091,Product4091,electronics,1293.93,,2026-02-17T06:33:28.351Z,file:///opt/spark-apps/data/raw/products.csv
4092,Product4092,sports,2444.99,,2026-02-17T06:33:28.351Z,file:///opt/spark-apps/data/raw/products.csv
4093,Product4093,clothing,204.79,,2026-02-17T06:33:28.351Z,file:///opt/spark-apps/data/raw/products.csv
4094,Product4094,home,3917.98,,2026-02-17T06:33:28.351Z,file:///opt/spark-apps/data/raw/products.csv
4095,Product4095,electronics,1959.46,,2026-02-17T06:33:28.351Z,file:///opt/spark-apps/data/raw/products.csv
4096,Product4096,electronics,2457.88,,2026-02-17T06:33:28.351Z,file:///opt/spark-apps/data/raw/products.csv
4097,Product4097,books,4477.92,,2026-02-17T06:33:28.351Z,file:///opt/spark-apps/data/raw/products.csv
4098,Product4098,sports,285.29,,2026-02-17T06:33:28.351Z,file:///opt/spark-apps/data/raw/products.csv
4099,Product4099,home,267.74,,2026-02-17T06:33:28.351Z,file:///opt/spark-apps/data/raw/products.csv
4100,Product4100,electronics,876.67,,2026-02-17T06:33:28.351Z,file:///opt/spark-apps/data/raw/products.csv
4101,Product4101,clothing,3295.49,,2026-02-17T06:33:28.351Z,file:///opt/spark-apps/data/raw/products.csv
4102,Product4102,home,2430.11,,2026-02-17T06:33:28.351Z,file:///opt/spark-apps/data/raw/products.csv
4103,Product4103,clothing,2072.83,,2026-02-17T06:33:28.351Z,file:///opt/spark-apps/data/raw/products.csv
4104,Product4104,electronics,1235.51,,2026-02-17T06:33:28.351Z,file:///opt/spark-apps/data/raw/products.csv
4105,Product4105,electronics,4483.37,,2026-02-17T06:33:28.351Z,file:///opt/spark-apps/data/raw/products.csv
4106,Product4106,clothing,4413.5,,2026-02-17T06:33:28.351Z,file:///opt/spark-apps/data/raw/products.csv
4107,Product4107,books,4753.33,,2026-02-17T06:33:28.351Z,file:///opt/spark-apps/data/raw/products.csv
4108,Product4108,sports,4543.19,,2026-02-17T06:33:28.351Z,file:///opt/spark-apps/data/raw/products.csv
4109,Product4109,sports,3897.18,,2026-02-17T06:33:28.351Z,file:///opt/spark-apps/data/raw/products.csv
4110,Product4110,home,3811.52,,2026-02-17T06:33:28.351Z,file:///opt/spark-apps/data/raw/products.csv
4111,Product4111,books,3450.19,,2026-02-17T06:33:28.351Z,file:///opt/spark-apps/data/raw/products.csv
4112,Product4112,sports,3373.36,,2026-02-17T06:33:28.351Z,file:///opt/spark-apps/data/raw/products.csv
4113,Product4113,clothing,315.27,,2026-02-17T06:33:28.351Z,file:///opt/spark-apps/data/raw/products.csv
4114,Product4114,electronics,2066.07,,2026-02-17T06:33:28.351Z,file:///opt/spark-apps/data/raw/products.csv
4115,Product4115,books,3299.23,,2026-02-17T06:33:28.351Z,file:///opt/spark-apps/data/raw/products.csv
4116,Product4116,home,2233.33,,2026-02-17T06:33:28.351Z,file:///opt/spark-apps/data/raw/products.csv
4117,Product4117,clothing,2042.0,,2026-02-17T06:33:28.351Z,file:///opt/spark-apps/data/raw/products.csv
4118,Product4118,clothing,2071.66,,2026-02-17T06:33:28.351Z,file:///opt/spark-apps/data/raw/products.csv
4119,Product4119,home,500.5,,2026-02-17T06:33:28.351Z,file:///opt/spark-apps/data/raw/products.csv
4120,Product4120,sports,2910.42,,2026-02-17T06:33:28.351Z,file:///opt/spark-apps/data/raw/products.csv
4121,Product4121,books,3937.59,,2026-02-17T06:33:28.351Z,file:///opt/spark-apps/data/raw/products.csv
4122,Product4122,home,2596.83,,2026-02-17T06:33:28.351Z,file:///opt/spark-apps/data/raw/products.csv
4123,Product4123,home,3787.67,,2026-02-17T06:33:28.351Z,file:///opt/spark-apps/data/raw/products.csv
4124,Product4124,clothing,4904.47,,2026-02-17T06:33:28.351Z,file:///opt/spark-apps/data/raw/products.csv
4125,Product4125,sports,1028.09,,2026-02-17T06:33:28.351Z,file:///opt/spark-apps/data/raw/products.csv
4126,Product4126,clothing,286.92,,2026-02-17T06:33:28.351Z,file:///opt/spark-apps/data/raw/products.csv
4127,Product4127,sports,4820.4,,2026-02-17T06:33:28.351Z,file:///opt/spark-apps/data/raw/products.csv
4128,Product4128,home,1805.26,,2026-02-17T06:33:28.351Z,file:///opt/spark-apps/data/raw/products.csv
4129,Product4129,sports,2485.6,,2026-02-17T06:33:28.351Z,file:///opt/spark-apps/data/raw/products.csv
4130,Product4130,electronics,1903.08,,2026-02-17T06:33:28.351Z,file:///opt/spark-apps/data/raw/products.csv
4131,Product4131,sports,21.22,,2026-02-17T06:33:28.351Z,file:///opt/spark-apps/data/raw/products.csv
4132,Product4132,electronics,4383.21,,2026-02-17T06:33:28.351Z,file:///opt/spark-apps/data/raw/products.csv
4133,Product4133,home,87.12,,2026-02-17T06:33:28.351Z,file:///opt/spark-apps/data/raw/products.csv
4134,Product4134,home,430.77,,2026-02-17T06:33:28.351Z,file:///opt/spark-apps/data/raw/products.csv
4135,Product4135,home,832.09,,2026-02-17T06:33:28.351Z,file:///opt/spark-apps/data/raw/products.csv
4136,Product4136,electronics,4593.05,,2026-02-17T06:33:28.351Z,file:///opt/spark-apps/data/raw/products.csv
4137,Product4137,sports,4733.59,,2026-02-17T06:33:28.351Z,file:///opt/spark-apps/data/raw/products.csv
4138,Product4138,books,3833.68,,2026-02-17T06:33:28.351Z,file:///opt/spark-apps/data/raw/products.csv
4139,Product4139,books,3655.13,,2026-02-17T06:33:28.351Z,file:///opt/spark-apps/data/raw/products.csv
4140,Product4140,home,1918.8,,2026-02-17T06:33:28.351Z,file:///opt/spark-apps/data/raw/products.csv
4141,Product4141,sports,4342.24,,2026-02-17T06:33:28.351Z,file:///opt/spark-apps/data/raw/products.csv
4142,Product4142,electronics,868.8,,2026-02-17T06:33:28.351Z,file:///opt/spark-apps/data/raw/products.csv
4143,Product4143,clothing,2676.0,,2026-02-17T06:33:28.351Z,file:///opt/spark-apps/data/raw/products.csv
4144,Product4144,books,4124.62,,2026-02-17T06:33:28.351Z,file:///opt/spark-apps/data/raw/products.csv
4145,Product4145,sports,1622.13,,2026-02-17T06:33:28.351Z,file:///opt/spark-apps/data/raw/products.csv
4146,Product4146,books,4173.43,,2026-02-17T06:33:28.351Z,file:///opt/spark-apps/data/raw/products.csv
4147,Product4147,books,2794.12,,2026-02-17T06:33:28.351Z,file:///opt/spark-apps/data/raw/products.csv
4148,Product4148,sports,1663.99,,2026-02-17T06:33:28.351Z,file:///opt/spark-apps/data/raw/products.csv
4149,Product4149,clothing,2677.2,,2026-02-17T06:33:28.351Z,file:///opt/spark-apps/data/raw/products.csv
4150,Product4150,books,578.46,,2026-02-17T06:33:28.351Z,file:///opt/spark-apps/data/raw/products.csv
4151,Product4151,books,2080.21,,2026-02-17T06:33:28.351Z,file:///opt/spark-apps/data/raw/products.csv
4152,Product4152,electronics,2985.85,,2026-02-17T06:33:28.351Z,file:///opt/spark-apps/data/raw/products.csv
4153,Product4153,sports,2558.73,,2026-02-17T06:33:28.351Z,file:///opt/spark-apps/data/raw/products.csv
4154,Product4154,clothing,3880.32,,2026-02-17T06:33:28.351Z,file:///opt/spark-apps/data/raw/products.csv
4155,Product4155,clothing,511.42,,2026-02-17T06:33:28.351Z,file:///opt/spark-apps/data/raw/products.csv
4156,Product4156,electronics,4484.11,,2026-02-17T06:33:28.351Z,file:///opt/spark-apps/data/raw/products.csv
4157,Product4157,electronics,4237.97,,2026-02-17T06:33:28.351Z,file:///opt/spark-apps/data/raw/products.csv
4158,Product4158,electronics,4554.11,,2026-02-17T06:33:28.351Z,file:///opt/spark-apps/data/raw/products.csv
4159,Product4159,books,3554.16,,2026-02-17T06:33:28.351Z,file:///opt/spark-apps/data/raw/products.csv
4160,Product4160,clothing,1030.23,,2026-02-17T06:33:28.351Z,file:///opt/spark-apps/data/raw/products.csv
4161,Product4161,sports,563.33,,2026-02-17T06:33:28.351Z,file:///opt/spark-apps/data/raw/products.csv
4162,Product4162,electronics,2864.45,,2026-02-17T06:33:28.351Z,file:///opt/spark-apps/data/raw/products.csv
4163,Product4163,home,805.15,,2026-02-17T06:33:28.351Z,file:///opt/spark-apps/data/raw/products.csv
4164,Product4164,clothing,2246.17,,2026-02-17T06:33:28.351Z,file:///opt/spark-apps/data/raw/products.csv
4165,Product4165,clothing,4911.65,,2026-02-17T06:33:28.351Z,file:///opt/spark-apps/data/raw/products.csv
4166,Product4166,sports,4085.1,,2026-02-17T06:33:28.351Z,file:///opt/spark-apps/data/raw/products.csv
4167,Product4167,home,1810.77,,2026-02-17T06:33:28.351Z,file:///opt/spark-apps/data/raw/products.csv
4168,Product4168,electronics,2206.65,,2026-02-17T06:33:28.351Z,file:///opt/spark-apps/data/raw/products.csv
4169,Product4169,home,3598.3,,2026-02-17T06:33:28.351Z,file:///opt/spark-apps/data/raw/products.csv
4170,Product4170,sports,2278.3,,2026-02-17T06:33:28.351Z,file:///opt/spark-apps/data/raw/products.csv
4171,Product4171,clothing,2433.96,,2026-02-17T06:33:28.351Z,file:///opt/spark-apps/data/raw/products.csv
4172,Product4172,home,2892.82,,2026-02-17T06:33:28.351Z,file:///opt/spark-apps/data/raw/products.csv
4173,Product4173,sports,4481.89,,2026-02-17T06:33:28.351Z,file:///opt/spark-apps/data/raw/products.csv
4174,Product4174,home,232.12,,2026-02-17T06:33:28.351Z,file:///opt/spark-apps/data/raw/products.csv
4175,Product4175,books,3367.3,,2026-02-17T06:33:28.351Z,file:///opt/spark-apps/data/raw/products.csv
4176,Product4176,home,4109.36,,2026-02-17T06:33:28.351Z,file:///opt/spark-apps/data/raw/products.csv
4177,Product4177,sports,889.13,,2026-02-17T06:33:28.351Z,file:///opt/spark-apps/data/raw/products.csv
4178,Product4178,electronics,792.03,,2026-02-17T06:33:28.351Z,file:///opt/spark-apps/data/raw/products.csv
4179,Product4179,books,3824.6,,2026-02-17T06:33:28.351Z,file:///opt/spark-apps/data/raw/products.csv
4180,Product4180,electronics,2310.73,,2026-02-17T06:33:28.351Z,file:///opt/spark-apps/data/raw/products.csv
4181,Product4181,clothing,3651.97,,2026-02-17T06:33:28.351Z,file:///opt/spark-apps/data/raw/products.csv
4182,Product4182,home,4296.36,,2026-02-17T06:33:28.351Z,file:///opt/spark-apps/data/raw/products.csv
4183,Product4183,home,3970.12,,2026-02-17T06:33:28.351Z,file:///opt/spark-apps/data/raw/products.csv
4184,Product4184,sports,1870.07,,2026-02-17T06:33:28.351Z,file:///opt/spark-apps/data/raw/products.csv
4185,Product4185,clothing,1159.38,,2026-02-17T06:33:28.351Z,file:///opt/spark-apps/data/raw/products.csv
4186,Product4186,electronics,954.92,,2026-02-17T06:33:28.351Z,file:///opt/spark-apps/data/raw/products.csv
4187,Product4187,electronics,4517.88,,2026-02-17T06:33:28.351Z,file:///opt/spark-apps/data/raw/products.csv
4188,Product4188,home,3132.51,,2026-02-17T06:33:28.351Z,file:///opt/spark-apps/data/raw/products.csv
4189,Product4189,electronics,358.89,,2026-02-17T06:33:28.351Z,file:///opt/spark-apps/data/raw/products.csv
4190,Product4190,home,4976.35,,2026-02-17T06:33:28.351Z,file:///opt/spark-apps/data/raw/products.csv
4191,Product4191,books,392.53,,2026-02-17T06:33:28.351Z,file:///opt/spark-apps/data/raw/products.csv
4192,Product4192,books,3787.62,,2026-02-17T06:33:28.351Z,file:///opt/spark-apps/data/raw/products.csv
4193,Product4193,sports,1817.78,,2026-02-17T06:33:28.351Z,file:///opt/spark-apps/data/raw/products.csv
4194,Product4194,electronics,722.27,,2026-02-17T06:33:28.351Z,file:///opt/spark-apps/data/raw/products.csv
4195,Product4195,home,4962.89,,2026-02-17T06:33:28.351Z,file:///opt/spark-apps/data/raw/products.csv
4196,Product4196,home,2378.32,,2026-02-17T06:33:28.351Z,file:///opt/spark-apps/data/raw/products.csv
4197,Product4197,books,4296.43,,2026-02-17T06:33:28.351Z,file:///opt/spark-apps/data/raw/products.csv
4198,Product4198,sports,900.82,,2026-02-17T06:33:28.351Z,file:///opt/spark-apps/data/raw/products.csv
4199,Product4199,clothing,2588.33,,2026-02-17T06:33:28.351Z,file:///opt/spark-apps/data/raw/products.csv
4200,Product4200,home,4045.04,,2026-02-17T06:33:28.351Z,file:///opt/spark-apps/data/raw/products.csv
4201,Product4201,books,3987.85,,2026-02-17T06:33:28.351Z,file:///opt/spark-apps/data/raw/products.csv
4202,Product4202,home,2064.08,,2026-02-17T06:33:28.351Z,file:///opt/spark-apps/data/raw/products.csv
4203,Product4203,home,3523.61,,2026-02-17T06:33:28.351Z,file:///opt/spark-apps/data/raw/products.csv
4204,Product4204,home,2217.57,,2026-02-17T06:33:28.351Z,file:///opt/spark-apps/data/raw/products.csv
4205,Product4205,electronics,1891.01,,2026-02-17T06:33:28.351Z,file:///opt/spark-apps/data/raw/products.csv
4206,Product4206,sports,4966.59,,2026-02-17T06:33:28.351Z,file:///opt/spark-apps/data/raw/products.csv
4207,Product4207,home,572.47,,2026-02-17T06:33:28.351Z,file:///opt/spark-apps/data/raw/products.csv
4208,Product4208,books,590.18,,2026-02-17T06:33:28.351Z,file:///opt/spark-apps/data/raw/products.csv
4209,Product4209,electronics,1659.63,,2026-02-17T06:33:28.351Z,file:///opt/spark-apps/data/raw/products.csv
4210,Product4210,home,4962.92,,2026-02-17T06:33:28.351Z,file:///opt/spark-apps/data/raw/products.csv
4211,Product4211,books,909.9,,2026-02-17T06:33:28.351Z,file:///opt/spark-apps/data/raw/products.csv
4212,Product4212,sports,4458.01,,2026-02-17T06:33:28.351Z,file:///opt/spark-apps/data/raw/products.csv
4213,Product4213,clothing,1529.42,,2026-02-17T06:33:28.351Z,file:///opt/spark-apps/data/raw/products.csv
4214,Product4214,home,139.32,,2026-02-17T06:33:28.351Z,file:///opt/spark-apps/data/raw/products.csv
4215,Product4215,sports,2764.56,,2026-02-17T06:33:28.351Z,file:///opt/spark-apps/data/raw/products.csv
4216,Product4216,books,616.05,,2026-02-17T06:33:28.351Z,file:///opt/spark-apps/data/raw/products.csv
4217,Product4217,books,3236.65,,2026-02-17T06:33:28.351Z,file:///opt/spark-apps/data/raw/products.csv
4218,Product4218,home,3828.61,,2026-02-17T06:33:28.351Z,file:///opt/spark-apps/data/raw/products.csv
4219,Product4219,home,333.41,,2026-02-17T06:33:28.351Z,file:///opt/spark-apps/data/raw/products.csv
4220,Product4220,clothing,4481.04,,2026-02-17T06:33:28.351Z,file:///opt/spark-apps/data/raw/products.csv
4221,Product4221,home,1015.74,,2026-02-17T06:33:28.351Z,file:///opt/spark-apps/data/raw/products.csv
4222,Product4222,clothing,608.12,,2026-02-17T06:33:28.351Z,file:///opt/spark-apps/data/raw/products.csv
4223,Product4223,home,1756.06,,2026-02-17T06:33:28.351Z,file:///opt/spark-apps/data/raw/products.csv
4224,Product4224,sports,944.48,,2026-02-17T06:33:28.351Z,file:///opt/spark-apps/data/raw/products.csv
4225,Product4225,sports,1007.13,,2026-02-17T06:33:28.351Z,file:///opt/spark-apps/data/raw/products.csv
4226,Product4226,clothing,4478.66,,2026-02-17T06:33:28.351Z,file:///opt/spark-apps/data/raw/products.csv
4227,Product4227,clothing,4042.6,,2026-02-17T06:33:28.351Z,file:///opt/spark-apps/data/raw/products.csv
4228,Product4228,electronics,4251.09,,2026-02-17T06:33:28.351Z,file:///opt/spark-apps/data/raw/products.csv
4229,Product4229,home,511.34,,2026-02-17T06:33:28.351Z,file:///opt/spark-apps/data/raw/products.csv
4230,Product4230,sports,4799.03,,2026-02-17T06:33:28.351Z,file:///opt/spark-apps/data/raw/products.csv
4231,Product4231,electronics,4031.21,,2026-02-17T06:33:28.351Z,file:///opt/spark-apps/data/raw/products.csv
4232,Product4232,home,2791.49,,2026-02-17T06:33:28.351Z,file:///opt/spark-apps/data/raw/products.csv
4233,Product4233,clothing,1245.62,,2026-02-17T06:33:28.351Z,file:///opt/spark-apps/data/raw/products.csv
4234,Product4234,home,3891.56,,2026-02-17T06:33:28.351Z,file:///opt/spark-apps/data/raw/products.csv
4235,Product4235,home,144.58,,2026-02-17T06:33:28.351Z,file:///opt/spark-apps/data/raw/products.csv
4236,Product4236,clothing,4855.65,,2026-02-17T06:33:28.351Z,file:///opt/spark-apps/data/raw/products.csv
4237,Product4237,electronics,3052.13,,2026-02-17T06:33:28.351Z,file:///opt/spark-apps/data/raw/products.csv
4238,Product4238,clothing,1116.43,,2026-02-17T06:33:28.351Z,file:///opt/spark-apps/data/raw/products.csv
4239,Product4239,books,3879.79,,2026-02-17T06:33:28.351Z,file:///opt/spark-apps/data/raw/products.csv
4240,Product4240,home,4150.41,,2026-02-17T06:33:28.351Z,file:///opt/spark-apps/data/raw/products.csv
4241,Product4241,clothing,3046.59,,2026-02-17T06:33:28.351Z,file:///opt/spark-apps/data/raw/products.csv
4242,Product4242,books,237.87,,2026-02-17T06:33:28.351Z,file:///opt/spark-apps/data/raw/products.csv
4243,Product4243,books,3644.31,,2026-02-17T06:33:28.351Z,file:///opt/spark-apps/data/raw/products.csv
4244,Product4244,books,272.89,,2026-02-17T06:33:28.351Z,file:///opt/spark-apps/data/raw/products.csv
4245,Product4245,clothing,4805.7,,2026-02-17T06:33:28.351Z,file:///opt/spark-apps/data/raw/products.csv
4246,Product4246,sports,4105.06,,2026-02-17T06:33:28.351Z,file:///opt/spark-apps/data/raw/products.csv
4247,Product4247,electronics,4701.27,,2026-02-17T06:33:28.351Z,file:///opt/spark-apps/data/raw/products.csv
4248,Product4248,home,3157.08,,2026-02-17T06:33:28.351Z,file:///opt/spark-apps/data/raw/products.csv
4249,Product4249,books,1576.36,,2026-02-17T06:33:28.351Z,file:///opt/spark-apps/data/raw/products.csv
4250,Product4250,electronics,4709.65,,2026-02-17T06:33:28.351Z,file:///opt/spark-apps/data/raw/products.csv
4251,Product4251,books,2745.81,,2026-02-17T06:33:28.351Z,file:///opt/spark-apps/data/raw/products.csv
4252,Product4252,sports,2927.1,,2026-02-17T06:33:28.351Z,file:///opt/spark-apps/data/raw/products.csv
4253,Product4253,home,3636.92,,2026-02-17T06:33:28.351Z,file:///opt/spark-apps/data/raw/products.csv
4254,Product4254,home,3777.22,,2026-02-17T06:33:28.351Z,file:///opt/spark-apps/data/raw/products.csv
4255,Product4255,electronics,4026.82,,2026-02-17T06:33:28.351Z,file:///opt/spark-apps/data/raw/products.csv
4256,Product4256,home,439.09,,2026-02-17T06:33:28.351Z,file:///opt/spark-apps/data/raw/products.csv
4257,Product4257,electronics,2518.19,,2026-02-17T06:33:28.351Z,file:///opt/spark-apps/data/raw/products.csv
4258,Product4258,clothing,4496.19,,2026-02-17T06:33:28.351Z,file:///opt/spark-apps/data/raw/products.csv
4259,Product4259,electronics,1652.2,,2026-02-17T06:33:28.351Z,file:///opt/spark-apps/data/raw/products.csv
4260,Product4260,sports,3307.08,,2026-02-17T06:33:28.351Z,file:///opt/spark-apps/data/raw/products.csv
4261,Product4261,electronics,2015.43,,2026-02-17T06:33:28.351Z,file:///opt/spark-apps/data/raw/products.csv
4262,Product4262,clothing,2556.73,,2026-02-17T06:33:28.351Z,file:///opt/spark-apps/data/raw/products.csv
4263,Product4263,sports,2140.58,,2026-02-17T06:33:28.351Z,file:///opt/spark-apps/data/raw/products.csv
4264,Product4264,sports,1367.82,,2026-02-17T06:33:28.351Z,file:///opt/spark-apps/data/raw/products.csv
4265,Product4265,sports,1872.96,,2026-02-17T06:33:28.351Z,file:///opt/spark-apps/data/raw/products.csv
4266,Product4266,clothing,1089.77,,2026-02-17T06:33:28.351Z,file:///opt/spark-apps/data/raw/products.csv
4267,Product4267,sports,1595.44,,2026-02-17T06:33:28.351Z,file:///opt/spark-apps/data/raw/products.csv
4268,Product4268,books,4111.03,,2026-02-17T06:33:28.351Z,file:///opt/spark-apps/data/raw/products.csv
4269,Product4269,sports,4894.32,,2026-02-17T06:33:28.351Z,file:///opt/spark-apps/data/raw/products.csv
4270,Product4270,sports,391.78,,2026-02-17T06:33:28.351Z,file:///opt/spark-apps/data/raw/products.csv
4271,Product4271,sports,3997.51,,2026-02-17T06:33:28.351Z,file:///opt/spark-apps/data/raw/products.csv
4272,Product4272,clothing,1767.32,,2026-02-17T06:33:28.351Z,file:///opt/spark-apps/data/raw/products.csv
4273,Product4273,clothing,4994.56,,2026-02-17T06:33:28.351Z,file:///opt/spark-apps/data/raw/products.csv
4274,Product4274,clothing,4399.06,,2026-02-17T06:33:28.351Z,file:///opt/spark-apps/data/raw/products.csv
4275,Product4275,electronics,4749.61,,2026-02-17T06:33:28.351Z,file:///opt/spark-apps/data/raw/products.csv
4276,Product4276,clothing,1335.87,,2026-02-17T06:33:28.351Z,file:///opt/spark-apps/data/raw/products.csv
4277,Product4277,books,727.95,,2026-02-17T06:33:28.351Z,file:///opt/spark-apps/data/raw/products.csv
4278,Product4278,books,2769.34,,2026-02-17T06:33:28.351Z,file:///opt/spark-apps/data/raw/products.csv
4279,Product4279,electronics,3991.55,,2026-02-17T06:33:28.351Z,file:///opt/spark-apps/data/raw/products.csv
4280,Product4280,books,3372.8,,2026-02-17T06:33:28.351Z,file:///opt/spark-apps/data/raw/products.csv
4281,Product4281,sports,4129.39,,2026-02-17T06:33:28.351Z,file:///opt/spark-apps/data/raw/products.csv
4282,Product4282,electronics,1982.74,,2026-02-17T06:33:28.351Z,file:///opt/spark-apps/data/raw/products.csv
4283,Product4283,sports,1681.25,,2026-02-17T06:33:28.351Z,file:///opt/spark-apps/data/raw/products.csv
4284,Product4284,sports,4430.33,,2026-02-17T06:33:28.351Z,file:///opt/spark-apps/data/raw/products.csv
4285,Product4285,books,1137.65,,2026-02-17T06:33:28.351Z,file:///opt/spark-apps/data/raw/products.csv
4286,Product4286,home,4996.28,,2026-02-17T06:33:28.351Z,file:///opt/spark-apps/data/raw/products.csv
4287,Product4287,sports,2402.04,,2026-02-17T06:33:28.351Z,file:///opt/spark-apps/data/raw/products.csv
4288,Product4288,home,2616.53,,2026-02-17T06:33:28.351Z,file:///opt/spark-apps/data/raw/products.csv
4289,Product4289,books,745.39,,2026-02-17T06:33:28.351Z,file:///opt/spark-apps/data/raw/products.csv
4290,Product4290,clothing,3423.83,,2026-02-17T06:33:28.351Z,file:///opt/spark-apps/data/raw/products.csv
4291,Product4291,books,2528.62,,2026-02-17T06:33:28.351Z,file:///opt/spark-apps/data/raw/products.csv
4292,Product4292,clothing,2002.72,,2026-02-17T06:33:28.351Z,file:///opt/spark-apps/data/raw/products.csv
4293,Product4293,books,3238.68,,2026-02-17T06:33:28.351Z,file:///opt/spark-apps/data/raw/products.csv
4294,Product4294,sports,4631.17,,2026-02-17T06:33:28.351Z,file:///opt/spark-apps/data/raw/products.csv
4295,Product4295,home,4297.34,,2026-02-17T06:33:28.351Z,file:///opt/spark-apps/data/raw/products.csv
4296,Product4296,home,1396.63,,2026-02-17T06:33:28.351Z,file:///opt/spark-apps/data/raw/products.csv
4297,Product4297,electronics,2433.41,,2026-02-17T06:33:28.351Z,file:///opt/spark-apps/data/raw/products.csv
4298,Product4298,books,342.02,,2026-02-17T06:33:28.351Z,file:///opt/spark-apps/data/raw/products.csv
4299,Product4299,home,4858.31,,2026-02-17T06:33:28.351Z,file:///opt/spark-apps/data/raw/products.csv
4300,Product4300,sports,929.69,,2026-02-17T06:33:28.351Z,file:///opt/spark-apps/data/raw/products.csv
4301,Product4301,electronics,1407.52,,2026-02-17T06:33:28.351Z,file:///opt/spark-apps/data/raw/products.csv
4302,Product4302,books,4949.22,,2026-02-17T06:33:28.351Z,file:///opt/spark-apps/data/raw/products.csv
4303,Product4303,electronics,917.52,,2026-02-17T06:33:28.351Z,file:///opt/spark-apps/data/raw/products.csv
4304,Product4304,electronics,3009.56,,2026-02-17T06:33:28.351Z,file:///opt/spark-apps/data/raw/products.csv
4305,Product4305,books,3082.55,,2026-02-17T06:33:28.351Z,file:///opt/spark-apps/data/raw/products.csv
4306,Product4306,sports,2437.31,,2026-02-17T06:33:28.351Z,file:///opt/spark-apps/data/raw/products.csv
4307,Product4307,home,1629.26,,2026-02-17T06:33:28.351Z,file:///opt/spark-apps/data/raw/products.csv
4308,Product4308,clothing,1679.96,,2026-02-17T06:33:28.351Z,file:///opt/spark-apps/data/raw/products.csv
4309,Product4309,electronics,316.12,,2026-02-17T06:33:28.351Z,file:///opt/spark-apps/data/raw/products.csv
4310,Product4310,sports,1400.63,,2026-02-17T06:33:28.351Z,file:///opt/spark-apps/data/raw/products.csv
4311,Product4311,electronics,2765.06,,2026-02-17T06:33:28.351Z,file:///opt/spark-apps/data/raw/products.csv
4312,Product4312,sports,4054.59,,2026-02-17T06:33:28.351Z,file:///opt/spark-apps/data/raw/products.csv
4313,Product4313,home,4182.67,,2026-02-17T06:33:28.351Z,file:///opt/spark-apps/data/raw/products.csv
4314,Product4314,home,2033.9,,2026-02-17T06:33:28.351Z,file:///opt/spark-apps/data/raw/products.csv
4315,Product4315,home,3309.8,,2026-02-17T06:33:28.351Z,file:///opt/spark-apps/data/raw/products.csv
4316,Product4316,home,3184.67,,2026-02-17T06:33:28.351Z,file:///opt/spark-apps/data/raw/products.csv
4317,Product4317,electronics,2545.33,,2026-02-17T06:33:28.351Z,file:///opt/spark-apps/data/raw/products.csv
4318,Product4318,home,4563.22,,2026-02-17T06:33:28.351Z,file:///opt/spark-apps/data/raw/products.csv
4319,Product4319,electronics,1693.51,,2026-02-17T06:33:28.351Z,file:///opt/spark-apps/data/raw/products.csv
4320,Product4320,home,3724.25,,2026-02-17T06:33:28.351Z,file:///opt/spark-apps/data/raw/products.csv
4321,Product4321,electronics,15.34,,2026-02-17T06:33:28.351Z,file:///opt/spark-apps/data/raw/products.csv
4322,Product4322,sports,239.57,,2026-02-17T06:33:28.351Z,file:///opt/spark-apps/data/raw/products.csv
4323,Product4323,clothing,4180.15,,2026-02-17T06:33:28.351Z,file:///opt/spark-apps/data/raw/products.csv
4324,Product4324,electronics,62.1,,2026-02-17T06:33:28.351Z,file:///opt/spark-apps/data/raw/products.csv
4325,Product4325,sports,2231.63,,2026-02-17T06:33:28.351Z,file:///opt/spark-apps/data/raw/products.csv
4326,Product4326,sports,3917.93,,2026-02-17T06:33:28.351Z,file:///opt/spark-apps/data/raw/products.csv
4327,Product4327,clothing,3764.52,,2026-02-17T06:33:28.351Z,file:///opt/spark-apps/data/raw/products.csv
4328,Product4328,home,3959.36,,2026-02-17T06:33:28.351Z,file:///opt/spark-apps/data/raw/products.csv
4329,Product4329,sports,1391.29,,2026-02-17T06:33:28.351Z,file:///opt/spark-apps/data/raw/products.csv
4330,Product4330,home,1337.34,,2026-02-17T06:33:28.351Z,file:///opt/spark-apps/data/raw/products.csv
4331,Product4331,electronics,458.97,,2026-02-17T06:33:28.351Z,file:///opt/spark-apps/data/raw/products.csv
4332,Product4332,sports,1505.32,,2026-02-17T06:33:28.351Z,file:///opt/spark-apps/data/raw/products.csv
4333,Product4333,electronics,4232.07,,2026-02-17T06:33:28.351Z,file:///opt/spark-apps/data/raw/products.csv
4334,Product4334,home,871.47,,2026-02-17T06:33:28.351Z,file:///opt/spark-apps/data/raw/products.csv
4335,Product4335,sports,4474.25,,2026-02-17T06:33:28.351Z,file:///opt/spark-apps/data/raw/products.csv
4336,Product4336,electronics,4342.64,,2026-02-17T06:33:28.351Z,file:///opt/spark-apps/data/raw/products.csv
4337,Product4337,electronics,881.1,,2026-02-17T06:33:28.351Z,file:///opt/spark-apps/data/raw/products.csv
4338,Product4338,electronics,62.83,,2026-02-17T06:33:28.351Z,file:///opt/spark-apps/data/raw/products.csv
4339,Product4339,clothing,1726.78,,2026-02-17T06:33:28.351Z,file:///opt/spark-apps/data/raw/products.csv
4340,Product4340,books,1236.02,,2026-02-17T06:33:28.351Z,file:///opt/spark-apps/data/raw/products.csv
4341,Product4341,home,1119.2,,2026-02-17T06:33:28.351Z,file:///opt/spark-apps/data/raw/products.csv
4342,Product4342,books,3929.57,,2026-02-17T06:33:28.351Z,file:///opt/spark-apps/data/raw/products.csv
4343,Product4343,clothing,1393.63,,2026-02-17T06:33:28.351Z,file:///opt/spark-apps/data/raw/products.csv
4344,Product4344,sports,4030.79,,2026-02-17T06:33:28.351Z,file:///opt/spark-apps/data/raw/products.csv
4345,Product4345,home,1807.26,,2026-02-17T06:33:28.351Z,file:///opt/spark-apps/data/raw/products.csv
4346,Product4346,books,2199.68,,2026-02-17T06:33:28.351Z,file:///opt/spark-apps/data/raw/products.csv
4347,Product4347,home,4316.12,,2026-02-17T06:33:28.351Z,file:///opt/spark-apps/data/raw/products.csv
4348,Product4348,sports,3265.31,,2026-02-17T06:33:28.351Z,file:///opt/spark-apps/data/raw/products.csv
4349,Product4349,books,151.5,,2026-02-17T06:33:28.351Z,file:///opt/spark-apps/data/raw/products.csv
4350,Product4350,electronics,4604.92,,2026-02-17T06:33:28.351Z,file:///opt/spark-apps/data/raw/products.csv
4351,Product4351,sports,3245.38,,2026-02-17T06:33:28.351Z,file:///opt/spark-apps/data/raw/products.csv
4352,Product4352,electronics,2499.27,,2026-02-17T06:33:28.351Z,file:///opt/spark-apps/data/raw/products.csv
4353,Product4353,electronics,2017.54,,2026-02-17T06:33:28.351Z,file:///opt/spark-apps/data/raw/products.csv
4354,Product4354,electronics,3930.8,,2026-02-17T06:33:28.351Z,file:///opt/spark-apps/data/raw/products.csv
4355,Product4355,sports,4375.04,,2026-02-17T06:33:28.351Z,file:///opt/spark-apps/data/raw/products.csv
4356,Product4356,home,648.33,,2026-02-17T06:33:28.351Z,file:///opt/spark-apps/data/raw/products.csv
4357,Product4357,clothing,2575.62,,2026-02-17T06:33:28.351Z,file:///opt/spark-apps/data/raw/products.csv
4358,Product4358,books,1837.3,,2026-02-17T06:33:28.351Z,file:///opt/spark-apps/data/raw/products.csv
4359,Product4359,home,1248.83,,2026-02-17T06:33:28.351Z,file:///opt/spark-apps/data/raw/products.csv
4360,Product4360,sports,1373.25,,2026-02-17T06:33:28.351Z,file:///opt/spark-apps/data/raw/products.csv
4361,Product4361,books,2793.39,,2026-02-17T06:33:28.351Z,file:///opt/spark-apps/data/raw/products.csv
4362,Product4362,electronics,773.16,,2026-02-17T06:33:28.351Z,file:///opt/spark-apps/data/raw/products.csv
4363,Product4363,home,2638.96,,2026-02-17T06:33:28.351Z,file:///opt/spark-apps/data/raw/products.csv
4364,Product4364,sports,2732.03,,2026-02-17T06:33:28.351Z,file:///opt/spark-apps/data/raw/products.csv
4365,Product4365,home,2475.47,,2026-02-17T06:33:28.351Z,file:///opt/spark-apps/data/raw/products.csv
4366,Product4366,electronics,2149.27,,2026-02-17T06:33:28.351Z,file:///opt/spark-apps/data/raw/products.csv
4367,Product4367,clothing,510.52,,2026-02-17T06:33:28.351Z,file:///opt/spark-apps/data/raw/products.csv
4368,Product4368,books,1975.08,,2026-02-17T06:33:28.351Z,file:///opt/spark-apps/data/raw/products.csv
4369,Product4369,home,1274.21,,2026-02-17T06:33:28.351Z,file:///opt/spark-apps/data/raw/products.csv
4370,Product4370,electronics,1277.87,,2026-02-17T06:33:28.351Z,file:///opt/spark-apps/data/raw/products.csv
4371,Product4371,clothing,3646.67,,2026-02-17T06:33:28.351Z,file:///opt/spark-apps/data/raw/products.csv
4372,Product4372,home,322.59,,2026-02-17T06:33:28.351Z,file:///opt/spark-apps/data/raw/products.csv
4373,Product4373,clothing,616.46,,2026-02-17T06:33:28.351Z,file:///opt/spark-apps/data/raw/products.csv
4374,Product4374,electronics,1340.15,,2026-02-17T06:33:28.351Z,file:///opt/spark-apps/data/raw/products.csv
4375,Product4375,electronics,1501.16,,2026-02-17T06:33:28.351Z,file:///opt/spark-apps/data/raw/products.csv
4376,Product4376,home,855.23,,2026-02-17T06:33:28.351Z,file:///opt/spark-apps/data/raw/products.csv
4377,Product4377,books,342.98,,2026-02-17T06:33:28.351Z,file:///opt/spark-apps/data/raw/products.csv
4378,Product4378,books,3369.71,,2026-02-17T06:33:28.351Z,file:///opt/spark-apps/data/raw/products.csv
4379,Product4379,books,2349.37,,2026-02-17T06:33:28.351Z,file:///opt/spark-apps/data/raw/products.csv
4380,Product4380,home,2062.41,,2026-02-17T06:33:28.351Z,file:///opt/spark-apps/data/raw/products.csv
4381,Product4381,books,4783.6,,2026-02-17T06:33:28.351Z,file:///opt/spark-apps/data/raw/products.csv
4382,Product4382,sports,643.12,,2026-02-17T06:33:28.351Z,file:///opt/spark-apps/data/raw/products.csv
4383,Product4383,books,3049.6,,2026-02-17T06:33:28.351Z,file:///opt/spark-apps/data/raw/products.csv
4384,Product4384,clothing,3416.06,,2026-02-17T06:33:28.351Z,file:///opt/spark-apps/data/raw/products.csv
4385,Product4385,clothing,4911.54,,2026-02-17T06:33:28.351Z,file:///opt/spark-apps/data/raw/products.csv
4386,Product4386,books,2088.21,,2026-02-17T06:33:28.351Z,file:///opt/spark-apps/data/raw/products.csv
4387,Product4387,sports,1875.92,,2026-02-17T06:33:28.351Z,file:///opt/spark-apps/data/raw/products.csv
4388,Product4388,electronics,3530.1,,2026-02-17T06:33:28.351Z,file:///opt/spark-apps/data/raw/products.csv
4389,Product4389,sports,1851.05,,2026-02-17T06:33:28.351Z,file:///opt/spark-apps/data/raw/products.csv
4390,Product4390,books,944.93,,2026-02-17T06:33:28.351Z,file:///opt/spark-apps/data/raw/products.csv
4391,Product4391,books,4234.14,,2026-02-17T06:33:28.351Z,file:///opt/spark-apps/data/raw/products.csv
4392,Product4392,sports,1060.25,,2026-02-17T06:33:28.351Z,file:///opt/spark-apps/data/raw/products.csv
4393,Product4393,books,3898.3,,2026-02-17T06:33:28.351Z,file:///opt/spark-apps/data/raw/products.csv
4394,Product4394,clothing,1196.52,,2026-02-17T06:33:28.351Z,file:///opt/spark-apps/data/raw/products.csv
4395,Product4395,books,4317.29,,2026-02-17T06:33:28.351Z,file:///opt/spark-apps/data/raw/products.csv
4396,Product4396,sports,516.9,,2026-02-17T06:33:28.351Z,file:///opt/spark-apps/data/raw/products.csv
4397,Product4397,home,1047.6,,2026-02-17T06:33:28.351Z,file:///opt/spark-apps/data/raw/products.csv
4398,Product4398,sports,3326.23,,2026-02-17T06:33:28.351Z,file:///opt/spark-apps/data/raw/products.csv
4399,Product4399,home,4999.09,,2026-02-17T06:33:28.351Z,file:///opt/spark-apps/data/raw/products.csv
4400,Product4400,sports,3903.86,,2026-02-17T06:33:28.351Z,file:///opt/spark-apps/data/raw/products.csv
4401,Product4401,clothing,3019.84,,2026-02-17T06:33:28.351Z,file:///opt/spark-apps/data/raw/products.csv
4402,Product4402,sports,1133.66,,2026-02-17T06:33:28.351Z,file:///opt/spark-apps/data/raw/products.csv
4403,Product4403,home,4858.46,,2026-02-17T06:33:28.351Z,file:///opt/spark-apps/data/raw/products.csv
4404,Product4404,books,1844.82,,2026-02-17T06:33:28.351Z,file:///opt/spark-apps/data/raw/products.csv
4405,Product4405,clothing,2719.21,,2026-02-17T06:33:28.351Z,file:///opt/spark-apps/data/raw/products.csv
4406,Product4406,books,2263.29,,2026-02-17T06:33:28.351Z,file:///opt/spark-apps/data/raw/products.csv
4407,Product4407,books,63.96,,2026-02-17T06:33:28.351Z,file:///opt/spark-apps/data/raw/products.csv
4408,Product4408,sports,1765.94,,2026-02-17T06:33:28.351Z,file:///opt/spark-apps/data/raw/products.csv
4409,Product4409,home,4428.97,,2026-02-17T06:33:28.351Z,file:///opt/spark-apps/data/raw/products.csv
4410,Product4410,home,252.81,,2026-02-17T06:33:28.351Z,file:///opt/spark-apps/data/raw/products.csv
4411,Product4411,clothing,4729.3,,2026-02-17T06:33:28.351Z,file:///opt/spark-apps/data/raw/products.csv
4412,Product4412,books,708.87,,2026-02-17T06:33:28.351Z,file:///opt/spark-apps/data/raw/products.csv
4413,Product4413,sports,1688.25,,2026-02-17T06:33:28.351Z,file:///opt/spark-apps/data/raw/products.csv
4414,Product4414,books,2644.87,,2026-02-17T06:33:28.351Z,file:///opt/spark-apps/data/raw/products.csv
4415,Product4415,home,403.05,,2026-02-17T06:33:28.351Z,file:///opt/spark-apps/data/raw/products.csv
4416,Product4416,books,1389.36,,2026-02-17T06:33:28.351Z,file:///opt/spark-apps/data/raw/products.csv
4417,Product4417,home,1264.7,,2026-02-17T06:33:28.351Z,file:///opt/spark-apps/data/raw/products.csv
4418,Product4418,clothing,2797.65,,2026-02-17T06:33:28.351Z,file:///opt/spark-apps/data/raw/products.csv
4419,Product4419,sports,4535.35,,2026-02-17T06:33:28.351Z,file:///opt/spark-apps/data/raw/products.csv
4420,Product4420,electronics,4487.59,,2026-02-17T06:33:28.351Z,file:///opt/spark-apps/data/raw/products.csv
4421,Product4421,electronics,2057.36,,2026-02-17T06:33:28.351Z,file:///opt/spark-apps/data/raw/products.csv
4422,Product4422,sports,2365.86,,2026-02-17T06:33:28.351Z,file:///opt/spark-apps/data/raw/products.csv
4423,Product4423,electronics,3705.13,,2026-02-17T06:33:28.351Z,file:///opt/spark-apps/data/raw/products.csv
4424,Product4424,sports,1926.54,,2026-02-17T06:33:28.351Z,file:///opt/spark-apps/data/raw/products.csv
4425,Product4425,clothing,2717.04,,2026-02-17T06:33:28.351Z,file:///opt/spark-apps/data/raw/products.csv
4426,Product4426,books,4401.42,,2026-02-17T06:33:28.351Z,file:///opt/spark-apps/data/raw/products.csv
4427,Product4427,books,69.93,,2026-02-17T06:33:28.351Z,file:///opt/spark-apps/data/raw/products.csv
4428,Product4428,books,1896.16,,2026-02-17T06:33:28.351Z,file:///opt/spark-apps/data/raw/products.csv
4429,Product4429,sports,3488.84,,2026-02-17T06:33:28.351Z,file:///opt/spark-apps/data/raw/products.csv
4430,Product4430,clothing,1457.54,,2026-02-17T06:33:28.351Z,file:///opt/spark-apps/data/raw/products.csv
4431,Product4431,home,4703.02,,2026-02-17T06:33:28.351Z,file:///opt/spark-apps/data/raw/products.csv
4432,Product4432,clothing,861.34,,2026-02-17T06:33:28.351Z,file:///opt/spark-apps/data/raw/products.csv
4433,Product4433,electronics,3663.23,,2026-02-17T06:33:28.351Z,file:///opt/spark-apps/data/raw/products.csv
4434,Product4434,home,4523.74,,2026-02-17T06:33:28.351Z,file:///opt/spark-apps/data/raw/products.csv
4435,Product4435,clothing,3066.52,,2026-02-17T06:33:28.351Z,file:///opt/spark-apps/data/raw/products.csv
4436,Product4436,clothing,1092.3,,2026-02-17T06:33:28.351Z,file:///opt/spark-apps/data/raw/products.csv
4437,Product4437,electronics,4092.32,,2026-02-17T06:33:28.351Z,file:///opt/spark-apps/data/raw/products.csv
4438,Product4438,sports,3763.42,,2026-02-17T06:33:28.351Z,file:///opt/spark-apps/data/raw/products.csv
4439,Product4439,sports,1653.89,,2026-02-17T06:33:28.351Z,file:///opt/spark-apps/data/raw/products.csv
4440,Product4440,electronics,2274.84,,2026-02-17T06:33:28.351Z,file:///opt/spark-apps/data/raw/products.csv
4441,Product4441,sports,2696.83,,2026-02-17T06:33:28.351Z,file:///opt/spark-apps/data/raw/products.csv
4442,Product4442,electronics,90.96,,2026-02-17T06:33:28.351Z,file:///opt/spark-apps/data/raw/products.csv
4443,Product4443,sports,921.65,,2026-02-17T06:33:28.351Z,file:///opt/spark-apps/data/raw/products.csv
4444,Product4444,electronics,155.4,,2026-02-17T06:33:28.351Z,file:///opt/spark-apps/data/raw/products.csv
4445,Product4445,sports,2795.46,,2026-02-17T06:33:28.351Z,file:///opt/spark-apps/data/raw/products.csv
4446,Product4446,electronics,4604.55,,2026-02-17T06:33:28.351Z,file:///opt/spark-apps/data/raw/products.csv
4447,Product4447,electronics,2994.29,,2026-02-17T06:33:28.351Z,file:///opt/spark-apps/data/raw/products.csv
4448,Product4448,books,3812.34,,2026-02-17T06:33:28.351Z,file:///opt/spark-apps/data/raw/products.csv
4449,Product4449,sports,1513.46,,2026-02-17T06:33:28.351Z,file:///opt/spark-apps/data/raw/products.csv
4450,Product4450,clothing,4555.98,,2026-02-17T06:33:28.351Z,file:///opt/spark-apps/data/raw/products.csv
4451,Product4451,sports,575.78,,2026-02-17T06:33:28.351Z,file:///opt/spark-apps/data/raw/products.csv
4452,Product4452,books,2859.89,,2026-02-17T06:33:28.351Z,file:///opt/spark-apps/data/raw/products.csv
4453,Product4453,sports,1299.75,,2026-02-17T06:33:28.351Z,file:///opt/spark-apps/data/raw/products.csv
4454,Product4454,clothing,3660.43,,2026-02-17T06:33:28.351Z,file:///opt/spark-apps/data/raw/products.csv
4455,Product4455,books,893.4,,2026-02-17T06:33:28.351Z,file:///opt/spark-apps/data/raw/products.csv
4456,Product4456,clothing,3673.25,,2026-02-17T06:33:28.351Z,file:///opt/spark-apps/data/raw/products.csv
4457,Product4457,sports,2168.72,,2026-02-17T06:33:28.351Z,file:///opt/spark-apps/data/raw/products.csv
4458,Product4458,sports,4705.64,,2026-02-17T06:33:28.351Z,file:///opt/spark-apps/data/raw/products.csv
4459,Product4459,home,789.38,,2026-02-17T06:33:28.351Z,file:///opt/spark-apps/data/raw/products.csv
4460,Product4460,sports,3097.09,,2026-02-17T06:33:28.351Z,file:///opt/spark-apps/data/raw/products.csv
4461,Product4461,books,288.52,,2026-02-17T06:33:28.351Z,file:///opt/spark-apps/data/raw/products.csv
4462,Product4462,electronics,4037.94,,2026-02-17T06:33:28.351Z,file:///opt/spark-apps/data/raw/products.csv
4463,Product4463,home,176.78,,2026-02-17T06:33:28.351Z,file:///opt/spark-apps/data/raw/products.csv
4464,Product4464,home,1649.81,,2026-02-17T06:33:28.351Z,file:///opt/spark-apps/data/raw/products.csv
4465,Product4465,clothing,1365.35,,2026-02-17T06:33:28.351Z,file:///opt/spark-apps/data/raw/products.csv
4466,Product4466,electronics,1228.81,,2026-02-17T06:33:28.351Z,file:///opt/spark-apps/data/raw/products.csv
4467,Product4467,clothing,2501.12,,2026-02-17T06:33:28.351Z,file:///opt/spark-apps/data/raw/products.csv
4468,Product4468,clothing,4153.51,,2026-02-17T06:33:28.351Z,file:///opt/spark-apps/data/raw/products.csv
4469,Product4469,books,43.89,,2026-02-17T06:33:28.351Z,file:///opt/spark-apps/data/raw/products.csv
4470,Product4470,clothing,4361.21,,2026-02-17T06:33:28.351Z,file:///opt/spark-apps/data/raw/products.csv
4471,Product4471,books,501.81,,2026-02-17T06:33:28.351Z,file:///opt/spark-apps/data/raw/products.csv
4472,Product4472,electronics,3873.89,,2026-02-17T06:33:28.351Z,file:///opt/spark-apps/data/raw/products.csv
4473,Product4473,books,943.87,,2026-02-17T06:33:28.351Z,file:///opt/spark-apps/data/raw/products.csv
4474,Product4474,electronics,591.76,,2026-02-17T06:33:28.351Z,file:///opt/spark-apps/data/raw/products.csv
4475,Product4475,clothing,554.8,,2026-02-17T06:33:28.351Z,file:///opt/spark-apps/data/raw/products.csv
4476,Product4476,home,1319.95,,2026-02-17T06:33:28.351Z,file:///opt/spark-apps/data/raw/products.csv
4477,Product4477,sports,3408.78,,2026-02-17T06:33:28.351Z,file:///opt/spark-apps/data/raw/products.csv
4478,Product4478,home,2466.21,,2026-02-17T06:33:28.351Z,file:///opt/spark-apps/data/raw/products.csv
4479,Product4479,electronics,4593.56,,2026-02-17T06:33:28.351Z,file:///opt/spark-apps/data/raw/products.csv
4480,Product4480,home,2485.09,,2026-02-17T06:33:28.351Z,file:///opt/spark-apps/data/raw/products.csv
4481,Product4481,sports,4751.57,,2026-02-17T06:33:28.351Z,file:///opt/spark-apps/data/raw/products.csv
4482,Product4482,books,1446.86,,2026-02-17T06:33:28.351Z,file:///opt/spark-apps/data/raw/products.csv
4483,Product4483,books,584.1,,2026-02-17T06:33:28.351Z,file:///opt/spark-apps/data/raw/products.csv
4484,Product4484,electronics,4785.21,,2026-02-17T06:33:28.351Z,file:///opt/spark-apps/data/raw/products.csv
4485,Product4485,clothing,1376.0,,2026-02-17T06:33:28.351Z,file:///opt/spark-apps/data/raw/products.csv
4486,Product4486,books,3937.49,,2026-02-17T06:33:28.351Z,file:///opt/spark-apps/data/raw/products.csv
4487,Product4487,electronics,4092.07,,2026-02-17T06:33:28.351Z,file:///opt/spark-apps/data/raw/products.csv
4488,Product4488,books,1461.53,,2026-02-17T06:33:28.351Z,file:///opt/spark-apps/data/raw/products.csv
4489,Product4489,clothing,4750.5,,2026-02-17T06:33:28.351Z,file:///opt/spark-apps/data/raw/products.csv
4490,Product4490,home,1705.94,,2026-02-17T06:33:28.351Z,file:///opt/spark-apps/data/raw/products.csv
4491,Product4491,sports,1624.33,,2026-02-17T06:33:28.351Z,file:///opt/spark-apps/data/raw/products.csv
4492,Product4492,books,2780.72,,2026-02-17T06:33:28.351Z,file:///opt/spark-apps/data/raw/products.csv
4493,Product4493,electronics,1271.72,,2026-02-17T06:33:28.351Z,file:///opt/spark-apps/data/raw/products.csv
4494,Product4494,books,1658.98,,2026-02-17T06:33:28.351Z,file:///opt/spark-apps/data/raw/products.csv
4495,Product4495,books,3896.52,,2026-02-17T06:33:28.351Z,file:///opt/spark-apps/data/raw/products.csv
4496,Product4496,electronics,3908.81,,2026-02-17T06:33:28.351Z,file:///opt/spark-apps/data/raw/products.csv
4497,Product4497,electronics,1165.79,,2026-02-17T06:33:28.351Z,file:///opt/spark-apps/data/raw/products.csv
4498,Product4498,home,4535.34,,2026-02-17T06:33:28.351Z,file:///opt/spark-apps/data/raw/products.csv
4499,Product4499,home,462.99,,2026-02-17T06:33:28.351Z,file:///opt/spark-apps/data/raw/products.csv
4500,Product4500,sports,455.66,,2026-02-17T06:33:28.351Z,file:///opt/spark-apps/data/raw/products.csv
4501,Product4501,home,3092.37,,2026-02-17T06:33:28.351Z,file:///opt/spark-apps/data/raw/products.csv
4502,Product4502,books,1228.35,,2026-02-17T06:33:28.351Z,file:///opt/spark-apps/data/raw/products.csv
4503,Product4503,home,969.24,,2026-02-17T06:33:28.351Z,file:///opt/spark-apps/data/raw/products.csv
4504,Product4504,electronics,2652.17,,2026-02-17T06:33:28.351Z,file:///opt/spark-apps/data/raw/products.csv
4505,Product4505,books,4585.32,,2026-02-17T06:33:28.351Z,file:///opt/spark-apps/data/raw/products.csv
4506,Product4506,electronics,4419.19,,2026-02-17T06:33:28.351Z,file:///opt/spark-apps/data/raw/products.csv
4507,Product4507,home,1930.52,,2026-02-17T06:33:28.351Z,file:///opt/spark-apps/data/raw/products.csv
4508,Product4508,books,2092.64,,2026-02-17T06:33:28.351Z,file:///opt/spark-apps/data/raw/products.csv
4509,Product4509,sports,4583.31,,2026-02-17T06:33:28.351Z,file:///opt/spark-apps/data/raw/products.csv
4510,Product4510,clothing,1804.44,,2026-02-17T06:33:28.351Z,file:///opt/spark-apps/data/raw/products.csv
4511,Product4511,clothing,1033.55,,2026-02-17T06:33:28.351Z,file:///opt/spark-apps/data/raw/products.csv
4512,Product4512,home,3363.09,,2026-02-17T06:33:28.351Z,file:///opt/spark-apps/data/raw/products.csv
4513,Product4513,electronics,3367.04,,2026-02-17T06:33:28.351Z,file:///opt/spark-apps/data/raw/products.csv
4514,Product4514,home,4186.4,,2026-02-17T06:33:28.351Z,file:///opt/spark-apps/data/raw/products.csv
4515,Product4515,electronics,4132.62,,2026-02-17T06:33:28.351Z,file:///opt/spark-apps/data/raw/products.csv
4516,Product4516,clothing,2149.82,,2026-02-17T06:33:28.351Z,file:///opt/spark-apps/data/raw/products.csv
4517,Product4517,clothing,506.21,,2026-02-17T06:33:28.351Z,file:///opt/spark-apps/data/raw/products.csv
4518,Product4518,books,4036.83,,2026-02-17T06:33:28.351Z,file:///opt/spark-apps/data/raw/products.csv
4519,Product4519,clothing,798.72,,2026-02-17T06:33:28.351Z,file:///opt/spark-apps/data/raw/products.csv
4520,Product4520,home,2210.47,,2026-02-17T06:33:28.351Z,file:///opt/spark-apps/data/raw/products.csv
4521,Product4521,books,914.46,,2026-02-17T06:33:28.351Z,file:///opt/spark-apps/data/raw/products.csv
4522,Product4522,clothing,2276.94,,2026-02-17T06:33:28.351Z,file:///opt/spark-apps/data/raw/products.csv
4523,Product4523,books,4845.09,,2026-02-17T06:33:28.351Z,file:///opt/spark-apps/data/raw/products.csv
4524,Product4524,electronics,774.56,,2026-02-17T06:33:28.351Z,file:///opt/spark-apps/data/raw/products.csv
4525,Product4525,home,1106.72,,2026-02-17T06:33:28.351Z,file:///opt/spark-apps/data/raw/products.csv
4526,Product4526,books,2410.62,,2026-02-17T06:33:28.351Z,file:///opt/spark-apps/data/raw/products.csv
4527,Product4527,home,320.03,,2026-02-17T06:33:28.351Z,file:///opt/spark-apps/data/raw/products.csv
4528,Product4528,clothing,4137.85,,2026-02-17T06:33:28.351Z,file:///opt/spark-apps/data/raw/products.csv
4529,Product4529,books,4576.87,,2026-02-17T06:33:28.351Z,file:///opt/spark-apps/data/raw/products.csv
4530,Product4530,sports,3692.48,,2026-02-17T06:33:28.351Z,file:///opt/spark-apps/data/raw/products.csv
4531,Product4531,electronics,3481.27,,2026-02-17T06:33:28.351Z,file:///opt/spark-apps/data/raw/products.csv
4532,Product4532,electronics,4721.05,,2026-02-17T06:33:28.351Z,file:///opt/spark-apps/data/raw/products.csv
4533,Product4533,books,2921.4,,2026-02-17T06:33:28.351Z,file:///opt/spark-apps/data/raw/products.csv
4534,Product4534,books,3681.86,,2026-02-17T06:33:28.351Z,file:///opt/spark-apps/data/raw/products.csv
4535,Product4535,books,1364.39,,2026-02-17T06:33:28.351Z,file:///opt/spark-apps/data/raw/products.csv
4536,Product4536,sports,3575.45,,2026-02-17T06:33:28.351Z,file:///opt/spark-apps/data/raw/products.csv
4537,Product4537,books,4075.32,,2026-02-17T06:33:28.351Z,file:///opt/spark-apps/data/raw/products.csv
4538,Product4538,books,3777.08,,2026-02-17T06:33:28.351Z,file:///opt/spark-apps/data/raw/products.csv
4539,Product4539,books,248.96,,2026-02-17T06:33:28.351Z,file:///opt/spark-apps/data/raw/products.csv
4540,Product4540,electronics,56.73,,2026-02-17T06:33:28.351Z,file:///opt/spark-apps/data/raw/products.csv
4541,Product4541,sports,2718.71,,2026-02-17T06:33:28.351Z,file:///opt/spark-apps/data/raw/products.csv
4542,Product4542,electronics,2724.83,,2026-02-17T06:33:28.351Z,file:///opt/spark-apps/data/raw/products.csv
4543,Product4543,clothing,3003.2,,2026-02-17T06:33:28.351Z,file:///opt/spark-apps/data/raw/products.csv
4544,Product4544,electronics,242.38,,2026-02-17T06:33:28.351Z,file:///opt/spark-apps/data/raw/products.csv
4545,Product4545,electronics,2657.0,,2026-02-17T06:33:28.351Z,file:///opt/spark-apps/data/raw/products.csv
4546,Product4546,electronics,1293.25,,2026-02-17T06:33:28.351Z,file:///opt/spark-apps/data/raw/products.csv
4547,Product4547,home,1654.29,,2026-02-17T06:33:28.351Z,file:///opt/spark-apps/data/raw/products.csv
4548,Product4548,clothing,3892.48,,2026-02-17T06:33:28.351Z,file:///opt/spark-apps/data/raw/products.csv
4549,Product4549,sports,2132.97,,2026-02-17T06:33:28.351Z,file:///opt/spark-apps/data/raw/products.csv
4550,Product4550,sports,2710.15,,2026-02-17T06:33:28.351Z,file:///opt/spark-apps/data/raw/products.csv
4551,Product4551,electronics,2696.89,,2026-02-17T06:33:28.351Z,file:///opt/spark-apps/data/raw/products.csv
4552,Product4552,home,4737.97,,2026-02-17T06:33:28.351Z,file:///opt/spark-apps/data/raw/products.csv
4553,Product4553,books,4094.32,,2026-02-17T06:33:28.351Z,file:///opt/spark-apps/data/raw/products.csv
4554,Product4554,electronics,696.94,,2026-02-17T06:33:28.351Z,file:///opt/spark-apps/data/raw/products.csv
4555,Product4555,home,516.11,,2026-02-17T06:33:28.351Z,file:///opt/spark-apps/data/raw/products.csv
4556,Product4556,sports,1922.54,,2026-02-17T06:33:28.351Z,file:///opt/spark-apps/data/raw/products.csv
4557,Product4557,clothing,3910.74,,2026-02-17T06:33:28.351Z,file:///opt/spark-apps/data/raw/products.csv
4558,Product4558,clothing,3344.65,,2026-02-17T06:33:28.351Z,file:///opt/spark-apps/data/raw/products.csv
4559,Product4559,electronics,1172.37,,2026-02-17T06:33:28.351Z,file:///opt/spark-apps/data/raw/products.csv
4560,Product4560,sports,4844.83,,2026-02-17T06:33:28.351Z,file:///opt/spark-apps/data/raw/products.csv
4561,Product4561,electronics,3209.28,,2026-02-17T06:33:28.351Z,file:///opt/spark-apps/data/raw/products.csv
4562,Product4562,sports,399.81,,2026-02-17T06:33:28.351Z,file:///opt/spark-apps/data/raw/products.csv
4563,Product4563,sports,793.85,,2026-02-17T06:33:28.351Z,file:///opt/spark-apps/data/raw/products.csv
4564,Product4564,sports,4628.46,,2026-02-17T06:33:28.351Z,file:///opt/spark-apps/data/raw/products.csv
4565,Product4565,clothing,4615.81,,2026-02-17T06:33:28.351Z,file:///opt/spark-apps/data/raw/products.csv
4566,Product4566,sports,3452.38,,2026-02-17T06:33:28.351Z,file:///opt/spark-apps/data/raw/products.csv
4567,Product4567,books,854.66,,2026-02-17T06:33:28.351Z,file:///opt/spark-apps/data/raw/products.csv
4568,Product4568,clothing,1079.26,,2026-02-17T06:33:28.351Z,file:///opt/spark-apps/data/raw/products.csv
4569,Product4569,sports,3834.45,,2026-02-17T06:33:28.351Z,file:///opt/spark-apps/data/raw/products.csv
4570,Product4570,clothing,1885.02,,2026-02-17T06:33:28.351Z,file:///opt/spark-apps/data/raw/products.csv
4571,Product4571,clothing,534.18,,2026-02-17T06:33:28.351Z,file:///opt/spark-apps/data/raw/products.csv
4572,Product4572,electronics,229.4,,2026-02-17T06:33:28.351Z,file:///opt/spark-apps/data/raw/products.csv
4573,Product4573,sports,1473.78,,2026-02-17T06:33:28.351Z,file:///opt/spark-apps/data/raw/products.csv
4574,Product4574,clothing,504.01,,2026-02-17T06:33:28.351Z,file:///opt/spark-apps/data/raw/products.csv
4575,Product4575,clothing,2324.5,,2026-02-17T06:33:28.351Z,file:///opt/spark-apps/data/raw/products.csv
4576,Product4576,electronics,4750.68,,2026-02-17T06:33:28.351Z,file:///opt/spark-apps/data/raw/products.csv
4577,Product4577,electronics,2222.41,,2026-02-17T06:33:28.351Z,file:///opt/spark-apps/data/raw/products.csv
4578,Product4578,home,153.99,,2026-02-17T06:33:28.351Z,file:///opt/spark-apps/data/raw/products.csv
4579,Product4579,electronics,3687.18,,2026-02-17T06:33:28.351Z,file:///opt/spark-apps/data/raw/products.csv
4580,Product4580,books,2985.41,,2026-02-17T06:33:28.351Z,file:///opt/spark-apps/data/raw/products.csv
4581,Product4581,clothing,1876.96,,2026-02-17T06:33:28.351Z,file:///opt/spark-apps/data/raw/products.csv
4582,Product4582,home,1390.56,,2026-02-17T06:33:28.351Z,file:///opt/spark-apps/data/raw/products.csv
4583,Product4583,clothing,3932.66,,2026-02-17T06:33:28.351Z,file:///opt/spark-apps/data/raw/products.csv
4584,Product4584,books,3074.78,,2026-02-17T06:33:28.351Z,file:///opt/spark-apps/data/raw/products.csv
4585,Product4585,books,3707.88,,2026-02-17T06:33:28.351Z,file:///opt/spark-apps/data/raw/products.csv
4586,Product4586,home,3131.92,,2026-02-17T06:33:28.351Z,file:///opt/spark-apps/data/raw/products.csv
4587,Product4587,books,3696.41,,2026-02-17T06:33:28.351Z,file:///opt/spark-apps/data/raw/products.csv
4588,Product4588,electronics,3271.51,,2026-02-17T06:33:28.351Z,file:///opt/spark-apps/data/raw/products.csv
4589,Product4589,books,788.98,,2026-02-17T06:33:28.351Z,file:///opt/spark-apps/data/raw/products.csv
4590,Product4590,home,33.92,,2026-02-17T06:33:28.351Z,file:///opt/spark-apps/data/raw/products.csv
4591,Product4591,clothing,1002.59,,2026-02-17T06:33:28.351Z,file:///opt/spark-apps/data/raw/products.csv
4592,Product4592,home,2527.83,,2026-02-17T06:33:28.351Z,file:///opt/spark-apps/data/raw/products.csv
4593,Product4593,home,895.1,,2026-02-17T06:33:28.351Z,file:///opt/spark-apps/data/raw/products.csv
4594,Product4594,clothing,3846.62,,2026-02-17T06:33:28.351Z,file:///opt/spark-apps/data/raw/products.csv
4595,Product4595,books,2573.4,,2026-02-17T06:33:28.351Z,file:///opt/spark-apps/data/raw/products.csv
4596,Product4596,books,2650.79,,2026-02-17T06:33:28.351Z,file:///opt/spark-apps/data/raw/products.csv
4597,Product4597,electronics,42.73,,2026-02-17T06:33:28.351Z,file:///opt/spark-apps/data/raw/products.csv
4598,Product4598,electronics,2763.7,,2026-02-17T06:33:28.351Z,file:///opt/spark-apps/data/raw/products.csv
4599,Product4599,electronics,4276.33,,2026-02-17T06:33:28.351Z,file:///opt/spark-apps/data/raw/products.csv
4600,Product4600,books,1861.85,,2026-02-17T06:33:28.351Z,file:///opt/spark-apps/data/raw/products.csv
4601,Product4601,home,1396.41,,2026-02-17T06:33:28.351Z,file:///opt/spark-apps/data/raw/products.csv
4602,Product4602,books,3249.37,,2026-02-17T06:33:28.351Z,file:///opt/spark-apps/data/raw/products.csv
4603,Product4603,electronics,361.29,,2026-02-17T06:33:28.351Z,file:///opt/spark-apps/data/raw/products.csv
4604,Product4604,clothing,4324.43,,2026-02-17T06:33:28.351Z,file:///opt/spark-apps/data/raw/products.csv
4605,Product4605,home,1309.24,,2026-02-17T06:33:28.351Z,file:///opt/spark-apps/data/raw/products.csv
4606,Product4606,books,120.21,,2026-02-17T06:33:28.351Z,file:///opt/spark-apps/data/raw/products.csv
4607,Product4607,clothing,3484.25,,2026-02-17T06:33:28.351Z,file:///opt/spark-apps/data/raw/products.csv
4608,Product4608,electronics,4294.35,,2026-02-17T06:33:28.351Z,file:///opt/spark-apps/data/raw/products.csv
4609,Product4609,clothing,4904.6,,2026-02-17T06:33:28.351Z,file:///opt/spark-apps/data/raw/products.csv
4610,Product4610,sports,803.14,,2026-02-17T06:33:28.351Z,file:///opt/spark-apps/data/raw/products.csv
4611,Product4611,home,3736.25,,2026-02-17T06:33:28.351Z,file:///opt/spark-apps/data/raw/products.csv
4612,Product4612,books,1757.42,,2026-02-17T06:33:28.351Z,file:///opt/spark-apps/data/raw/products.csv
4613,Product4613,clothing,736.57,,2026-02-17T06:33:28.351Z,file:///opt/spark-apps/data/raw/products.csv
4614,Product4614,sports,1448.89,,2026-02-17T06:33:28.351Z,file:///opt/spark-apps/data/raw/products.csv
4615,Product4615,books,37.34,,2026-02-17T06:33:28.351Z,file:///opt/spark-apps/data/raw/products.csv
4616,Product4616,clothing,1244.9,,2026-02-17T06:33:28.351Z,file:///opt/spark-apps/data/raw/products.csv
4617,Product4617,sports,4948.32,,2026-02-17T06:33:28.351Z,file:///opt/spark-apps/data/raw/products.csv
4618,Product4618,books,849.31,,2026-02-17T06:33:28.351Z,file:///opt/spark-apps/data/raw/products.csv
4619,Product4619,books,4339.47,,2026-02-17T06:33:28.351Z,file:///opt/spark-apps/data/raw/products.csv
4620,Product4620,clothing,4966.41,,2026-02-17T06:33:28.351Z,file:///opt/spark-apps/data/raw/products.csv
4621,Product4621,home,2636.11,,2026-02-17T06:33:28.351Z,file:///opt/spark-apps/data/raw/products.csv
4622,Product4622,books,220.26,,2026-02-17T06:33:28.351Z,file:///opt/spark-apps/data/raw/products.csv
4623,Product4623,clothing,4046.15,,2026-02-17T06:33:28.351Z,file:///opt/spark-apps/data/raw/products.csv
4624,Product4624,sports,3115.04,,2026-02-17T06:33:28.351Z,file:///opt/spark-apps/data/raw/products.csv
4625,Product4625,sports,4348.05,,2026-02-17T06:33:28.351Z,file:///opt/spark-apps/data/raw/products.csv
4626,Product4626,home,706.03,,2026-02-17T06:33:28.351Z,file:///opt/spark-apps/data/raw/products.csv
4627,Product4627,sports,2903.59,,2026-02-17T06:33:28.351Z,file:///opt/spark-apps/data/raw/products.csv
4628,Product4628,sports,3934.06,,2026-02-17T06:33:28.351Z,file:///opt/spark-apps/data/raw/products.csv
4629,Product4629,sports,151.0,,2026-02-17T06:33:28.351Z,file:///opt/spark-apps/data/raw/products.csv
4630,Product4630,clothing,3056.62,,2026-02-17T06:33:28.351Z,file:///opt/spark-apps/data/raw/products.csv
4631,Product4631,clothing,3460.22,,2026-02-17T06:33:28.351Z,file:///opt/spark-apps/data/raw/products.csv
4632,Product4632,home,221.85,,2026-02-17T06:33:28.351Z,file:///opt/spark-apps/data/raw/products.csv
4633,Product4633,sports,51.58,,2026-02-17T06:33:28.351Z,file:///opt/spark-apps/data/raw/products.csv
4634,Product4634,home,2479.36,,2026-02-17T06:33:28.351Z,file:///opt/spark-apps/data/raw/products.csv
4635,Product4635,sports,3989.46,,2026-02-17T06:33:28.351Z,file:///opt/spark-apps/data/raw/products.csv
4636,Product4636,electronics,700.62,,2026-02-17T06:33:28.351Z,file:///opt/spark-apps/data/raw/products.csv
4637,Product4637,electronics,1987.34,,2026-02-17T06:33:28.351Z,file:///opt/spark-apps/data/raw/products.csv
4638,Product4638,sports,3982.64,,2026-02-17T06:33:28.351Z,file:///opt/spark-apps/data/raw/products.csv
4639,Product4639,electronics,1134.55,,2026-02-17T06:33:28.351Z,file:///opt/spark-apps/data/raw/products.csv
4640,Product4640,electronics,852.0,,2026-02-17T06:33:28.351Z,file:///opt/spark-apps/data/raw/products.csv
4641,Product4641,sports,2186.35,,2026-02-17T06:33:28.351Z,file:///opt/spark-apps/data/raw/products.csv
4642,Product4642,home,3777.16,,2026-02-17T06:33:28.351Z,file:///opt/spark-apps/data/raw/products.csv
4643,Product4643,electronics,1269.31,,2026-02-17T06:33:28.351Z,file:///opt/spark-apps/data/raw/products.csv
4644,Product4644,electronics,1381.05,,2026-02-17T06:33:28.351Z,file:///opt/spark-apps/data/raw/products.csv
4645,Product4645,electronics,3322.0,,2026-02-17T06:33:28.351Z,file:///opt/spark-apps/data/raw/products.csv
4646,Product4646,sports,292.4,,2026-02-17T06:33:28.351Z,file:///opt/spark-apps/data/raw/products.csv
4647,Product4647,home,3310.19,,2026-02-17T06:33:28.351Z,file:///opt/spark-apps/data/raw/products.csv
4648,Product4648,books,2470.94,,2026-02-17T06:33:28.351Z,file:///opt/spark-apps/data/raw/products.csv
4649,Product4649,electronics,3241.61,,2026-02-17T06:33:28.351Z,file:///opt/spark-apps/data/raw/products.csv
4650,Product4650,books,1935.25,,2026-02-17T06:33:28.351Z,file:///opt/spark-apps/data/raw/products.csv
4651,Product4651,electronics,1815.13,,2026-02-17T06:33:28.351Z,file:///opt/spark-apps/data/raw/products.csv
4652,Product4652,electronics,1338.88,,2026-02-17T06:33:28.351Z,file:///opt/spark-apps/data/raw/products.csv
4653,Product4653,home,2447.84,,2026-02-17T06:33:28.351Z,file:///opt/spark-apps/data/raw/products.csv
4654,Product4654,electronics,4078.41,,2026-02-17T06:33:28.351Z,file:///opt/spark-apps/data/raw/products.csv
4655,Product4655,books,3354.36,,2026-02-17T06:33:28.351Z,file:///opt/spark-apps/data/raw/products.csv
4656,Product4656,sports,835.67,,2026-02-17T06:33:28.351Z,file:///opt/spark-apps/data/raw/products.csv
4657,Product4657,electronics,2955.14,,2026-02-17T06:33:28.351Z,file:///opt/spark-apps/data/raw/products.csv
4658,Product4658,clothing,4169.46,,2026-02-17T06:33:28.351Z,file:///opt/spark-apps/data/raw/products.csv
4659,Product4659,sports,4510.25,,2026-02-17T06:33:28.351Z,file:///opt/spark-apps/data/raw/products.csv
4660,Product4660,clothing,3714.2,,2026-02-17T06:33:28.351Z,file:///opt/spark-apps/data/raw/products.csv
4661,Product4661,home,2531.61,,2026-02-17T06:33:28.351Z,file:///opt/spark-apps/data/raw/products.csv
4662,Product4662,clothing,2403.35,,2026-02-17T06:33:28.351Z,file:///opt/spark-apps/data/raw/products.csv
4663,Product4663,electronics,3989.05,,2026-02-17T06:33:28.351Z,file:///opt/spark-apps/data/raw/products.csv
4664,Product4664,books,4673.34,,2026-02-17T06:33:28.351Z,file:///opt/spark-apps/data/raw/products.csv
4665,Product4665,clothing,777.84,,2026-02-17T06:33:28.351Z,file:///opt/spark-apps/data/raw/products.csv
4666,Product4666,home,3456.02,,2026-02-17T06:33:28.351Z,file:///opt/spark-apps/data/raw/products.csv
4667,Product4667,clothing,2837.48,,2026-02-17T06:33:28.351Z,file:///opt/spark-apps/data/raw/products.csv
4668,Product4668,books,2503.04,,2026-02-17T06:33:28.351Z,file:///opt/spark-apps/data/raw/products.csv
4669,Product4669,electronics,4529.92,,2026-02-17T06:33:28.351Z,file:///opt/spark-apps/data/raw/products.csv
4670,Product4670,electronics,4213.01,,2026-02-17T06:33:28.351Z,file:///opt/spark-apps/data/raw/products.csv
4671,Product4671,clothing,2530.37,,2026-02-17T06:33:28.351Z,file:///opt/spark-apps/data/raw/products.csv
4672,Product4672,books,2582.34,,2026-02-17T06:33:28.351Z,file:///opt/spark-apps/data/raw/products.csv
4673,Product4673,clothing,5.19,,2026-02-17T06:33:28.351Z,file:///opt/spark-apps/data/raw/products.csv
4674,Product4674,home,61.53,,2026-02-17T06:33:28.351Z,file:///opt/spark-apps/data/raw/products.csv
4675,Product4675,electronics,4314.56,,2026-02-17T06:33:28.351Z,file:///opt/spark-apps/data/raw/products.csv
4676,Product4676,electronics,1228.68,,2026-02-17T06:33:28.351Z,file:///opt/spark-apps/data/raw/products.csv
4677,Product4677,sports,1427.76,,2026-02-17T06:33:28.351Z,file:///opt/spark-apps/data/raw/products.csv
4678,Product4678,books,4959.91,,2026-02-17T06:33:28.351Z,file:///opt/spark-apps/data/raw/products.csv
4679,Product4679,home,2429.66,,2026-02-17T06:33:28.351Z,file:///opt/spark-apps/data/raw/products.csv
4680,Product4680,electronics,1153.53,,2026-02-17T06:33:28.351Z,file:///opt/spark-apps/data/raw/products.csv
4681,Product4681,clothing,3555.51,,2026-02-17T06:33:28.351Z,file:///opt/spark-apps/data/raw/products.csv
4682,Product4682,electronics,4474.58,,2026-02-17T06:33:28.351Z,file:///opt/spark-apps/data/raw/products.csv
4683,Product4683,home,4012.39,,2026-02-17T06:33:28.351Z,file:///opt/spark-apps/data/raw/products.csv
4684,Product4684,home,25.83,,2026-02-17T06:33:28.351Z,file:///opt/spark-apps/data/raw/products.csv
4685,Product4685,home,2602.42,,2026-02-17T06:33:28.351Z,file:///opt/spark-apps/data/raw/products.csv
4686,Product4686,electronics,2010.52,,2026-02-17T06:33:28.351Z,file:///opt/spark-apps/data/raw/products.csv
4687,Product4687,electronics,2714.34,,2026-02-17T06:33:28.351Z,file:///opt/spark-apps/data/raw/products.csv
4688,Product4688,books,1242.14,,2026-02-17T06:33:28.351Z,file:///opt/spark-apps/data/raw/products.csv
4689,Product4689,electronics,4137.27,,2026-02-17T06:33:28.351Z,file:///opt/spark-apps/data/raw/products.csv
4690,Product4690,sports,4825.86,,2026-02-17T06:33:28.351Z,file:///opt/spark-apps/data/raw/products.csv
4691,Product4691,electronics,1285.24,,2026-02-17T06:33:28.351Z,file:///opt/spark-apps/data/raw/products.csv
4692,Product4692,electronics,3880.43,,2026-02-17T06:33:28.351Z,file:///opt/spark-apps/data/raw/products.csv
4693,Product4693,books,3696.05,,2026-02-17T06:33:28.351Z,file:///opt/spark-apps/data/raw/products.csv
4694,Product4694,electronics,1077.48,,2026-02-17T06:33:28.351Z,file:///opt/spark-apps/data/raw/products.csv
4695,Product4695,clothing,3772.85,,2026-02-17T06:33:28.351Z,file:///opt/spark-apps/data/raw/products.csv
4696,Product4696,electronics,4756.4,,2026-02-17T06:33:28.351Z,file:///opt/spark-apps/data/raw/products.csv
4697,Product4697,clothing,1626.57,,2026-02-17T06:33:28.351Z,file:///opt/spark-apps/data/raw/products.csv
4698,Product4698,home,1999.32,,2026-02-17T06:33:28.351Z,file:///opt/spark-apps/data/raw/products.csv
4699,Product4699,sports,2928.81,,2026-02-17T06:33:28.351Z,file:///opt/spark-apps/data/raw/products.csv
4700,Product4700,sports,1931.91,,2026-02-17T06:33:28.351Z,file:///opt/spark-apps/data/raw/products.csv
4701,Product4701,electronics,1407.42,,2026-02-17T06:33:28.351Z,file:///opt/spark-apps/data/raw/products.csv
4702,Product4702,home,3774.09,,2026-02-17T06:33:28.351Z,file:///opt/spark-apps/data/raw/products.csv
4703,Product4703,books,645.75,,2026-02-17T06:33:28.351Z,file:///opt/spark-apps/data/raw/products.csv
4704,Product4704,books,888.48,,2026-02-17T06:33:28.351Z,file:///opt/spark-apps/data/raw/products.csv
4705,Product4705,home,309.24,,2026-02-17T06:33:28.351Z,file:///opt/spark-apps/data/raw/products.csv
4706,Product4706,clothing,2589.85,,2026-02-17T06:33:28.351Z,file:///opt/spark-apps/data/raw/products.csv
4707,Product4707,electronics,4764.07,,2026-02-17T06:33:28.351Z,file:///opt/spark-apps/data/raw/products.csv
4708,Product4708,electronics,2402.86,,2026-02-17T06:33:28.351Z,file:///opt/spark-apps/data/raw/products.csv
4709,Product4709,electronics,825.94,,2026-02-17T06:33:28.351Z,file:///opt/spark-apps/data/raw/products.csv
4710,Product4710,clothing,2319.55,,2026-02-17T06:33:28.351Z,file:///opt/spark-apps/data/raw/products.csv
4711,Product4711,electronics,3016.08,,2026-02-17T06:33:28.351Z,file:///opt/spark-apps/data/raw/products.csv
4712,Product4712,sports,2457.02,,2026-02-17T06:33:28.351Z,file:///opt/spark-apps/data/raw/products.csv
4713,Product4713,books,1404.77,,2026-02-17T06:33:28.351Z,file:///opt/spark-apps/data/raw/products.csv
4714,Product4714,electronics,4254.18,,2026-02-17T06:33:28.351Z,file:///opt/spark-apps/data/raw/products.csv
4715,Product4715,books,187.13,,2026-02-17T06:33:28.351Z,file:///opt/spark-apps/data/raw/products.csv
4716,Product4716,clothing,1744.51,,2026-02-17T06:33:28.351Z,file:///opt/spark-apps/data/raw/products.csv
4717,Product4717,books,4365.49,,2026-02-17T06:33:28.351Z,file:///opt/spark-apps/data/raw/products.csv
4718,Product4718,books,349.07,,2026-02-17T06:33:28.351Z,file:///opt/spark-apps/data/raw/products.csv
4719,Product4719,home,149.24,,2026-02-17T06:33:28.351Z,file:///opt/spark-apps/data/raw/products.csv
4720,Product4720,books,1952.41,,2026-02-17T06:33:28.351Z,file:///opt/spark-apps/data/raw/products.csv
4721,Product4721,clothing,996.54,,2026-02-17T06:33:28.351Z,file:///opt/spark-apps/data/raw/products.csv
4722,Product4722,sports,4356.58,,2026-02-17T06:33:28.351Z,file:///opt/spark-apps/data/raw/products.csv
4723,Product4723,books,654.22,,2026-02-17T06:33:28.351Z,file:///opt/spark-apps/data/raw/products.csv
4724,Product4724,books,3536.52,,2026-02-17T06:33:28.351Z,file:///opt/spark-apps/data/raw/products.csv
4725,Product4725,clothing,3234.98,,2026-02-17T06:33:28.351Z,file:///opt/spark-apps/data/raw/products.csv
4726,Product4726,electronics,3456.21,,2026-02-17T06:33:28.351Z,file:///opt/spark-apps/data/raw/products.csv
4727,Product4727,clothing,3499.44,,2026-02-17T06:33:28.351Z,file:///opt/spark-apps/data/raw/products.csv
4728,Product4728,sports,3117.74,,2026-02-17T06:33:28.351Z,file:///opt/spark-apps/data/raw/products.csv
4729,Product4729,books,522.45,,2026-02-17T06:33:28.351Z,file:///opt/spark-apps/data/raw/products.csv
4730,Product4730,books,4095.15,,2026-02-17T06:33:28.351Z,file:///opt/spark-apps/data/raw/products.csv
4731,Product4731,books,1794.95,,2026-02-17T06:33:28.351Z,file:///opt/spark-apps/data/raw/products.csv
4732,Product4732,electronics,3470.33,,2026-02-17T06:33:28.351Z,file:///opt/spark-apps/data/raw/products.csv
4733,Product4733,clothing,2032.99,,2026-02-17T06:33:28.351Z,file:///opt/spark-apps/data/raw/products.csv
4734,Product4734,electronics,2393.27,,2026-02-17T06:33:28.351Z,file:///opt/spark-apps/data/raw/products.csv
4735,Product4735,sports,3336.13,,2026-02-17T06:33:28.351Z,file:///opt/spark-apps/data/raw/products.csv
4736,Product4736,clothing,1859.65,,2026-02-17T06:33:28.351Z,file:///opt/spark-apps/data/raw/products.csv
4737,Product4737,books,3132.88,,2026-02-17T06:33:28.351Z,file:///opt/spark-apps/data/raw/products.csv
4738,Product4738,books,4339.43,,2026-02-17T06:33:28.351Z,file:///opt/spark-apps/data/raw/products.csv
4739,Product4739,books,3111.54,,2026-02-17T06:33:28.351Z,file:///opt/spark-apps/data/raw/products.csv
4740,Product4740,electronics,1511.26,,2026-02-17T06:33:28.351Z,file:///opt/spark-apps/data/raw/products.csv
4741,Product4741,home,3379.44,,2026-02-17T06:33:28.351Z,file:///opt/spark-apps/data/raw/products.csv
4742,Product4742,home,1001.29,,2026-02-17T06:33:28.351Z,file:///opt/spark-apps/data/raw/products.csv
4743,Product4743,books,2514.93,,2026-02-17T06:33:28.351Z,file:///opt/spark-apps/data/raw/products.csv
4744,Product4744,sports,2622.95,,2026-02-17T06:33:28.351Z,file:///opt/spark-apps/data/raw/products.csv
4745,Product4745,home,4500.36,,2026-02-17T06:33:28.351Z,file:///opt/spark-apps/data/raw/products.csv
4746,Product4746,home,3150.18,,2026-02-17T06:33:28.351Z,file:///opt/spark-apps/data/raw/products.csv
4747,Product4747,electronics,753.51,,2026-02-17T06:33:28.351Z,file:///opt/spark-apps/data/raw/products.csv
4748,Product4748,home,1477.33,,2026-02-17T06:33:28.351Z,file:///opt/spark-apps/data/raw/products.csv
4749,Product4749,books,4396.77,,2026-02-17T06:33:28.351Z,file:///opt/spark-apps/data/raw/products.csv
4750,Product4750,home,480.95,,2026-02-17T06:33:28.351Z,file:///opt/spark-apps/data/raw/products.csv
4751,Product4751,electronics,227.14,,2026-02-17T06:33:28.351Z,file:///opt/spark-apps/data/raw/products.csv
4752,Product4752,books,4322.87,,2026-02-17T06:33:28.351Z,file:///opt/spark-apps/data/raw/products.csv
4753,Product4753,home,3781.94,,2026-02-17T06:33:28.351Z,file:///opt/spark-apps/data/raw/products.csv
4754,Product4754,electronics,1958.05,,2026-02-17T06:33:28.351Z,file:///opt/spark-apps/data/raw/products.csv
4755,Product4755,clothing,3007.41,,2026-02-17T06:33:28.351Z,file:///opt/spark-apps/data/raw/products.csv
4756,Product4756,clothing,3954.88,,2026-02-17T06:33:28.351Z,file:///opt/spark-apps/data/raw/products.csv
4757,Product4757,electronics,2736.76,,2026-02-17T06:33:28.351Z,file:///opt/spark-apps/data/raw/products.csv
4758,Product4758,home,3015.46,,2026-02-17T06:33:28.351Z,file:///opt/spark-apps/data/raw/products.csv
4759,Product4759,clothing,4299.1,,2026-02-17T06:33:28.351Z,file:///opt/spark-apps/data/raw/products.csv
4760,Product4760,books,754.09,,2026-02-17T06:33:28.351Z,file:///opt/spark-apps/data/raw/products.csv
4761,Product4761,home,2342.87,,2026-02-17T06:33:28.351Z,file:///opt/spark-apps/data/raw/products.csv
4762,Product4762,home,4378.71,,2026-02-17T06:33:28.351Z,file:///opt/spark-apps/data/raw/products.csv
4763,Product4763,clothing,3544.82,,2026-02-17T06:33:28.351Z,file:///opt/spark-apps/data/raw/products.csv
4764,Product4764,clothing,1312.15,,2026-02-17T06:33:28.351Z,file:///opt/spark-apps/data/raw/products.csv
4765,Product4765,electronics,36.0,,2026-02-17T06:33:28.351Z,file:///opt/spark-apps/data/raw/products.csv
4766,Product4766,sports,1850.9,,2026-02-17T06:33:28.351Z,file:///opt/spark-apps/data/raw/products.csv
4767,Product4767,clothing,698.68,,2026-02-17T06:33:28.351Z,file:///opt/spark-apps/data/raw/products.csv
4768,Product4768,sports,2662.91,,2026-02-17T06:33:28.351Z,file:///opt/spark-apps/data/raw/products.csv
4769,Product4769,electronics,1160.29,,2026-02-17T06:33:28.351Z,file:///opt/spark-apps/data/raw/products.csv
4770,Product4770,home,2114.36,,2026-02-17T06:33:28.351Z,file:///opt/spark-apps/data/raw/products.csv
4771,Product4771,electronics,4971.38,,2026-02-17T06:33:28.351Z,file:///opt/spark-apps/data/raw/products.csv
4772,Product4772,home,3947.82,,2026-02-17T06:33:28.351Z,file:///opt/spark-apps/data/raw/products.csv
4773,Product4773,books,693.54,,2026-02-17T06:33:28.351Z,file:///opt/spark-apps/data/raw/products.csv
4774,Product4774,home,4771.9,,2026-02-17T06:33:28.351Z,file:///opt/spark-apps/data/raw/products.csv
4775,Product4775,electronics,3721.95,,2026-02-17T06:33:28.351Z,file:///opt/spark-apps/data/raw/products.csv
4776,Product4776,clothing,2364.21,,2026-02-17T06:33:28.351Z,file:///opt/spark-apps/data/raw/products.csv
4777,Product4777,clothing,4377.82,,2026-02-17T06:33:28.351Z,file:///opt/spark-apps/data/raw/products.csv
4778,Product4778,clothing,3741.04,,2026-02-17T06:33:28.351Z,file:///opt/spark-apps/data/raw/products.csv
4779,Product4779,home,3319.74,,2026-02-17T06:33:28.351Z,file:///opt/spark-apps/data/raw/products.csv
4780,Product4780,clothing,4036.75,,2026-02-17T06:33:28.351Z,file:///opt/spark-apps/data/raw/products.csv
4781,Product4781,books,1239.16,,2026-02-17T06:33:28.351Z,file:///opt/spark-apps/data/raw/products.csv
4782,Product4782,electronics,3389.36,,2026-02-17T06:33:28.351Z,file:///opt/spark-apps/data/raw/products.csv
4783,Product4783,sports,1038.48,,2026-02-17T06:33:28.351Z,file:///opt/spark-apps/data/raw/products.csv
4784,Product4784,clothing,1445.87,,2026-02-17T06:33:28.351Z,file:///opt/spark-apps/data/raw/products.csv
4785,Product4785,electronics,2903.34,,2026-02-17T06:33:28.351Z,file:///opt/spark-apps/data/raw/products.csv
4786,Product4786,books,4204.4,,2026-02-17T06:33:28.351Z,file:///opt/spark-apps/data/raw/products.csv
4787,Product4787,home,2071.88,,2026-02-17T06:33:28.351Z,file:///opt/spark-apps/data/raw/products.csv
4788,Product4788,books,2165.23,,2026-02-17T06:33:28.351Z,file:///opt/spark-apps/data/raw/products.csv
4789,Product4789,electronics,4814.78,,2026-02-17T06:33:28.351Z,file:///opt/spark-apps/data/raw/products.csv
4790,Product4790,sports,1464.1,,2026-02-17T06:33:28.351Z,file:///opt/spark-apps/data/raw/products.csv
4791,Product4791,home,461.64,,2026-02-17T06:33:28.351Z,file:///opt/spark-apps/data/raw/products.csv
4792,Product4792,electronics,545.21,,2026-02-17T06:33:28.351Z,file:///opt/spark-apps/data/raw/products.csv
4793,Product4793,clothing,2475.68,,2026-02-17T06:33:28.351Z,file:///opt/spark-apps/data/raw/products.csv
4794,Product4794,sports,3611.11,,2026-02-17T06:33:28.351Z,file:///opt/spark-apps/data/raw/products.csv
4795,Product4795,home,1131.14,,2026-02-17T06:33:28.351Z,file:///opt/spark-apps/data/raw/products.csv
4796,Product4796,sports,3339.66,,2026-02-17T06:33:28.351Z,file:///opt/spark-apps/data/raw/products.csv
4797,Product4797,home,246.67,,2026-02-17T06:33:28.351Z,file:///opt/spark-apps/data/raw/products.csv
4798,Product4798,home,3397.83,,2026-02-17T06:33:28.351Z,file:///opt/spark-apps/data/raw/products.csv
4799,Product4799,books,4152.13,,2026-02-17T06:33:28.351Z,file:///opt/spark-apps/data/raw/products.csv
4800,Product4800,clothing,4855.39,,2026-02-17T06:33:28.351Z,file:///opt/spark-apps/data/raw/products.csv
4801,Product4801,sports,1462.57,,2026-02-17T06:33:28.351Z,file:///opt/spark-apps/data/raw/products.csv
4802,Product4802,clothing,3491.92,,2026-02-17T06:33:28.351Z,file:///opt/spark-apps/data/raw/products.csv
4803,Product4803,clothing,1162.89,,2026-02-17T06:33:28.351Z,file:///opt/spark-apps/data/raw/products.csv
4804,Product4804,clothing,4040.28,,2026-02-17T06:33:28.351Z,file:///opt/spark-apps/data/raw/products.csv
4805,Product4805,clothing,3007.74,,2026-02-17T06:33:28.351Z,file:///opt/spark-apps/data/raw/products.csv
4806,Product4806,books,4035.78,,2026-02-17T06:33:28.351Z,file:///opt/spark-apps/data/raw/products.csv
4807,Product4807,clothing,2168.19,,2026-02-17T06:33:28.351Z,file:///opt/spark-apps/data/raw/products.csv
4808,Product4808,clothing,3254.2,,2026-02-17T06:33:28.351Z,file:///opt/spark-apps/data/raw/products.csv
4809,Product4809,clothing,4510.83,,2026-02-17T06:33:28.351Z,file:///opt/spark-apps/data/raw/products.csv
4810,Product4810,electronics,4999.89,,2026-02-17T06:33:28.351Z,file:///opt/spark-apps/data/raw/products.csv
4811,Product4811,clothing,762.75,,2026-02-17T06:33:28.351Z,file:///opt/spark-apps/data/raw/products.csv
4812,Product4812,clothing,1808.31,,2026-02-17T06:33:28.351Z,file:///opt/spark-apps/data/raw/products.csv
4813,Product4813,home,3916.7,,2026-02-17T06:33:28.351Z,file:///opt/spark-apps/data/raw/products.csv
4814,Product4814,electronics,4179.21,,2026-02-17T06:33:28.351Z,file:///opt/spark-apps/data/raw/products.csv
4815,Product4815,sports,1860.87,,2026-02-17T06:33:28.351Z,file:///opt/spark-apps/data/raw/products.csv
4816,Product4816,electronics,1348.41,,2026-02-17T06:33:28.351Z,file:///opt/spark-apps/data/raw/products.csv
4817,Product4817,electronics,3359.16,,2026-02-17T06:33:28.351Z,file:///opt/spark-apps/data/raw/products.csv
4818,Product4818,electronics,3628.5,,2026-02-17T06:33:28.351Z,file:///opt/spark-apps/data/raw/products.csv
4819,Product4819,books,1203.73,,2026-02-17T06:33:28.351Z,file:///opt/spark-apps/data/raw/products.csv
4820,Product4820,sports,1225.98,,2026-02-17T06:33:28.351Z,file:///opt/spark-apps/data/raw/products.csv
4821,Product4821,electronics,1968.77,,2026-02-17T06:33:28.351Z,file:///opt/spark-apps/data/raw/products.csv
4822,Product4822,electronics,553.9,,2026-02-17T06:33:28.351Z,file:///opt/spark-apps/data/raw/products.csv
4823,Product4823,sports,2757.33,,2026-02-17T06:33:28.351Z,file:///opt/spark-apps/data/raw/products.csv
4824,Product4824,books,2045.75,,2026-02-17T06:33:28.351Z,file:///opt/spark-apps/data/raw/products.csv
4825,Product4825,electronics,602.56,,2026-02-17T06:33:28.351Z,file:///opt/spark-apps/data/raw/products.csv
4826,Product4826,clothing,3658.67,,2026-02-17T06:33:28.351Z,file:///opt/spark-apps/data/raw/products.csv
4827,Product4827,electronics,2104.95,,2026-02-17T06:33:28.351Z,file:///opt/spark-apps/data/raw/products.csv
4828,Product4828,books,46.49,,2026-02-17T06:33:28.351Z,file:///opt/spark-apps/data/raw/products.csv
4829,Product4829,clothing,3085.36,,2026-02-17T06:33:28.351Z,file:///opt/spark-apps/data/raw/products.csv
4830,Product4830,books,4852.0,,2026-02-17T06:33:28.351Z,file:///opt/spark-apps/data/raw/products.csv
4831,Product4831,clothing,34.2,,2026-02-17T06:33:28.351Z,file:///opt/spark-apps/data/raw/products.csv
4832,Product4832,sports,3993.21,,2026-02-17T06:33:28.351Z,file:///opt/spark-apps/data/raw/products.csv
4833,Product4833,sports,1839.06,,2026-02-17T06:33:28.351Z,file:///opt/spark-apps/data/raw/products.csv
4834,Product4834,books,3558.82,,2026-02-17T06:33:28.351Z,file:///opt/spark-apps/data/raw/products.csv
4835,Product4835,electronics,4445.68,,2026-02-17T06:33:28.351Z,file:///opt/spark-apps/data/raw/products.csv
4836,Product4836,electronics,4136.69,,2026-02-17T06:33:28.351Z,file:///opt/spark-apps/data/raw/products.csv
4837,Product4837,books,1458.76,,2026-02-17T06:33:28.351Z,file:///opt/spark-apps/data/raw/products.csv
4838,Product4838,clothing,845.11,,2026-02-17T06:33:28.351Z,file:///opt/spark-apps/data/raw/products.csv
4839,Product4839,sports,428.09,,2026-02-17T06:33:28.351Z,file:///opt/spark-apps/data/raw/products.csv
4840,Product4840,sports,1516.21,,2026-02-17T06:33:28.351Z,file:///opt/spark-apps/data/raw/products.csv
4841,Product4841,electronics,3018.11,,2026-02-17T06:33:28.351Z,file:///opt/spark-apps/data/raw/products.csv
4842,Product4842,clothing,3686.72,,2026-02-17T06:33:28.351Z,file:///opt/spark-apps/data/raw/products.csv
4843,Product4843,electronics,2803.84,,2026-02-17T06:33:28.351Z,file:///opt/spark-apps/data/raw/products.csv
4844,Product4844,clothing,2934.07,,2026-02-17T06:33:28.351Z,file:///opt/spark-apps/data/raw/products.csv
4845,Product4845,electronics,2154.23,,2026-02-17T06:33:28.351Z,file:///opt/spark-apps/data/raw/products.csv
4846,Product4846,clothing,2029.93,,2026-02-17T06:33:28.351Z,file:///opt/spark-apps/data/raw/products.csv
4847,Product4847,home,1383.11,,2026-02-17T06:33:28.351Z,file:///opt/spark-apps/data/raw/products.csv
4848,Product4848,electronics,1458.17,,2026-02-17T06:33:28.351Z,file:///opt/spark-apps/data/raw/products.csv
4849,Product4849,sports,4993.07,,2026-02-17T06:33:28.351Z,file:///opt/spark-apps/data/raw/products.csv
4850,Product4850,home,548.8,,2026-02-17T06:33:28.351Z,file:///opt/spark-apps/data/raw/products.csv
4851,Product4851,electronics,2863.33,,2026-02-17T06:33:28.351Z,file:///opt/spark-apps/data/raw/products.csv
4852,Product4852,electronics,3782.73,,2026-02-17T06:33:28.351Z,file:///opt/spark-apps/data/raw/products.csv
4853,Product4853,books,2671.59,,2026-02-17T06:33:28.351Z,file:///opt/spark-apps/data/raw/products.csv
4854,Product4854,electronics,915.28,,2026-02-17T06:33:28.351Z,file:///opt/spark-apps/data/raw/products.csv
4855,Product4855,home,2803.32,,2026-02-17T06:33:28.351Z,file:///opt/spark-apps/data/raw/products.csv
4856,Product4856,clothing,2215.7,,2026-02-17T06:33:28.351Z,file:///opt/spark-apps/data/raw/products.csv
4857,Product4857,home,417.49,,2026-02-17T06:33:28.351Z,file:///opt/spark-apps/data/raw/products.csv
4858,Product4858,books,959.03,,2026-02-17T06:33:28.351Z,file:///opt/spark-apps/data/raw/products.csv
4859,Product4859,home,221.69,,2026-02-17T06:33:28.351Z,file:///opt/spark-apps/data/raw/products.csv
4860,Product4860,home,458.42,,2026-02-17T06:33:28.351Z,file:///opt/spark-apps/data/raw/products.csv
4861,Product4861,clothing,291.85,,2026-02-17T06:33:28.351Z,file:///opt/spark-apps/data/raw/products.csv
4862,Product4862,clothing,4300.91,,2026-02-17T06:33:28.351Z,file:///opt/spark-apps/data/raw/products.csv
4863,Product4863,clothing,1191.88,,2026-02-17T06:33:28.351Z,file:///opt/spark-apps/data/raw/products.csv
4864,Product4864,clothing,3871.07,,2026-02-17T06:33:28.351Z,file:///opt/spark-apps/data/raw/products.csv
4865,Product4865,clothing,4495.03,,2026-02-17T06:33:28.351Z,file:///opt/spark-apps/data/raw/products.csv
4866,Product4866,books,4567.97,,2026-02-17T06:33:28.351Z,file:///opt/spark-apps/data/raw/products.csv
4867,Product4867,clothing,4308.09,,2026-02-17T06:33:28.351Z,file:///opt/spark-apps/data/raw/products.csv
4868,Product4868,home,4245.45,,2026-02-17T06:33:28.351Z,file:///opt/spark-apps/data/raw/products.csv
4869,Product4869,home,271.78,,2026-02-17T06:33:28.351Z,file:///opt/spark-apps/data/raw/products.csv
4870,Product4870,books,885.4,,2026-02-17T06:33:28.351Z,file:///opt/spark-apps/data/raw/products.csv
4871,Product4871,clothing,2517.13,,2026-02-17T06:33:28.351Z,file:///opt/spark-apps/data/raw/products.csv
4872,Product4872,clothing,4391.19,,2026-02-17T06:33:28.351Z,file:///opt/spark-apps/data/raw/products.csv
4873,Product4873,sports,2610.93,,2026-02-17T06:33:28.351Z,file:///opt/spark-apps/data/raw/products.csv
4874,Product4874,home,1130.11,,2026-02-17T06:33:28.351Z,file:///opt/spark-apps/data/raw/products.csv
4875,Product4875,clothing,3327.11,,2026-02-17T06:33:28.351Z,file:///opt/spark-apps/data/raw/products.csv
4876,Product4876,clothing,4972.12,,2026-02-17T06:33:28.351Z,file:///opt/spark-apps/data/raw/products.csv
4877,Product4877,books,2097.08,,2026-02-17T06:33:28.351Z,file:///opt/spark-apps/data/raw/products.csv
4878,Product4878,clothing,3222.25,,2026-02-17T06:33:28.351Z,file:///opt/spark-apps/data/raw/products.csv
4879,Product4879,books,2069.02,,2026-02-17T06:33:28.351Z,file:///opt/spark-apps/data/raw/products.csv
4880,Product4880,sports,4418.39,,2026-02-17T06:33:28.351Z,file:///opt/spark-apps/data/raw/products.csv
4881,Product4881,home,462.51,,2026-02-17T06:33:28.351Z,file:///opt/spark-apps/data/raw/products.csv
4882,Product4882,clothing,1577.81,,2026-02-17T06:33:28.351Z,file:///opt/spark-apps/data/raw/products.csv
4883,Product4883,clothing,1313.46,,2026-02-17T06:33:28.351Z,file:///opt/spark-apps/data/raw/products.csv
4884,Product4884,sports,677.66,,2026-02-17T06:33:28.351Z,file:///opt/spark-apps/data/raw/products.csv
4885,Product4885,sports,2524.22,,2026-02-17T06:33:28.351Z,file:///opt/spark-apps/data/raw/products.csv
4886,Product4886,clothing,1582.34,,2026-02-17T06:33:28.351Z,file:///opt/spark-apps/data/raw/products.csv
4887,Product4887,books,3107.57,,2026-02-17T06:33:28.351Z,file:///opt/spark-apps/data/raw/products.csv
4888,Product4888,electronics,4461.09,,2026-02-17T06:33:28.351Z,file:///opt/spark-apps/data/raw/products.csv
4889,Product4889,sports,3350.91,,2026-02-17T06:33:28.351Z,file:///opt/spark-apps/data/raw/products.csv
4890,Product4890,electronics,3763.8,,2026-02-17T06:33:28.351Z,file:///opt/spark-apps/data/raw/products.csv
4891,Product4891,home,702.08,,2026-02-17T06:33:28.351Z,file:///opt/spark-apps/data/raw/products.csv
4892,Product4892,clothing,2112.53,,2026-02-17T06:33:28.351Z,file:///opt/spark-apps/data/raw/products.csv
4893,Product4893,books,1450.33,,2026-02-17T06:33:28.351Z,file:///opt/spark-apps/data/raw/products.csv
4894,Product4894,books,4129.32,,2026-02-17T06:33:28.351Z,file:///opt/spark-apps/data/raw/products.csv
4895,Product4895,sports,1580.38,,2026-02-17T06:33:28.351Z,file:///opt/spark-apps/data/raw/products.csv
4896,Product4896,sports,230.91,,2026-02-17T06:33:28.351Z,file:///opt/spark-apps/data/raw/products.csv
4897,Product4897,sports,4424.88,,2026-02-17T06:33:28.351Z,file:///opt/spark-apps/data/raw/products.csv
4898,Product4898,books,1946.95,,2026-02-17T06:33:28.351Z,file:///opt/spark-apps/data/raw/products.csv
4899,Product4899,books,1252.53,,2026-02-17T06:33:28.351Z,file:///opt/spark-apps/data/raw/products.csv
4900,Product4900,clothing,4081.38,,2026-02-17T06:33:28.351Z,file:///opt/spark-apps/data/raw/products.csv
4901,Product4901,electronics,2075.46,,2026-02-17T06:33:28.351Z,file:///opt/spark-apps/data/raw/products.csv
4902,Product4902,sports,4011.66,,2026-02-17T06:33:28.351Z,file:///opt/spark-apps/data/raw/products.csv
4903,Product4903,home,1193.7,,2026-02-17T06:33:28.351Z,file:///opt/spark-apps/data/raw/products.csv
4904,Product4904,home,2523.34,,2026-02-17T06:33:28.351Z,file:///opt/spark-apps/data/raw/products.csv
4905,Product4905,clothing,3434.62,,2026-02-17T06:33:28.351Z,file:///opt/spark-apps/data/raw/products.csv
4906,Product4906,electronics,3555.94,,2026-02-17T06:33:28.351Z,file:///opt/spark-apps/data/raw/products.csv
4907,Product4907,clothing,3307.06,,2026-02-17T06:33:28.351Z,file:///opt/spark-apps/data/raw/products.csv
4908,Product4908,books,1864.05,,2026-02-17T06:33:28.351Z,file:///opt/spark-apps/data/raw/products.csv
4909,Product4909,electronics,81.51,,2026-02-17T06:33:28.351Z,file:///opt/spark-apps/data/raw/products.csv
4910,Product4910,electronics,1136.55,,2026-02-17T06:33:28.351Z,file:///opt/spark-apps/data/raw/products.csv
4911,Product4911,books,4206.0,,2026-02-17T06:33:28.351Z,file:///opt/spark-apps/data/raw/products.csv
4912,Product4912,sports,593.66,,2026-02-17T06:33:28.351Z,file:///opt/spark-apps/data/raw/products.csv
4913,Product4913,clothing,4684.31,,2026-02-17T06:33:28.351Z,file:///opt/spark-apps/data/raw/products.csv
4914,Product4914,sports,1254.0,,2026-02-17T06:33:28.351Z,file:///opt/spark-apps/data/raw/products.csv
4915,Product4915,clothing,419.21,,2026-02-17T06:33:28.351Z,file:///opt/spark-apps/data/raw/products.csv
4916,Product4916,books,1708.75,,2026-02-17T06:33:28.351Z,file:///opt/spark-apps/data/raw/products.csv
4917,Product4917,sports,4476.26,,2026-02-17T06:33:28.351Z,file:///opt/spark-apps/data/raw/products.csv
4918,Product4918,sports,763.53,,2026-02-17T06:33:28.351Z,file:///opt/spark-apps/data/raw/products.csv
4919,Product4919,books,3756.78,,2026-02-17T06:33:28.351Z,file:///opt/spark-apps/data/raw/products.csv
4920,Product4920,sports,2309.0,,2026-02-17T06:33:28.351Z,file:///opt/spark-apps/data/raw/products.csv
4921,Product4921,electronics,545.44,,2026-02-17T06:33:28.351Z,file:///opt/spark-apps/data/raw/products.csv
4922,Product4922,home,1426.71,,2026-02-17T06:33:28.351Z,file:///opt/spark-apps/data/raw/products.csv
4923,Product4923,sports,3829.43,,2026-02-17T06:33:28.351Z,file:///opt/spark-apps/data/raw/products.csv
4924,Product4924,home,1337.11,,2026-02-17T06:33:28.351Z,file:///opt/spark-apps/data/raw/products.csv
4925,Product4925,home,2982.23,,2026-02-17T06:33:28.351Z,file:///opt/spark-apps/data/raw/products.csv
4926,Product4926,books,3181.14,,2026-02-17T06:33:28.351Z,file:///opt/spark-apps/data/raw/products.csv
4927,Product4927,home,1100.44,,2026-02-17T06:33:28.351Z,file:///opt/spark-apps/data/raw/products.csv
4928,Product4928,books,3451.75,,2026-02-17T06:33:28.351Z,file:///opt/spark-apps/data/raw/products.csv
4929,Product4929,clothing,864.66,,2026-02-17T06:33:28.351Z,file:///opt/spark-apps/data/raw/products.csv
4930,Product4930,electronics,2134.98,,2026-02-17T06:33:28.351Z,file:///opt/spark-apps/data/raw/products.csv
4931,Product4931,clothing,844.66,,2026-02-17T06:33:28.351Z,file:///opt/spark-apps/data/raw/products.csv
4932,Product4932,sports,3523.14,,2026-02-17T06:33:28.351Z,file:///opt/spark-apps/data/raw/products.csv
4933,Product4933,books,4426.93,,2026-02-17T06:33:28.351Z,file:///opt/spark-apps/data/raw/products.csv
4934,Product4934,sports,1727.31,,2026-02-17T06:33:28.351Z,file:///opt/spark-apps/data/raw/products.csv
4935,Product4935,clothing,1239.32,,2026-02-17T06:33:28.351Z,file:///opt/spark-apps/data/raw/products.csv
4936,Product4936,home,535.99,,2026-02-17T06:33:28.351Z,file:///opt/spark-apps/data/raw/products.csv
4937,Product4937,electronics,1070.15,,2026-02-17T06:33:28.351Z,file:///opt/spark-apps/data/raw/products.csv
4938,Product4938,sports,3178.26,,2026-02-17T06:33:28.351Z,file:///opt/spark-apps/data/raw/products.csv
4939,Product4939,sports,4238.32,,2026-02-17T06:33:28.351Z,file:///opt/spark-apps/data/raw/products.csv
4940,Product4940,clothing,3859.48,,2026-02-17T06:33:28.351Z,file:///opt/spark-apps/data/raw/products.csv
4941,Product4941,books,1413.06,,2026-02-17T06:33:28.351Z,file:///opt/spark-apps/data/raw/products.csv
4942,Product4942,home,4846.24,,2026-02-17T06:33:28.351Z,file:///opt/spark-apps/data/raw/products.csv
4943,Product4943,electronics,3805.51,,2026-02-17T06:33:28.351Z,file:///opt/spark-apps/data/raw/products.csv
4944,Product4944,sports,4400.25,,2026-02-17T06:33:28.351Z,file:///opt/spark-apps/data/raw/products.csv
4945,Product4945,home,3417.39,,2026-02-17T06:33:28.351Z,file:///opt/spark-apps/data/raw/products.csv
4946,Product4946,books,2651.04,,2026-02-17T06:33:28.351Z,file:///opt/spark-apps/data/raw/products.csv
4947,Product4947,books,3303.56,,2026-02-17T06:33:28.351Z,file:///opt/spark-apps/data/raw/products.csv
4948,Product4948,books,4939.94,,2026-02-17T06:33:28.351Z,file:///opt/spark-apps/data/raw/products.csv
4949,Product4949,clothing,4821.35,,2026-02-17T06:33:28.351Z,file:///opt/spark-apps/data/raw/products.csv
4950,Product4950,clothing,886.82,,2026-02-17T06:33:28.351Z,file:///opt/spark-apps/data/raw/products.csv
4951,Product4951,clothing,520.64,,2026-02-17T06:33:28.351Z,file:///opt/spark-apps/data/raw/products.csv
4952,Product4952,clothing,378.33,,2026-02-17T06:33:28.351Z,file:///opt/spark-apps/data/raw/products.csv
4953,Product4953,electronics,3661.72,,2026-02-17T06:33:28.351Z,file:///opt/spark-apps/data/raw/products.csv
4954,Product4954,clothing,4731.49,,2026-02-17T06:33:28.351Z,file:///opt/spark-apps/data/raw/products.csv
4955,Product4955,clothing,2607.13,,2026-02-17T06:33:28.351Z,file:///opt/spark-apps/data/raw/products.csv
4956,Product4956,books,3342.41,,2026-02-17T06:33:28.351Z,file:///opt/spark-apps/data/raw/products.csv
4957,Product4957,books,3753.28,,2026-02-17T06:33:28.351Z,file:///opt/spark-apps/data/raw/products.csv
4958,Product4958,electronics,221.25,,2026-02-17T06:33:28.351Z,file:///opt/spark-apps/data/raw/products.csv
4959,Product4959,electronics,4749.16,,2026-02-17T06:33:28.351Z,file:///opt/spark-apps/data/raw/products.csv
4960,Product4960,clothing,2504.92,,2026-02-17T06:33:28.351Z,file:///opt/spark-apps/data/raw/products.csv
4961,Product4961,home,3215.15,,2026-02-17T06:33:28.351Z,file:///opt/spark-apps/data/raw/products.csv
4962,Product4962,books,3988.34,,2026-02-17T06:33:28.351Z,file:///opt/spark-apps/data/raw/products.csv
4963,Product4963,clothing,1241.31,,2026-02-17T06:33:28.351Z,file:///opt/spark-apps/data/raw/products.csv
4964,Product4964,sports,625.25,,2026-02-17T06:33:28.351Z,file:///opt/spark-apps/data/raw/products.csv
4965,Product4965,home,4378.87,,2026-02-17T06:33:28.351Z,file:///opt/spark-apps/data/raw/products.csv
4966,Product4966,home,4701.64,,2026-02-17T06:33:28.351Z,file:///opt/spark-apps/data/raw/products.csv
4967,Product4967,sports,4451.72,,2026-02-17T06:33:28.351Z,file:///opt/spark-apps/data/raw/products.csv
4968,Product4968,sports,379.35,,2026-02-17T06:33:28.351Z,file:///opt/spark-apps/data/raw/products.csv
4969,Product4969,clothing,2086.9,,2026-02-17T06:33:28.351Z,file:///opt/spark-apps/data/raw/products.csv
4970,Product4970,home,4633.7,,2026-02-17T06:33:28.351Z,file:///opt/spark-apps/data/raw/products.csv
4971,Product4971,electronics,1986.37,,2026-02-17T06:33:28.351Z,file:///opt/spark-apps/data/raw/products.csv
4972,Product4972,sports,171.2,,2026-02-17T06:33:28.351Z,file:///opt/spark-apps/data/raw/products.csv
4973,Product4973,books,674.3,,2026-02-17T06:33:28.351Z,file:///opt/spark-apps/data/raw/products.csv
4974,Product4974,sports,2432.99,,2026-02-17T06:33:28.351Z,file:///opt/spark-apps/data/raw/products.csv
4975,Product4975,electronics,4452.47,,2026-02-17T06:33:28.351Z,file:///opt/spark-apps/data/raw/products.csv
4976,Product4976,books,1593.79,,2026-02-17T06:33:28.351Z,file:///opt/spark-apps/data/raw/products.csv
4977,Product4977,home,4539.0,,2026-02-17T06:33:28.351Z,file:///opt/spark-apps/data/raw/products.csv
4978,Product4978,sports,1310.76,,2026-02-17T06:33:28.351Z,file:///opt/spark-apps/data/raw/products.csv
4979,Product4979,home,2187.51,,2026-02-17T06:33:28.351Z,file:///opt/spark-apps/data/raw/products.csv
4980,Product4980,electronics,4163.1,,2026-02-17T06:33:28.351Z,file:///opt/spark-apps/data/raw/products.csv
4981,Product4981,electronics,1455.27,,2026-02-17T06:33:28.351Z,file:///opt/spark-apps/data/raw/products.csv
4982,Product4982,clothing,906.45,,2026-02-17T06:33:28.351Z,file:///opt/spark-apps/data/raw/products.csv
4983,Product4983,sports,1823.37,,2026-02-17T06:33:28.351Z,file:///opt/spark-apps/data/raw/products.csv
4984,Product4984,books,4543.34,,2026-02-17T06:33:28.351Z,file:///opt/spark-apps/data/raw/products.csv
4985,Product4985,books,1381.82,,2026-02-17T06:33:28.351Z,file:///opt/spark-apps/data/raw/products.csv
4986,Product4986,clothing,772.87,,2026-02-17T06:33:28.351Z,file:///opt/spark-apps/data/raw/products.csv
4987,Product4987,electronics,972.93,,2026-02-17T06:33:28.351Z,file:///opt/spark-apps/data/raw/products.csv
4988,Product4988,electronics,20.23,,2026-02-17T06:33:28.351Z,file:///opt/spark-apps/data/raw/products.csv
4989,Product4989,clothing,2071.85,,2026-02-17T06:33:28.351Z,file:///opt/spark-apps/data/raw/products.csv
4990,Product4990,home,939.52,,2026-02-17T06:33:28.351Z,file:///opt/spark-apps/data/raw/products.csv
4991,Product4991,sports,4805.07,,2026-02-17T06:33:28.351Z,file:///opt/spark-apps/data/raw/products.csv
4992,Product4992,sports,4484.69,,2026-02-17T06:33:28.351Z,file:///opt/spark-apps/data/raw/products.csv
4993,Product4993,electronics,3487.85,,2026-02-17T06:33:28.351Z,file:///opt/spark-apps/data/raw/products.csv
4994,Product4994,electronics,2308.16,,2026-02-17T06:33:28.351Z,file:///opt/spark-apps/data/raw/products.csv
4995,Product4995,sports,3798.75,,2026-02-17T06:33:28.351Z,file:///opt/spark-apps/data/raw/products.csv
4996,Product4996,sports,1235.99,,2026-02-17T06:33:28.351Z,file:///opt/spark-apps/data/raw/products.csv
4997,Product4997,home,3903.54,,2026-02-17T06:33:28.351Z,file:///opt/spark-apps/data/raw/products.csv
4998,Product4998,clothing,330.99,,2026-02-17T06:33:28.351Z,file:///opt/spark-apps/data/raw/products.csv
4999,Product4999,electronics,1118.95,,2026-02-17T06:33:28.351Z,file:///opt/spark-apps/data/raw/products.csv
5000,Product5000,clothing,25.01,,2026-02-17T06:33:28.351Z,file:///opt/spark-apps/data/raw/products.csv
