product_id,product_name,category,price
1,Product1,Clothing,4395.89
2,Product2,Books,2868.88
3,Product3,Clothing,3364.95
4,Product4,Home,4595.99
5,Product5,Home,222.08
6,Product6,Sports,4856.91
7,Product7,Home,1026.84
8,Product8,Home,2593.41
9,Product9,Books,1281.44
10,Product10,Clothing,835.8
11,Product11,Clothing,1281.6
12,Product12,Books,151.75
13,Product13,Clothing,1868.25
14,Product14,Home,501.99
15,Product15,Sports,2393.7
16,Product16,Home,3942.94
17,Product17,Home,2680.47
18,Product18,Books,3565.83
19,Product19,Home,4983.27
20,Product20,Home,1247.81
21,Product21,Clothing,3702.29
22,Product22,Home,2543.46
23,Product23,Clothing,2766.54
24,Product24,Clothing,1889.95
25,Product25,Sports,2921.19
26,Product26,Books,1398.7
27,Product27,Sports,4488.03
28,Product28,Sports,3725.71
29,Product29,Clothing,357.08
30,Product30,Clothing,2220.35
31,Product31,Sports,4987.44
32,Product32,Home,1774.39
33,Product33,Sports,1392.25
34,Product34,Home,3751.68
35,Product35,Books,3806.53
36,Product36,Electronics,2688.32
37,Product37,Sports,1202.66
38,Product38,Clothing,2316.39
39,Product39,Electronics,1216.83
40,Product40,Sports,717.09
41,Product41,Electronics,254.53
42,Product42,Sports,1602.18
43,Product43,Home,3647.77
44,Product44,Electronics,2832.7
45,Product45,Sports,564.27
46,Product46,Sports,1240.13
47,Product47,Clothing,471.51
48,Product48,Home,631.76
49,Product49,Clothing,981.99
50,Product50,Electronics,1997.73
51,Product51,Books,3830.26
52,Product52,Sports,2248.71
53,Product53,Clothing,176.33
54,Product54,Books,1307.64
55,Product55,Books,2643.98
56,Product56,Sports,2597.01
57,Product57,Sports,3946.55
58,Product58,Home,4707.57
59,Product59,Home,4973.36
60,Product60,Sports,395.67
61,Product61,Clothing,1023.91
62,Product62,Clothing,2302.64
63,Product63,Electronics,1962.29
64,Product64,Sports,2923.19
65,Product65,Home,4382.39
66,Product66,Electronics,2543.99
67,Product67,Sports,1130.09
68,Product68,Sports,4503.04
69,Product69,Sports,4608.55
70,Product70,Sports,1459.74
71,Product71,Clothing,1492.36
72,Product72,Electronics,4331.87
73,Product73,Home,1940.04
74,Product74,Sports,3846.65
75,Product75,Sports,3075.46
76,Product76,Home,1093.51
77,Product77,Clothing,3496.02
78,Product78,Sports,2199.06
79,Product79,Clothing,4498.52
80,Product80,Home,1841.08
81,Product81,Home,2908.73
82,Product82,Books,798.56
83,Product83,Books,151.64
84,Product84,Clothing,3797.06
85,Product85,Books,1320.65
86,Product86,Books,2310.21
87,Product87,Electronics,3307.07
88,Product88,Electronics,4945.58
89,Product89,Electronics,905.55
90,Product90,Books,1835.03
91,Product91,Books,1608.42
92,Product92,Clothing,4171.85
93,Product93,Clothing,1938.35
94,Product94,Electronics,2345.23
95,Product95,Books,711.54
96,Product96,Sports,4154.92
97,Product97,Home,3735.3
98,Product98,Electronics,3878.03
99,Product99,Books,4561.61
100,Product100,Clothing,4456.35
101,Product101,Home,4267.87
102,Product102,Sports,4309.78
103,Product103,Books,716.77
104,Product104,Clothing,974.55
105,Product105,Home,836.67
106,Product106,Clothing,3383.06
107,Product107,Books,3951.47
108,Product108,Electronics,3223.25
109,Product109,Books,1210.52
110,Product110,Electronics,2515.16
111,Product111,Electronics,572.83
112,Product112,Sports,4526.42
113,Product113,Electronics,655.14
114,Product114,Electronics,1063.96
115,Product115,Sports,2589.23
116,Product116,Electronics,923.36
117,Product117,Clothing,3866.74
118,Product118,Clothing,1158.99
119,Product119,Electronics,1594.66
120,Product120,Sports,3418.22
121,Product121,Books,2400.08
122,Product122,Home,1410.59
123,Product123,Electronics,2062.87
124,Product124,Home,408.77
125,Product125,Electronics,1366.09
126,Product126,Clothing,1245.36
127,Product127,Electronics,2212.53
128,Product128,Clothing,2592.41
129,Product129,Clothing,1790.46
130,Product130,Books,1410.15
131,Product131,Electronics,3781.23
132,Product132,Books,4357.84
133,Product133,Sports,4523.16
134,Product134,Home,408.14
135,Product135,Sports,2061.6
136,Product136,Home,348.03
137,Product137,Electronics,2365.78
138,Product138,Electronics,3372.67
139,Product139,Clothing,1082.2
140,Product140,Clothing,303.67
141,Product141,Books,4793.67
142,Product142,Home,1883.7
143,Product143,Clothing,2070.63
144,Product144,Home,2623.17
145,Product145,Electronics,3587.72
146,Product146,Electronics,785.87
147,Product147,Clothing,988.15
148,Product148,Home,1107.81
149,Product149,Sports,144.43
150,Product150,Sports,2551.94
151,Product151,Books,3499.57
152,Product152,Home,3394.0
153,Product153,Clothing,3376.49
154,Product154,Clothing,4856.4
155,Product155,Books,1815.66
156,Product156,Clothing,19.47
157,Product157,Home,2105.84
158,Product158,Clothing,3020.34
159,Product159,Clothing,592.38
160,Product160,Clothing,4672.63
161,Product161,Clothing,3363.98
162,Product162,Books,964.45
163,Product163,Sports,2404.56
164,Product164,Electronics,3458.53
165,Product165,Sports,3078.57
166,Product166,Sports,3117.21
167,Product167,Electronics,241.01
168,Product168,Books,767.38
169,Product169,Books,3291.14
170,Product170,Home,1652.21
171,Product171,Electronics,1344.12
172,Product172,Books,1084.32
173,Product173,Home,2909.62
174,Product174,Clothing,3877.04
175,Product175,Books,2823.43
176,Product176,Clothing,964.27
177,Product177,Sports,3516.99
178,Product178,Sports,2953.52
179,Product179,Sports,2199.9
180,Product180,Electronics,2640.72
181,Product181,Books,3003.44
182,Product182,Electronics,3791.6
183,Product183,Clothing,4954.48
184,Product184,Home,4811.57
185,Product185,Sports,3277.01
186,Product186,Clothing,4932.47
187,Product187,Sports,3827.65
188,Product188,Books,3883.08
189,Product189,Electronics,2584.22
190,Product190,Clothing,3327.67
191,Product191,Books,4538.57
192,Product192,Home,3251.98
193,Product193,Sports,627.45
194,Product194,Clothing,4530.98
195,Product195,Sports,2286.44
196,Product196,Home,4265.04
197,Product197,Clothing,1076.47
198,Product198,Sports,1045.8
199,Product199,Clothing,187.36
200,Product200,Sports,4972.75
201,Product201,Home,2500.27
202,Product202,Books,1759.66
203,Product203,Books,3741.93
204,Product204,Electronics,2810.53
205,Product205,Electronics,1302.84
206,Product206,Clothing,180.59
207,Product207,Home,3879.49
208,Product208,Clothing,2440.36
209,Product209,Books,1131.56
210,Product210,Sports,3003.92
211,Product211,Books,601.99
212,Product212,Electronics,4528.06
213,Product213,Books,2154.04
214,Product214,Books,1303.3
215,Product215,Clothing,1146.51
216,Product216,Sports,4777.63
217,Product217,Electronics,2993.33
218,Product218,Sports,3593.58
219,Product219,Clothing,1581.68
220,Product220,Clothing,186.87
221,Product221,Electronics,2326.57
222,Product222,Books,188.9
223,Product223,Electronics,738.88
224,Product224,Home,3687.63
225,Product225,Books,1158.85
226,Product226,Home,4040.63
227,Product227,Books,168.37
228,Product228,Books,938.51
229,Product229,Books,3483.67
230,Product230,Home,3161.71
231,Product231,Electronics,2956.14
232,Product232,Books,394.35
233,Product233,Sports,2482.31
234,Product234,Electronics,3633.76
235,Product235,Clothing,609.63
236,Product236,Clothing,4009.66
237,Product237,Home,523.35
238,Product238,Books,2575.86
239,Product239,Electronics,1917.1
240,Product240,Home,2106.81
241,Product241,Electronics,4627.89
242,Product242,Books,3085.8
243,Product243,Clothing,681.22
244,Product244,Home,191.86
245,Product245,Sports,7.29
246,Product246,Books,4466.14
247,Product247,Books,4555.29
248,Product248,Books,3636.92
249,Product249,Books,359.53
250,Product250,Clothing,561.57
251,Product251,Clothing,17.08
252,Product252,Sports,2675.77
253,Product253,Sports,3901.83
254,Product254,Sports,66.95
255,Product255,Electronics,1140.02
256,Product256,Sports,2596.01
257,Product257,Books,3620.43
258,Product258,Home,3771.61
259,Product259,Books,2712.56
260,Product260,Sports,387.7
261,Product261,Books,4582.61
262,Product262,Clothing,3603.74
263,Product263,Clothing,4611.55
264,Product264,Clothing,2228.59
265,Product265,Electronics,769.4
266,Product266,Electronics,1490.33
267,Product267,Books,3497.52
268,Product268,Clothing,179.19
269,Product269,Electronics,1218.69
270,Product270,Home,4912.16
271,Product271,Electronics,351.07
272,Product272,Books,3154.23
273,Product273,Clothing,984.13
274,Product274,Clothing,1696.16
275,Product275,Electronics,4782.85
276,Product276,Home,4158.41
277,Product277,Books,1410.18
278,Product278,Clothing,2448.94
279,Product279,Books,4319.14
280,Product280,Books,2781.0
281,Product281,Home,3893.54
282,Product282,Electronics,4980.86
283,Product283,Home,3012.38
284,Product284,Books,3066.16
285,Product285,Sports,4498.6
286,Product286,Home,2365.45
287,Product287,Electronics,91.22
288,Product288,Home,4142.46
289,Product289,Home,4767.55
290,Product290,Books,4333.07
291,Product291,Clothing,1848.67
292,Product292,Clothing,3869.67
293,Product293,Sports,2337.21
294,Product294,Home,25.83
295,Product295,Home,3381.45
296,Product296,Home,3016.63
297,Product297,Books,3626.92
298,Product298,Home,1849.34
299,Product299,Sports,1800.75
300,Product300,Books,4783.43
301,Product301,Sports,4252.36
302,Product302,Books,4860.29
303,Product303,Home,3390.49
304,Product304,Home,1774.13
305,Product305,Sports,3274.1
306,Product306,Sports,4853.1
307,Product307,Sports,4083.84
308,Product308,Home,1833.42
309,Product309,Electronics,3780.66
310,Product310,Sports,2484.48
311,Product311,Sports,2942.93
312,Product312,Clothing,3155.75
313,Product313,Books,4713.18
314,Product314,Sports,121.82
315,Product315,Home,4623.59
316,Product316,Sports,1341.2
317,Product317,Sports,1505.86
318,Product318,Books,2934.46
319,Product319,Home,1080.06
320,Product320,Home,4807.26
321,Product321,Electronics,822.81
322,Product322,Electronics,2113.29
323,Product323,Clothing,3513.3
324,Product324,Sports,956.53
325,Product325,Electronics,3590.85
326,Product326,Sports,568.35
327,Product327,Electronics,4487.46
328,Product328,Books,3320.54
329,Product329,Clothing,1601.13
330,Product330,Books,1616.75
331,Product331,Clothing,1214.0
332,Product332,Books,4691.76
333,Product333,Books,2432.37
334,Product334,Clothing,3160.87
335,Product335,Home,459.28
336,Product336,Clothing,4763.05
337,Product337,Electronics,2278.7
338,Product338,Books,1926.08
339,Product339,Clothing,2028.71
340,Product340,Home,4469.79
341,Product341,Sports,3358.02
342,Product342,Books,1504.49
343,Product343,Electronics,1157.61
344,Product344,Clothing,2519.08
345,Product345,Books,3622.52
346,Product346,Books,4904.39
347,Product347,Sports,595.31
348,Product348,Home,236.63
349,Product349,Electronics,2523.58
350,Product350,Electronics,2348.62
351,Product351,Clothing,729.81
352,Product352,Home,3307.52
353,Product353,Sports,2536.76
354,Product354,Home,3509.27
355,Product355,Electronics,1003.98
356,Product356,Clothing,3823.19
357,Product357,Electronics,1444.66
358,Product358,Clothing,2000.96
359,Product359,Clothing,3680.11
360,Product360,Clothing,3925.68
361,Product361,Sports,3755.4
362,Product362,Electronics,1358.72
363,Product363,Sports,1366.95
364,Product364,Books,1028.94
365,Product365,Sports,58.03
366,Product366,Books,557.59
367,Product367,Home,3255.92
368,Product368,Books,1761.33
369,Product369,Books,1778.52
370,Product370,Books,2626.0
371,Product371,Electronics,1931.39
372,Product372,Electronics,4047.26
373,Product373,Home,4697.57
374,Product374,Books,2451.41
375,Product375,Home,1496.54
376,Product376,Books,1339.2
377,Product377,Home,2633.67
378,Product378,Sports,1330.49
379,Product379,Sports,21.97
380,Product380,Clothing,3119.5
381,Product381,Clothing,4349.79
382,Product382,Clothing,2918.18
383,Product383,Home,164.46
384,Product384,Clothing,2657.83
385,Product385,Sports,3630.3
386,Product386,Clothing,2191.79
387,Product387,Electronics,2861.05
388,Product388,Electronics,2794.66
389,Product389,Clothing,834.65
390,Product390,Electronics,3549.63
391,Product391,Sports,3730.46
392,Product392,Home,1520.34
393,Product393,Electronics,4992.83
394,Product394,Sports,3620.27
395,Product395,Electronics,1618.69
396,Product396,Sports,3757.52
397,Product397,Clothing,4547.28
398,Product398,Books,4920.78
399,Product399,Clothing,1228.21
400,Product400,Clothing,1876.1
401,Product401,Home,4632.62
402,Product402,Home,4988.56
403,Product403,Sports,3376.26
404,Product404,Clothing,4167.83
405,Product405,Books,634.06
406,Product406,Books,4249.23
407,Product407,Clothing,653.15
408,Product408,Books,3379.69
409,Product409,Home,4214.7
410,Product410,Clothing,3371.54
411,Product411,Electronics,3930.27
412,Product412,Electronics,857.2
413,Product413,Books,2398.08
414,Product414,Clothing,2967.0
415,Product415,Electronics,3255.31
416,Product416,Sports,3806.21
417,Product417,Sports,3514.64
418,Product418,Clothing,2619.99
419,Product419,Home,3099.4
420,Product420,Books,4496.37
421,Product421,Sports,2668.01
422,Product422,Home,3537.65
423,Product423,Books,1069.12
424,Product424,Home,915.26
425,Product425,Sports,2736.21
426,Product426,Home,2128.28
427,Product427,Clothing,2358.46
428,Product428,Home,2082.71
429,Product429,Clothing,86.02
430,Product430,Electronics,3638.67
431,Product431,Electronics,2761.59
432,Product432,Books,501.52
433,Product433,Home,4768.69
434,Product434,Home,2607.27
435,Product435,Clothing,743.57
436,Product436,Books,227.06
437,Product437,Home,1716.58
438,Product438,Clothing,941.72
439,Product439,Home,103.99
440,Product440,Electronics,4475.18
441,Product441,Books,959.8
442,Product442,Clothing,2625.72
443,Product443,Books,4214.03
444,Product444,Clothing,2333.3
445,Product445,Books,1298.01
446,Product446,Sports,3705.36
447,Product447,Electronics,3530.7
448,Product448,Home,4997.29
449,Product449,Clothing,1462.43
450,Product450,Home,2308.72
451,Product451,Electronics,4862.69
452,Product452,Books,4104.08
453,Product453,Home,2651.72
454,Product454,Electronics,1510.23
455,Product455,Clothing,2971.15
456,Product456,Sports,3879.16
457,Product457,Clothing,2184.9
458,Product458,Electronics,1069.27
459,Product459,Books,4079.23
460,Product460,Clothing,3034.36
461,Product461,Sports,1021.07
462,Product462,Electronics,1655.42
463,Product463,Sports,2495.94
464,Product464,Books,3673.88
465,Product465,Clothing,3370.36
466,Product466,Sports,565.11
467,Product467,Home,1586.58
468,Product468,Home,2707.28
469,Product469,Books,4195.4
470,Product470,Clothing,269.1
471,Product471,Books,4494.32
472,Product472,Electronics,404.73
473,Product473,Sports,461.14
474,Product474,Electronics,1471.56
475,Product475,Books,4607.83
476,Product476,Sports,1436.97
477,Product477,Clothing,3152.23
478,Product478,Home,537.6
479,Product479,Home,2827.4
480,Product480,Sports,418.98
481,Product481,Sports,2275.58
482,Product482,Books,1206.2
483,Product483,Home,1332.51
484,Product484,Books,1280.35
485,Product485,Clothing,4740.75
486,Product486,Electronics,3866.65
487,Product487,Clothing,4430.73
488,Product488,Clothing,4684.61
489,Product489,Home,1364.11
490,Product490,Electronics,3547.67
491,Product491,Clothing,3659.44
492,Product492,Books,4759.96
493,Product493,Books,1415.54
494,Product494,Electronics,1081.88
495,Product495,Home,911.88
496,Product496,Books,959.55
497,Product497,Electronics,4068.09
498,Product498,Electronics,3856.2
499,Product499,Home,1587.63
500,Product500,Sports,2014.56
501,Product501,Sports,4277.28
502,Product502,Home,2899.67
503,Product503,Books,621.97
504,Product504,Books,1707.92
505,Product505,Home,600.05
506,Product506,Clothing,2224.91
507,Product507,Books,2970.93
508,Product508,Books,2307.74
509,Product509,Home,3398.04
510,Product510,Electronics,3102.97
511,Product511,Sports,4319.36
512,Product512,Electronics,3115.63
513,Product513,Books,2152.58
514,Product514,Clothing,626.27
515,Product515,Home,1169.74
516,Product516,Home,250.17
517,Product517,Electronics,3583.96
518,Product518,Books,2930.93
519,Product519,Clothing,3835.58
520,Product520,Books,4181.77
521,Product521,Books,2942.36
522,Product522,Clothing,3691.06
523,Product523,Electronics,1398.19
524,Product524,Home,3149.59
525,Product525,Clothing,3868.12
526,Product526,Electronics,1188.51
527,Product527,Sports,3973.18
528,Product528,Sports,1778.68
529,Product529,Clothing,1281.84
530,Product530,Electronics,1799.76
531,Product531,Electronics,146.95
532,Product532,Electronics,1654.74
533,Product533,Clothing,3743.11
534,Product534,Sports,3427.45
535,Product535,Sports,3821.97
536,Product536,Electronics,641.32
537,Product537,Electronics,142.25
538,Product538,Electronics,2551.69
539,Product539,Home,4777.12
540,Product540,Home,3427.06
541,Product541,Books,531.57
542,Product542,Home,4865.76
543,Product543,Home,1895.52
544,Product544,Sports,603.52
545,Product545,Sports,313.96
546,Product546,Books,3813.55
547,Product547,Electronics,1302.71
548,Product548,Electronics,2453.86
549,Product549,Home,2215.1
550,Product550,Sports,3129.26
551,Product551,Clothing,1476.24
552,Product552,Home,1098.68
553,Product553,Home,1559.69
554,Product554,Electronics,2569.78
555,Product555,Electronics,2431.58
556,Product556,Home,3373.03
557,Product557,Clothing,751.42
558,Product558,Sports,1681.32
559,Product559,Clothing,606.05
560,Product560,Electronics,2966.74
561,Product561,Books,2570.77
562,Product562,Home,4912.45
563,Product563,Home,4087.27
564,Product564,Electronics,1635.34
565,Product565,Home,2042.02
566,Product566,Sports,1149.83
567,Product567,Home,411.21
568,Product568,Electronics,4166.82
569,Product569,Sports,1604.2
570,Product570,Books,2668.77
571,Product571,Electronics,316.69
572,Product572,Sports,5.04
573,Product573,Electronics,2852.31
574,Product574,Home,3091.58
575,Product575,Sports,679.29
576,Product576,Sports,486.3
577,Product577,Electronics,4272.65
578,Product578,Home,1998.08
579,Product579,Home,1420.0
580,Product580,Electronics,2188.91
581,Product581,Clothing,1886.2
582,Product582,Electronics,1689.99
583,Product583,Electronics,3404.32
584,Product584,Clothing,2210.3
585,Product585,Electronics,2351.05
586,Product586,Home,4741.56
587,Product587,Clothing,4540.06
588,Product588,Home,3818.58
589,Product589,Clothing,1045.61
590,Product590,Home,1537.65
591,Product591,Home,3097.86
592,Product592,Home,4764.52
593,Product593,Books,4822.94
594,Product594,Books,4518.89
595,Product595,Clothing,1843.52
596,Product596,Books,4512.58
597,Product597,Clothing,4497.19
598,Product598,Electronics,4550.15
599,Product599,Clothing,3305.7
600,Product600,Home,3529.74
601,Product601,Clothing,2831.69
602,Product602,Clothing,2044.83
603,Product603,Home,4593.61
604,Product604,Home,1675.46
605,Product605,Clothing,3164.7
606,Product606,Books,1636.11
607,Product607,Home,286.65
608,Product608,Sports,963.52
609,Product609,Home,879.09
610,Product610,Books,2685.96
611,Product611,Electronics,2794.77
612,Product612,Books,4385.89
613,Product613,Books,1952.3
614,Product614,Electronics,599.41
615,Product615,Electronics,2211.07
616,Product616,Books,4877.69
617,Product617,Books,4399.43
618,Product618,Home,3131.8
619,Product619,Clothing,700.51
620,Product620,Books,3887.97
621,Product621,Clothing,532.56
622,Product622,Electronics,111.06
623,Product623,Books,948.34
624,Product624,Sports,634.86
625,Product625,Sports,1670.61
626,Product626,Clothing,4255.73
627,Product627,Books,4185.3
628,Product628,Electronics,8.28
629,Product629,Home,2985.05
630,Product630,Sports,2132.29
631,Product631,Electronics,3231.4
632,Product632,Sports,411.86
633,Product633,Clothing,178.68
634,Product634,Sports,1871.1
635,Product635,Clothing,3283.5
636,Product636,Sports,629.47
637,Product637,Electronics,1051.43
638,Product638,Home,2628.83
639,Product639,Clothing,1741.82
640,Product640,Home,3614.13
641,Product641,Electronics,4523.86
642,Product642,Home,2970.98
643,Product643,Home,3284.95
644,Product644,Sports,1567.59
645,Product645,Sports,1690.73
646,Product646,Clothing,3601.56
647,Product647,Books,61.34
648,Product648,Clothing,4230.46
649,Product649,Clothing,1785.51
650,Product650,Electronics,2733.3
651,Product651,Home,1601.35
652,Product652,Books,3837.12
653,Product653,Clothing,2062.05
654,Product654,Home,3392.88
655,Product655,Books,3872.18
656,Product656,Electronics,2623.75
657,Product657,Sports,4327.49
658,Product658,Clothing,1826.72
659,Product659,Electronics,253.18
660,Product660,Books,663.05
661,Product661,Electronics,2405.53
662,Product662,Books,4634.75
663,Product663,Books,442.49
664,Product664,Electronics,1860.26
665,Product665,Books,8.42
666,Product666,Clothing,2243.68
667,Product667,Sports,4113.08
668,Product668,Electronics,1199.11
669,Product669,Clothing,894.69
670,Product670,Home,3088.45
671,Product671,Sports,2351.24
672,Product672,Clothing,2595.77
673,Product673,Electronics,4647.91
674,Product674,Books,2085.51
675,Product675,Electronics,345.42
676,Product676,Home,4731.64
677,Product677,Clothing,754.52
678,Product678,Sports,2082.44
679,Product679,Books,4415.21
680,Product680,Sports,2911.43
681,Product681,Sports,973.29
682,Product682,Electronics,3350.73
683,Product683,Electronics,4318.42
684,Product684,Home,4074.14
685,Product685,Electronics,37.31
686,Product686,Books,734.06
687,Product687,Home,530.46
688,Product688,Electronics,4977.39
689,Product689,Clothing,15.75
690,Product690,Books,355.91
691,Product691,Clothing,3434.66
692,Product692,Home,4319.74
693,Product693,Sports,3782.39
694,Product694,Electronics,745.99
695,Product695,Electronics,4353.55
696,Product696,Sports,700.37
697,Product697,Sports,2407.44
698,Product698,Home,4733.94
699,Product699,Books,4890.33
700,Product700,Sports,1394.6
701,Product701,Home,3334.37
702,Product702,Home,4194.82
703,Product703,Clothing,3629.49
704,Product704,Home,2308.98
705,Product705,Clothing,3210.33
706,Product706,Sports,1343.15
707,Product707,Books,1054.64
708,Product708,Clothing,4942.38
709,Product709,Sports,259.14
710,Product710,Home,1860.17
711,Product711,Clothing,4055.89
712,Product712,Home,1089.26
713,Product713,Clothing,2862.74
714,Product714,Electronics,4400.24
715,Product715,Electronics,3204.32
716,Product716,Clothing,2979.52
717,Product717,Home,4007.15
718,Product718,Sports,3443.2
719,Product719,Books,1301.62
720,Product720,Electronics,814.29
721,Product721,Home,2467.2
722,Product722,Sports,3518.75
723,Product723,Electronics,3189.26
724,Product724,Electronics,4536.56
725,Product725,Sports,49.01
726,Product726,Home,1127.05
727,Product727,Clothing,987.74
728,Product728,Books,975.21
729,Product729,Electronics,3315.31
730,Product730,Books,4135.84
731,Product731,Books,2347.57
732,Product732,Sports,4857.56
733,Product733,Clothing,3848.21
734,Product734,Books,2796.96
735,Product735,Electronics,4762.49
736,Product736,Sports,1095.45
737,Product737,Sports,451.43
738,Product738,Clothing,3090.79
739,Product739,Sports,3746.34
740,Product740,Books,2793.57
741,Product741,Sports,380.87
742,Product742,Home,2208.37
743,Product743,Electronics,4367.53
744,Product744,Electronics,1370.55
745,Product745,Electronics,4446.44
746,Product746,Clothing,136.68
747,Product747,Home,3845.26
748,Product748,Sports,53.23
749,Product749,Books,3440.96
750,Product750,Sports,1360.17
751,Product751,Books,785.55
752,Product752,Home,1385.41
753,Product753,Books,3234.58
754,Product754,Electronics,2829.05
755,Product755,Sports,2241.69
756,Product756,Sports,369.76
757,Product757,Clothing,4670.46
758,Product758,Home,2987.35
759,Product759,Books,3292.06
760,Product760,Sports,4611.03
761,Product761,Sports,265.01
762,Product762,Clothing,1351.51
763,Product763,Home,2594.84
764,Product764,Books,964.71
765,Product765,Home,1257.51
766,Product766,Home,2988.4
767,Product767,Home,2376.33
768,Product768,Books,4525.41
769,Product769,Electronics,2545.77
770,Product770,Home,2724.17
771,Product771,Electronics,1101.75
772,Product772,Electronics,3995.3
773,Product773,Books,1269.08
774,Product774,Electronics,4673.62
775,Product775,Books,1892.6
776,Product776,Books,3708.99
777,Product777,Books,1834.18
778,Product778,Clothing,2352.75
779,Product779,Sports,93.02
780,Product780,Clothing,3354.42
781,Product781,Clothing,3394.92
782,Product782,Sports,1975.9
783,Product783,Sports,3172.59
784,Product784,Sports,531.93
785,Product785,Clothing,2660.52
786,Product786,Sports,1752.2
787,Product787,Sports,3717.76
788,Product788,Clothing,406.23
789,Product789,Books,2031.07
790,Product790,Electronics,2710.33
791,Product791,Books,4942.83
792,Product792,Home,1431.78
793,Product793,Books,84.87
794,Product794,Sports,1184.04
795,Product795,Home,177.27
796,Product796,Home,1254.92
797,Product797,Clothing,952.04
798,Product798,Sports,3399.15
799,Product799,Electronics,2200.48
800,Product800,Sports,2846.5
801,Product801,Sports,4099.32
802,Product802,Clothing,4566.01
803,Product803,Sports,2668.6
804,Product804,Electronics,4158.01
805,Product805,Sports,4307.88
806,Product806,Books,3462.69
807,Product807,Home,1054.12
808,Product808,Clothing,778.14
809,Product809,Electronics,2592.77
810,Product810,Books,1309.08
811,Product811,Books,1582.25
812,Product812,Books,2938.56
813,Product813,Home,812.28
814,Product814,Home,3602.7
815,Product815,Clothing,768.42
816,Product816,Clothing,1253.19
817,Product817,Sports,4386.57
818,Product818,Books,1064.97
819,Product819,Electronics,3244.05
820,Product820,Sports,2616.66
821,Product821,Clothing,2063.28
822,Product822,Books,2077.81
823,Product823,Home,1357.46
824,Product824,Clothing,1362.84
825,Product825,Home,4842.34
826,Product826,Electronics,3398.5
827,Product827,Home,4785.39
828,Product828,Books,4049.7
829,Product829,Sports,3961.28
830,Product830,Books,3192.77
831,Product831,Home,4799.18
832,Product832,Electronics,368.3
833,Product833,Home,2266.75
834,Product834,Sports,2803.45
835,Product835,Sports,4473.57
836,Product836,Clothing,4100.58
837,Product837,Electronics,2042.07
838,Product838,Home,2642.23
839,Product839,Electronics,2579.85
840,Product840,Sports,1923.53
841,Product841,Home,1399.92
842,Product842,Books,172.73
843,Product843,Books,4036.64
844,Product844,Home,2138.97
845,Product845,Clothing,896.29
846,Product846,Sports,768.02
847,Product847,Books,570.32
848,Product848,Clothing,448.71
849,Product849,Electronics,3065.84
850,Product850,Electronics,1247.24
851,Product851,Sports,3522.74
852,Product852,Home,3013.42
853,Product853,Home,767.67
854,Product854,Home,3303.85
855,Product855,Books,3386.51
856,Product856,Clothing,3228.72
857,Product857,Electronics,3979.75
858,Product858,Electronics,1328.94
859,Product859,Home,4994.73
860,Product860,Electronics,616.9
861,Product861,Books,794.44
862,Product862,Electronics,1630.29
863,Product863,Books,4376.4
864,Product864,Books,2898.05
865,Product865,Sports,4433.28
866,Product866,Books,940.96
867,Product867,Clothing,2309.22
868,Product868,Clothing,1548.84
869,Product869,Clothing,3291.85
870,Product870,Home,1857.97
871,Product871,Home,2399.93
872,Product872,Home,3886.31
873,Product873,Home,841.97
874,Product874,Sports,3384.39
875,Product875,Sports,1523.07
876,Product876,Books,2907.9
877,Product877,Books,4374.64
878,Product878,Home,4897.93
879,Product879,Books,1400.65
880,Product880,Sports,1594.83
881,Product881,Books,2644.72
882,Product882,Sports,2586.32
883,Product883,Sports,4340.41
884,Product884,Electronics,2607.9
885,Product885,Clothing,1875.85
886,Product886,Sports,1488.74
887,Product887,Clothing,1468.41
888,Product888,Home,4774.11
889,Product889,Sports,2211.04
890,Product890,Books,149.1
891,Product891,Sports,4609.2
892,Product892,Books,2678.59
893,Product893,Clothing,2360.17
894,Product894,Home,1408.54
895,Product895,Books,1866.69
896,Product896,Clothing,844.29
897,Product897,Electronics,667.8
898,Product898,Clothing,2197.7
899,Product899,Clothing,1832.53
900,Product900,Home,4093.3
901,Product901,Electronics,3856.5
902,Product902,Electronics,1579.83
903,Product903,Home,2414.92
904,Product904,Books,1645.09
905,Product905,Electronics,319.54
906,Product906,Clothing,853.01
907,Product907,Electronics,1650.43
908,Product908,Sports,659.04
909,Product909,Clothing,1697.2
910,Product910,Books,303.84
911,Product911,Books,3702.22
912,Product912,Sports,3311.94
913,Product913,Books,4612.1
914,Product914,Home,4190.52
915,Product915,Sports,4840.44
916,Product916,Sports,1677.13
917,Product917,Clothing,449.48
918,Product918,Home,3154.79
919,Product919,Books,4176.45
920,Product920,Sports,2553.02
921,Product921,Home,2850.46
922,Product922,Home,1929.71
923,Product923,Electronics,9.55
924,Product924,Electronics,4485.15
925,Product925,Electronics,3738.64
926,Product926,Electronics,4158.55
927,Product927,Clothing,2104.17
928,Product928,Books,341.93
929,Product929,Sports,2945.29
930,Product930,Home,939.19
931,Product931,Clothing,3067.47
932,Product932,Electronics,1585.2
933,Product933,Clothing,3984.07
934,Product934,Sports,1306.7
935,Product935,Electronics,4417.16
936,Product936,Clothing,2226.2
937,Product937,Sports,2021.17
938,Product938,Books,3130.68
939,Product939,Books,1304.46
940,Product940,Books,3008.18
941,Product941,Books,3500.47
942,Product942,Clothing,26.17
943,Product943,Books,1147.96
944,Product944,Electronics,4462.07
945,Product945,Home,3408.03
946,Product946,Home,2212.55
947,Product947,Sports,1679.76
948,Product948,Clothing,2445.05
949,Product949,Sports,2020.1
950,Product950,Clothing,3470.55
951,Product951,Sports,3743.29
952,Product952,Home,327.18
953,Product953,Home,1185.52
954,Product954,Books,3183.59
955,Product955,Electronics,1208.38
956,Product956,Clothing,2430.1
957,Product957,Sports,269.86
958,Product958,Books,4941.15
959,Product959,Sports,4147.62
960,Product960,Electronics,4350.34
961,Product961,Home,1718.16
962,Product962,Electronics,706.75
963,Product963,Books,4257.74
964,Product964,Clothing,4224.9
965,Product965,Clothing,1651.62
966,Product966,Home,4277.66
967,Product967,Sports,217.68
968,Product968,Books,1441.38
969,Product969,Clothing,3202.07
970,Product970,Sports,226.79
971,Product971,Clothing,4074.82
972,Product972,Books,4761.26
973,Product973,Electronics,4362.75
974,Product974,Sports,2132.73
975,Product975,Books,2443.56
976,Product976,Home,3767.87
977,Product977,Clothing,17.49
978,Product978,Home,157.84
979,Product979,Electronics,4615.39
980,Product980,Electronics,4528.31
981,Product981,Electronics,4939.68
982,Product982,Clothing,3351.19
983,Product983,Clothing,1382.71
984,Product984,Electronics,992.22
985,Product985,Books,1907.96
986,Product986,Sports,3881.63
987,Product987,Sports,3031.96
988,Product988,Home,2224.67
989,Product989,Sports,546.52
990,Product990,Sports,2988.21
991,Product991,Electronics,569.37
992,Product992,Clothing,1591.72
993,Product993,Home,2164.95
994,Product994,Books,2096.09
995,Product995,Electronics,92.94
996,Product996,Books,1463.02
997,Product997,Clothing,3640.4
998,Product998,Books,146.59
999,Product999,Sports,1040.34
1000,Product1000,Sports,3621.82
1001,Product1001,Books,4202.34
1002,Product1002,Home,214.91
1003,Product1003,Electronics,4919.6
1004,Product1004,Sports,2410.94
1005,Product1005,Books,4203.32
1006,Product1006,Books,1504.37
1007,Product1007,Sports,2638.1
1008,Product1008,Home,596.89
1009,Product1009,Electronics,3629.11
1010,Product1010,Sports,2731.06
1011,Product1011,Clothing,756.17
1012,Product1012,Books,371.13
1013,Product1013,Electronics,4598.43
1014,Product1014,Electronics,1434.4
1015,Product1015,Books,2527.64
1016,Product1016,Electronics,802.46
1017,Product1017,Clothing,3842.28
1018,Product1018,Electronics,1639.46
1019,Product1019,Electronics,2980.16
1020,Product1020,Sports,4629.66
1021,Product1021,Sports,1399.19
1022,Product1022,Sports,4760.16
1023,Product1023,Electronics,2974.37
1024,Product1024,Clothing,3100.31
1025,Product1025,Sports,73.31
1026,Product1026,Electronics,2461.14
1027,Product1027,Sports,2883.58
1028,Product1028,Electronics,1470.55
1029,Product1029,Home,2093.61
1030,Product1030,Sports,621.24
1031,Product1031,Clothing,462.16
1032,Product1032,Clothing,2055.7
1033,Product1033,Electronics,3286.59
1034,Product1034,Sports,1515.73
1035,Product1035,Electronics,4545.83
1036,Product1036,Electronics,2574.0
1037,Product1037,Sports,3534.56
1038,Product1038,Home,1974.38
1039,Product1039,Home,1627.62
1040,Product1040,Electronics,3322.15
1041,Product1041,Books,743.49
1042,Product1042,Books,76.3
1043,Product1043,Electronics,3451.7
1044,Product1044,Home,1372.06
1045,Product1045,Sports,2491.64
1046,Product1046,Electronics,245.2
1047,Product1047,Sports,4815.77
1048,Product1048,Sports,2092.63
1049,Product1049,Electronics,1557.2
1050,Product1050,Books,4083.32
1051,Product1051,Home,3627.21
1052,Product1052,Home,1913.96
1053,Product1053,Clothing,2533.2
1054,Product1054,Sports,141.29
1055,Product1055,Books,16.24
1056,Product1056,Home,3356.24
1057,Product1057,Books,2475.66
1058,Product1058,Electronics,1782.04
1059,Product1059,Clothing,3437.02
1060,Product1060,Books,1285.09
1061,Product1061,Home,627.21
1062,Product1062,Clothing,4138.68
1063,Product1063,Clothing,1881.83
1064,Product1064,Clothing,4262.99
1065,Product1065,Sports,4354.75
1066,Product1066,Books,370.95
1067,Product1067,Sports,1143.96
1068,Product1068,Books,1104.71
1069,Product1069,Home,2709.77
1070,Product1070,Home,2872.08
1071,Product1071,Sports,3486.13
1072,Product1072,Electronics,3763.12
1073,Product1073,Home,2752.1
1074,Product1074,Books,1565.03
1075,Product1075,Electronics,2296.23
1076,Product1076,Clothing,3584.49
1077,Product1077,Electronics,2516.04
1078,Product1078,Clothing,2653.48
1079,Product1079,Sports,2430.38
1080,Product1080,Home,2797.62
1081,Product1081,Books,2965.91
1082,Product1082,Home,2335.42
1083,Product1083,Sports,1693.81
1084,Product1084,Books,4857.17
1085,Product1085,Electronics,829.92
1086,Product1086,Books,1662.6
1087,Product1087,Home,497.3
1088,Product1088,Home,1406.92
1089,Product1089,Clothing,3255.66
1090,Product1090,Home,3318.12
1091,Product1091,Home,4189.88
1092,Product1092,Home,782.65
1093,Product1093,Sports,1902.32
1094,Product1094,Clothing,2629.32
1095,Product1095,Sports,3317.31
1096,Product1096,Home,4882.76
1097,Product1097,Clothing,1575.9
1098,Product1098,Clothing,192.29
1099,Product1099,Sports,3636.4
1100,Product1100,Home,4339.28
1101,Product1101,Clothing,306.19
1102,Product1102,Clothing,2241.59
1103,Product1103,Books,580.98
1104,Product1104,Sports,3747.7
1105,Product1105,Books,4076.58
1106,Product1106,Home,1524.22
1107,Product1107,Electronics,2382.3
1108,Product1108,Clothing,3387.12
1109,Product1109,Books,4837.66
1110,Product1110,Electronics,2731.89
1111,Product1111,Home,28.34
1112,Product1112,Books,2725.82
1113,Product1113,Clothing,2382.97
1114,Product1114,Sports,1857.42
1115,Product1115,Books,1566.47
1116,Product1116,Electronics,599.39
1117,Product1117,Electronics,1782.31
1118,Product1118,Sports,4599.55
1119,Product1119,Sports,2067.74
1120,Product1120,Clothing,3557.21
1121,Product1121,Home,3523.8
1122,Product1122,Electronics,2190.74
1123,Product1123,Home,729.81
1124,Product1124,Electronics,3491.03
1125,Product1125,Electronics,928.92
1126,Product1126,Clothing,1970.37
1127,Product1127,Electronics,860.63
1128,Product1128,Clothing,2307.0
1129,Product1129,Sports,2663.41
1130,Product1130,Home,2546.1
1131,Product1131,Sports,1424.17
1132,Product1132,Home,4152.69
1133,Product1133,Electronics,1487.54
1134,Product1134,Clothing,3925.33
1135,Product1135,Clothing,4530.53
1136,Product1136,Books,2073.4
1137,Product1137,Home,1223.65
1138,Product1138,Electronics,1207.65
1139,Product1139,Electronics,4969.32
1140,Product1140,Clothing,30.11
1141,Product1141,Home,146.15
1142,Product1142,Home,381.22
1143,Product1143,Sports,1619.79
1144,Product1144,Home,4186.25
1145,Product1145,Clothing,1103.35
1146,Product1146,Books,3595.52
1147,Product1147,Sports,705.29
1148,Product1148,Books,3142.34
1149,Product1149,Electronics,2184.98
1150,Product1150,Books,310.99
1151,Product1151,Home,3618.18
1152,Product1152,Sports,2287.02
1153,Product1153,Sports,585.03
1154,Product1154,Clothing,1285.57
1155,Product1155,Home,2088.87
1156,Product1156,Sports,4134.59
1157,Product1157,Sports,1455.86
1158,Product1158,Books,4787.06
1159,Product1159,Books,2081.64
1160,Product1160,Sports,3941.64
1161,Product1161,Electronics,793.87
1162,Product1162,Home,769.57
1163,Product1163,Clothing,1241.91
1164,Product1164,Sports,421.59
1165,Product1165,Electronics,844.04
1166,Product1166,Books,1182.88
1167,Product1167,Books,3177.07
1168,Product1168,Sports,1981.31
1169,Product1169,Electronics,3623.47
1170,Product1170,Home,3943.99
1171,Product1171,Sports,1236.77
1172,Product1172,Home,4032.7
1173,Product1173,Home,3978.53
1174,Product1174,Books,2140.54
1175,Product1175,Books,4902.39
1176,Product1176,Home,369.09
1177,Product1177,Sports,4140.5
1178,Product1178,Books,3898.17
1179,Product1179,Books,1924.85
1180,Product1180,Clothing,3981.11
1181,Product1181,Sports,4870.76
1182,Product1182,Books,661.71
1183,Product1183,Home,1896.95
1184,Product1184,Clothing,3585.42
1185,Product1185,Electronics,4772.42
1186,Product1186,Electronics,3326.55
1187,Product1187,Electronics,3570.25
1188,Product1188,Books,1870.95
1189,Product1189,Clothing,3985.07
1190,Product1190,Books,2099.51
1191,Product1191,Sports,702.5
1192,Product1192,Clothing,1739.33
1193,Product1193,Sports,117.96
1194,Product1194,Clothing,1111.17
1195,Product1195,Books,3269.67
1196,Product1196,Electronics,4944.15
1197,Product1197,Electronics,2510.46
1198,Product1198,Sports,1597.0
1199,Product1199,Electronics,3948.48
1200,Product1200,Home,4376.39
1201,Product1201,Home,3004.05
1202,Product1202,Electronics,592.14
1203,Product1203,Clothing,3613.48
1204,Product1204,Sports,1398.33
1205,Product1205,Electronics,2659.77
1206,Product1206,Books,1671.02
1207,Product1207,Home,3920.26
1208,Product1208,Home,4084.94
1209,Product1209,Clothing,2736.17
1210,Product1210,Electronics,112.8
1211,Product1211,Books,380.9
1212,Product1212,Sports,1199.87
1213,Product1213,Home,2486.48
1214,Product1214,Electronics,694.34
1215,Product1215,Sports,2859.99
1216,Product1216,Books,3579.13
1217,Product1217,Home,2679.18
1218,Product1218,Home,3104.61
1219,Product1219,Books,1143.21
1220,Product1220,Clothing,4805.03
1221,Product1221,Books,3356.53
1222,Product1222,Clothing,1298.52
1223,Product1223,Sports,3538.93
1224,Product1224,Home,369.79
1225,Product1225,Home,4195.71
1226,Product1226,Home,2441.91
1227,Product1227,Electronics,3208.38
1228,Product1228,Sports,1561.05
1229,Product1229,Home,2422.36
1230,Product1230,Sports,1860.45
1231,Product1231,Sports,1161.76
1232,Product1232,Electronics,977.05
1233,Product1233,Home,1796.73
1234,Product1234,Sports,4675.69
1235,Product1235,Electronics,63.35
1236,Product1236,Sports,1437.28
1237,Product1237,Electronics,3618.5
1238,Product1238,Electronics,435.41
1239,Product1239,Electronics,318.92
1240,Product1240,Home,453.18
1241,Product1241,Sports,1183.21
1242,Product1242,Home,2968.91
1243,Product1243,Clothing,487.28
1244,Product1244,Home,1179.52
1245,Product1245,Electronics,576.37
1246,Product1246,Sports,503.98
1247,Product1247,Sports,4602.57
1248,Product1248,Sports,3025.81
1249,Product1249,Sports,3056.26
1250,Product1250,Sports,2001.15
1251,Product1251,Electronics,1386.85
1252,Product1252,Books,4711.96
1253,Product1253,Electronics,2558.63
1254,Product1254,Home,67.02
1255,Product1255,Home,1115.51
1256,Product1256,Electronics,3438.18
1257,Product1257,Clothing,2761.95
1258,Product1258,Home,1491.21
1259,Product1259,Home,2986.97
1260,Product1260,Electronics,2475.84
1261,Product1261,Electronics,4913.76
1262,Product1262,Electronics,1176.32
1263,Product1263,Clothing,845.0
1264,Product1264,Clothing,3010.21
1265,Product1265,Electronics,4354.48
1266,Product1266,Sports,1575.52
1267,Product1267,Sports,2250.39
1268,Product1268,Home,4467.37
1269,Product1269,Books,4027.0
1270,Product1270,Home,164.87
1271,Product1271,Clothing,1640.46
1272,Product1272,Electronics,1725.75
1273,Product1273,Books,3908.51
1274,Product1274,Home,371.35
1275,Product1275,Books,2423.01
1276,Product1276,Books,4638.23
1277,Product1277,Clothing,79.97
1278,Product1278,Clothing,1552.56
1279,Product1279,Electronics,1066.13
1280,Product1280,Clothing,703.74
1281,Product1281,Home,1892.59
1282,Product1282,Home,99.06
1283,Product1283,Sports,3638.15
1284,Product1284,Clothing,4782.97
1285,Product1285,Home,3733.75
1286,Product1286,Sports,655.69
1287,Product1287,Clothing,4384.18
1288,Product1288,Electronics,461.68
1289,Product1289,Clothing,1275.23
1290,Product1290,Electronics,3389.19
1291,Product1291,Books,3946.5
1292,Product1292,Clothing,548.91
1293,Product1293,Books,1460.66
1294,Product1294,Electronics,4728.57
1295,Product1295,Home,4586.85
1296,Product1296,Books,3540.22
1297,Product1297,Books,1694.45
1298,Product1298,Sports,4773.22
1299,Product1299,Books,36.53
1300,Product1300,Home,2206.6
1301,Product1301,Electronics,4504.95
1302,Product1302,Sports,2328.94
1303,Product1303,Sports,3157.71
1304,Product1304,Electronics,4961.7
1305,Product1305,Home,1334.7
1306,Product1306,Electronics,3274.16
1307,Product1307,Sports,3743.69
1308,Product1308,Books,732.71
1309,Product1309,Sports,4853.16
1310,Product1310,Home,3595.77
1311,Product1311,Home,3795.32
1312,Product1312,Books,3656.91
1313,Product1313,Electronics,4041.45
1314,Product1314,Electronics,4407.79
1315,Product1315,Home,624.61
1316,Product1316,Sports,3508.45
1317,Product1317,Books,1368.71
1318,Product1318,Books,2960.79
1319,Product1319,Electronics,2930.51
1320,Product1320,Electronics,2491.52
1321,Product1321,Clothing,889.89
1322,Product1322,Sports,4449.77
1323,Product1323,Clothing,3817.94
1324,Product1324,Home,1561.42
1325,Product1325,Books,19.81
1326,Product1326,Books,1052.25
1327,Product1327,Electronics,2910.28
1328,Product1328,Sports,211.18
1329,Product1329,Clothing,4592.04
1330,Product1330,Electronics,182.82
1331,Product1331,Home,3839.85
1332,Product1332,Home,4787.86
1333,Product1333,Sports,1960.5
1334,Product1334,Electronics,4527.63
1335,Product1335,Clothing,3708.37
1336,Product1336,Sports,2872.65
1337,Product1337,Books,1493.7
1338,Product1338,Electronics,1229.1
1339,Product1339,Electronics,1720.83
1340,Product1340,Home,1725.84
1341,Product1341,Electronics,598.85
1342,Product1342,Clothing,3468.52
1343,Product1343,Clothing,507.16
1344,Product1344,Home,4613.25
1345,Product1345,Electronics,4193.0
1346,Product1346,Clothing,180.3
1347,Product1347,Sports,4227.48
1348,Product1348,Books,4022.43
1349,Product1349,Electronics,3817.31
1350,Product1350,Home,3022.52
1351,Product1351,Clothing,36.53
1352,Product1352,Books,3833.51
1353,Product1353,Sports,1263.08
1354,Product1354,Books,478.65
1355,Product1355,Sports,1450.04
1356,Product1356,Electronics,108.89
1357,Product1357,Home,774.74
1358,Product1358,Clothing,4343.86
1359,Product1359,Electronics,4810.18
1360,Product1360,Electronics,955.09
1361,Product1361,Home,3464.53
1362,Product1362,Books,4593.99
1363,Product1363,Sports,2859.04
1364,Product1364,Sports,3370.45
1365,Product1365,Home,2795.22
1366,Product1366,Books,4713.8
1367,Product1367,Sports,1739.07
1368,Product1368,Clothing,1803.36
1369,Product1369,Home,3022.62
1370,Product1370,Electronics,4731.85
1371,Product1371,Books,4790.58
1372,Product1372,Electronics,4034.78
1373,Product1373,Electronics,1316.49
1374,Product1374,Home,3913.4
1375,Product1375,Electronics,4899.67
1376,Product1376,Clothing,623.45
1377,Product1377,Home,1500.57
1378,Product1378,Electronics,823.49
1379,Product1379,Electronics,2527.75
1380,Product1380,Books,978.16
1381,Product1381,Clothing,2544.54
1382,Product1382,Home,3685.19
1383,Product1383,Home,4917.88
1384,Product1384,Sports,2439.07
1385,Product1385,Home,282.04
1386,Product1386,Books,4426.78
1387,Product1387,Clothing,1859.78
1388,Product1388,Sports,2673.58
1389,Product1389,Sports,1397.11
1390,Product1390,Sports,249.65
1391,Product1391,Sports,3802.72
1392,Product1392,Electronics,1090.4
1393,Product1393,Electronics,1559.67
1394,Product1394,Sports,4544.38
1395,Product1395,Home,4254.19
1396,Product1396,Home,1006.28
1397,Product1397,Books,210.74
1398,Product1398,Books,3501.21
1399,Product1399,Clothing,694.9
1400,Product1400,Electronics,2358.61
1401,Product1401,Books,3844.54
1402,Product1402,Books,1551.69
1403,Product1403,Home,1811.27
1404,Product1404,Home,225.5
1405,Product1405,Electronics,2110.82
1406,Product1406,Sports,1503.93
1407,Product1407,Clothing,3025.38
1408,Product1408,Home,3907.78
1409,Product1409,Clothing,265.41
1410,Product1410,Electronics,201.17
1411,Product1411,Clothing,4648.52
1412,Product1412,Electronics,3364.74
1413,Product1413,Electronics,1298.53
1414,Product1414,Electronics,3290.96
1415,Product1415,Sports,555.96
1416,Product1416,Clothing,1733.85
1417,Product1417,Home,1493.32
1418,Product1418,Books,1567.4
1419,Product1419,Electronics,938.18
1420,Product1420,Sports,1395.21
1421,Product1421,Books,1848.25
1422,Product1422,Electronics,1953.66
1423,Product1423,Home,3499.59
1424,Product1424,Electronics,4503.37
1425,Product1425,Books,1158.15
1426,Product1426,Clothing,4378.64
1427,Product1427,Home,40.62
1428,Product1428,Books,1157.39
1429,Product1429,Clothing,1261.51
1430,Product1430,Home,3814.2
1431,Product1431,Sports,2585.56
1432,Product1432,Sports,3687.16
1433,Product1433,Books,279.28
1434,Product1434,Electronics,1022.89
1435,Product1435,Home,2524.13
1436,Product1436,Books,487.32
1437,Product1437,Books,862.74
1438,Product1438,Books,228.21
1439,Product1439,Home,441.57
1440,Product1440,Electronics,1770.33
1441,Product1441,Clothing,1431.25
1442,Product1442,Electronics,4200.53
1443,Product1443,Books,1254.57
1444,Product1444,Sports,926.08
1445,Product1445,Electronics,1624.34
1446,Product1446,Clothing,4630.27
1447,Product1447,Books,3677.66
1448,Product1448,Electronics,2538.73
1449,Product1449,Electronics,2235.89
1450,Product1450,Sports,694.54
1451,Product1451,Books,284.3
1452,Product1452,Home,1269.91
1453,Product1453,Home,331.9
1454,Product1454,Sports,2866.63
1455,Product1455,Clothing,2460.04
1456,Product1456,Electronics,3215.38
1457,Product1457,Electronics,2525.87
1458,Product1458,Electronics,1919.99
1459,Product1459,Electronics,4573.16
1460,Product1460,Books,2064.89
1461,Product1461,Home,853.69
1462,Product1462,Clothing,778.99
1463,Product1463,Clothing,1063.43
1464,Product1464,Clothing,1901.65
1465,Product1465,Electronics,2427.86
1466,Product1466,Books,3285.81
1467,Product1467,Home,3022.7
1468,Product1468,Sports,4822.04
1469,Product1469,Home,4710.21
1470,Product1470,Books,2189.43
1471,Product1471,Sports,463.42
1472,Product1472,Books,1465.02
1473,Product1473,Books,2420.94
1474,Product1474,Sports,3796.83
1475,Product1475,Clothing,1171.99
1476,Product1476,Clothing,2135.48
1477,Product1477,Books,374.6
1478,Product1478,Books,3590.26
1479,Product1479,Clothing,636.07
1480,Product1480,Books,26.26
1481,Product1481,Sports,4087.39
1482,Product1482,Home,1743.17
1483,Product1483,Books,4017.84
1484,Product1484,Sports,377.75
1485,Product1485,Clothing,3369.98
1486,Product1486,Electronics,376.06
1487,Product1487,Books,2766.01
1488,Product1488,Books,4059.47
1489,Product1489,Books,150.0
1490,Product1490,Electronics,1213.77
1491,Product1491,Home,2333.66
1492,Product1492,Sports,2980.34
1493,Product1493,Home,4798.67
1494,Product1494,Electronics,3924.37
1495,Product1495,Electronics,987.56
1496,Product1496,Clothing,4104.39
1497,Product1497,Sports,1003.25
1498,Product1498,Clothing,978.68
1499,Product1499,Clothing,3815.52
1500,Product1500,Books,1322.65
1501,Product1501,Clothing,3236.48
1502,Product1502,Electronics,4573.68
1503,Product1503,Sports,2109.61
1504,Product1504,Clothing,4297.98
1505,Product1505,Books,3774.63
1506,Product1506,Electronics,2950.44
1507,Product1507,Sports,2478.23
1508,Product1508,Electronics,4471.89
1509,Product1509,Books,724.06
1510,Product1510,Clothing,2473.42
1511,Product1511,Home,1409.12
1512,Product1512,Books,3882.3
1513,Product1513,Clothing,1753.86
1514,Product1514,Electronics,4994.03
1515,Product1515,Clothing,2571.06
1516,Product1516,Electronics,100.4
1517,Product1517,Books,4938.93
1518,Product1518,Books,4255.89
1519,Product1519,Home,77.22
1520,Product1520,Home,1252.11
1521,Product1521,Electronics,1011.64
1522,Product1522,Home,2621.91
1523,Product1523,Books,771.19
1524,Product1524,Sports,1651.63
1525,Product1525,Books,1052.1
1526,Product1526,Clothing,1955.17
1527,Product1527,Electronics,1422.59
1528,Product1528,Books,73.99
1529,Product1529,Electronics,3451.89
1530,Product1530,Clothing,1090.41
1531,Product1531,Books,1875.66
1532,Product1532,Books,3092.91
1533,Product1533,Clothing,1271.08
1534,Product1534,Sports,1897.56
1535,Product1535,Electronics,3644.28
1536,Product1536,Sports,2072.33
1537,Product1537,Electronics,1759.03
1538,Product1538,Electronics,1815.18
1539,Product1539,Books,2405.11
1540,Product1540,Books,2336.64
1541,Product1541,Electronics,3803.89
1542,Product1542,Books,4868.17
1543,Product1543,Sports,3439.96
1544,Product1544,Home,4719.75
1545,Product1545,Home,753.7
1546,Product1546,Sports,642.81
1547,Product1547,Home,676.27
1548,Product1548,Home,4469.18
1549,Product1549,Sports,1859.05
1550,Product1550,Clothing,1889.17
1551,Product1551,Sports,3700.02
1552,Product1552,Electronics,1096.48
1553,Product1553,Sports,662.98
1554,Product1554,Clothing,3643.11
1555,Product1555,Books,1648.62
1556,Product1556,Home,3911.56
1557,Product1557,Electronics,1893.99
1558,Product1558,Books,591.98
1559,Product1559,Clothing,1120.27
1560,Product1560,Clothing,447.27
1561,Product1561,Home,4279.57
1562,Product1562,Electronics,4950.43
1563,Product1563,Electronics,398.2
1564,Product1564,Clothing,455.38
1565,Product1565,Home,1563.76
1566,Product1566,Electronics,1600.06
1567,Product1567,Home,3354.06
1568,Product1568,Sports,4710.39
1569,Product1569,Clothing,3023.76
1570,Product1570,Sports,764.39
1571,Product1571,Clothing,3077.07
1572,Product1572,Electronics,3959.87
1573,Product1573,Books,1122.76
1574,Product1574,Electronics,4293.08
1575,Product1575,Sports,4888.76
1576,Product1576,Home,1277.51
1577,Product1577,Electronics,70.71
1578,Product1578,Home,3611.8
1579,Product1579,Clothing,1330.12
1580,Product1580,Sports,3383.47
1581,Product1581,Sports,1014.77
1582,Product1582,Home,2506.28
1583,Product1583,Sports,1583.25
1584,Product1584,Electronics,2167.17
1585,Product1585,Electronics,24.27
1586,Product1586,Clothing,4132.39
1587,Product1587,Sports,424.06
1588,Product1588,Clothing,173.96
1589,Product1589,Clothing,1276.56
1590,Product1590,Home,99.29
1591,Product1591,Home,2602.08
1592,Product1592,Sports,2244.09
1593,Product1593,Clothing,4765.03
1594,Product1594,Clothing,4111.21
1595,Product1595,Sports,885.47
1596,Product1596,Sports,762.52
1597,Product1597,Clothing,1664.77
1598,Product1598,Clothing,708.61
1599,Product1599,Clothing,4016.76
1600,Product1600,Home,1722.94
1601,Product1601,Books,1819.46
1602,Product1602,Home,2803.43
1603,Product1603,Electronics,2143.02
1604,Product1604,Electronics,2039.28
1605,Product1605,Books,2077.64
1606,Product1606,Home,4341.35
1607,Product1607,Electronics,4596.23
1608,Product1608,Books,4269.06
1609,Product1609,Books,2339.86
1610,Product1610,Clothing,1419.87
1611,Product1611,Clothing,2026.63
1612,Product1612,Clothing,124.93
1613,Product1613,Electronics,2344.85
1614,Product1614,Clothing,2475.71
1615,Product1615,Electronics,4796.49
1616,Product1616,Sports,101.21
1617,Product1617,Sports,1564.35
1618,Product1618,Books,2742.87
1619,Product1619,Home,3246.8
1620,Product1620,Books,1959.16
1621,Product1621,Clothing,30.84
1622,Product1622,Electronics,2977.13
1623,Product1623,Books,1023.5
1624,Product1624,Home,221.54
1625,Product1625,Clothing,2127.82
1626,Product1626,Electronics,1249.53
1627,Product1627,Books,68.57
1628,Product1628,Clothing,2271.27
1629,Product1629,Books,2151.94
1630,Product1630,Clothing,4467.58
1631,Product1631,Home,862.57
1632,Product1632,Books,2890.91
1633,Product1633,Home,4097.27
1634,Product1634,Electronics,1371.06
1635,Product1635,Clothing,2880.67
1636,Product1636,Clothing,1231.1
1637,Product1637,Electronics,3393.27
1638,Product1638,Clothing,36.09
1639,Product1639,Home,4762.93
1640,Product1640,Clothing,3630.25
1641,Product1641,Sports,4128.21
1642,Product1642,Sports,2295.63
1643,Product1643,Home,700.58
1644,Product1644,Sports,1067.87
1645,Product1645,Electronics,3114.9
1646,Product1646,Electronics,384.53
1647,Product1647,Clothing,1891.61
1648,Product1648,Home,3616.57
1649,Product1649,Clothing,2205.52
1650,Product1650,Sports,4083.82
1651,Product1651,Home,3744.69
1652,Product1652,Books,4165.45
1653,Product1653,Books,1155.96
1654,Product1654,Clothing,3630.18
1655,Product1655,Clothing,2504.47
1656,Product1656,Books,2579.42
1657,Product1657,Sports,1054.8
1658,Product1658,Books,3890.4
1659,Product1659,Books,1502.75
1660,Product1660,Home,4697.38
1661,Product1661,Clothing,3795.52
1662,Product1662,Sports,823.12
1663,Product1663,Home,2183.32
1664,Product1664,Sports,3473.27
1665,Product1665,Clothing,1794.11
1666,Product1666,Sports,4427.85
1667,Product1667,Clothing,4508.43
1668,Product1668,Books,2319.51
1669,Product1669,Clothing,1380.96
1670,Product1670,Clothing,1566.2
1671,Product1671,Books,3582.8
1672,Product1672,Sports,4219.21
1673,Product1673,Electronics,4525.79
1674,Product1674,Electronics,3378.31
1675,Product1675,Sports,480.27
1676,Product1676,Books,2152.16
1677,Product1677,Clothing,3000.73
1678,Product1678,Clothing,4843.8
1679,Product1679,Electronics,2710.26
1680,Product1680,Electronics,512.07
1681,Product1681,Home,2841.41
1682,Product1682,Sports,3440.44
1683,Product1683,Clothing,3201.02
1684,Product1684,Clothing,3272.83
1685,Product1685,Electronics,3906.21
1686,Product1686,Home,2763.79
1687,Product1687,Books,3255.11
1688,Product1688,Home,3216.88
1689,Product1689,Sports,2853.05
1690,Product1690,Sports,1925.57
1691,Product1691,Books,1614.53
1692,Product1692,Home,1819.11
1693,Product1693,Home,1515.97
1694,Product1694,Books,4762.83
1695,Product1695,Sports,1632.06
1696,Product1696,Electronics,3672.72
1697,Product1697,Books,1198.93
1698,Product1698,Electronics,4899.37
1699,Product1699,Home,4393.11
1700,Product1700,Electronics,2969.29
1701,Product1701,Sports,4155.5
1702,Product1702,Books,2291.13
1703,Product1703,Electronics,1517.24
1704,Product1704,Home,2675.11
1705,Product1705,Sports,4158.75
1706,Product1706,Books,4747.78
1707,Product1707,Sports,1594.88
1708,Product1708,Clothing,3699.3
1709,Product1709,Electronics,4936.07
1710,Product1710,Electronics,1589.39
1711,Product1711,Electronics,2660.21
1712,Product1712,Electronics,3564.3
1713,Product1713,Home,1616.77
1714,Product1714,Clothing,1339.21
1715,Product1715,Clothing,1548.48
1716,Product1716,Electronics,196.81
1717,Product1717,Clothing,4433.74
1718,Product1718,Books,1067.12
1719,Product1719,Electronics,3296.62
1720,Product1720,Home,4411.44
1721,Product1721,Clothing,4880.42
1722,Product1722,Home,486.72
1723,Product1723,Clothing,4818.71
1724,Product1724,Home,4489.34
1725,Product1725,Sports,1596.79
1726,Product1726,Books,3188.83
1727,Product1727,Sports,3119.44
1728,Product1728,Home,2157.53
1729,Product1729,Sports,4985.07
1730,Product1730,Electronics,1632.63
1731,Product1731,Clothing,4624.9
1732,Product1732,Home,83.97
1733,Product1733,Clothing,2019.56
1734,Product1734,Books,842.05
1735,Product1735,Home,2818.33
1736,Product1736,Books,2630.15
1737,Product1737,Home,2076.64
1738,Product1738,Home,704.74
1739,Product1739,Home,1308.52
1740,Product1740,Sports,3480.16
1741,Product1741,Books,3480.38
1742,Product1742,Electronics,1232.59
1743,Product1743,Electronics,1417.04
1744,Product1744,Books,1221.02
1745,Product1745,Sports,1220.15
1746,Product1746,Clothing,266.18
1747,Product1747,Home,968.9
1748,Product1748,Electronics,99.6
1749,Product1749,Clothing,2087.69
1750,Product1750,Books,3033.0
1751,Product1751,Books,4716.4
1752,Product1752,Books,4623.35
1753,Product1753,Clothing,3047.86
1754,Product1754,Books,2607.39
1755,Product1755,Books,955.05
1756,Product1756,Sports,3110.07
1757,Product1757,Books,2818.95
1758,Product1758,Clothing,3262.77
1759,Product1759,Clothing,890.12
1760,Product1760,Sports,43.73
1761,Product1761,Books,1635.23
1762,Product1762,Sports,1016.61
1763,Product1763,Sports,4226.33
1764,Product1764,Home,4323.78
1765,Product1765,Sports,4415.16
1766,Product1766,Electronics,3967.1
1767,Product1767,Books,1084.39
1768,Product1768,Books,891.0
1769,Product1769,Books,2240.67
1770,Product1770,Home,668.55
1771,Product1771,Clothing,4015.07
1772,Product1772,Clothing,3136.54
1773,Product1773,Books,3619.83
1774,Product1774,Electronics,2215.23
1775,Product1775,Electronics,3542.55
1776,Product1776,Home,2415.3
1777,Product1777,Home,4735.57
1778,Product1778,Electronics,4056.1
1779,Product1779,Electronics,1168.52
1780,Product1780,Books,916.31
1781,Product1781,Electronics,1975.74
1782,Product1782,Clothing,1429.47
1783,Product1783,Electronics,439.92
1784,Product1784,Sports,3543.13
1785,Product1785,Home,2787.51
1786,Product1786,Books,3830.57
1787,Product1787,Clothing,2851.79
1788,Product1788,Home,4711.84
1789,Product1789,Home,2083.38
1790,Product1790,Home,4898.56
1791,Product1791,Clothing,2595.75
1792,Product1792,Clothing,4396.18
1793,Product1793,Home,2831.1
1794,Product1794,Electronics,4353.83
1795,Product1795,Sports,194.8
1796,Product1796,Books,549.4
1797,Product1797,Electronics,1151.66
1798,Product1798,Books,974.11
1799,Product1799,Sports,2225.4
1800,Product1800,Electronics,1245.08
1801,Product1801,Home,1685.18
1802,Product1802,Sports,2218.67
1803,Product1803,Sports,4520.83
1804,Product1804,Home,2716.81
1805,Product1805,Home,3894.81
1806,Product1806,Clothing,274.88
1807,Product1807,Clothing,2320.96
1808,Product1808,Books,4076.14
1809,Product1809,Home,4795.26
1810,Product1810,Clothing,3987.28
1811,Product1811,Electronics,1145.6
1812,Product1812,Electronics,4469.62
1813,Product1813,Clothing,4413.76
1814,Product1814,Sports,358.89
1815,Product1815,Electronics,3217.77
1816,Product1816,Electronics,2336.19
1817,Product1817,Home,4581.61
1818,Product1818,Clothing,3421.78
1819,Product1819,Sports,4924.44
1820,Product1820,Sports,664.52
1821,Product1821,Electronics,1824.15
1822,Product1822,Sports,401.94
1823,Product1823,Books,465.62
1824,Product1824,Home,4002.73
1825,Product1825,Home,121.99
1826,Product1826,Clothing,1526.36
1827,Product1827,Home,187.05
1828,Product1828,Electronics,4359.7
1829,Product1829,Home,4758.23
1830,Product1830,Clothing,3374.24
1831,Product1831,Electronics,2952.87
1832,Product1832,Home,4703.29
1833,Product1833,Clothing,1473.56
1834,Product1834,Home,703.92
1835,Product1835,Clothing,2068.16
1836,Product1836,Electronics,3513.23
1837,Product1837,Home,2557.19
1838,Product1838,Home,2778.13
1839,Product1839,Clothing,1634.2
1840,Product1840,Clothing,4903.53
1841,Product1841,Electronics,3229.82
1842,Product1842,Home,4366.7
1843,Product1843,Electronics,616.83
1844,Product1844,Sports,2283.64
1845,Product1845,Sports,4995.62
1846,Product1846,Home,2699.37
1847,Product1847,Clothing,1071.57
1848,Product1848,Home,2878.15
1849,Product1849,Sports,1237.04
1850,Product1850,Clothing,1629.9
1851,Product1851,Home,4270.58
1852,Product1852,Books,4071.59
1853,Product1853,Sports,4781.48
1854,Product1854,Sports,4139.62
1855,Product1855,Clothing,1247.41
1856,Product1856,Books,1608.85
1857,Product1857,Electronics,691.88
1858,Product1858,Sports,3938.92
1859,Product1859,Books,3804.11
1860,Product1860,Sports,1450.27
1861,Product1861,Clothing,276.34
1862,Product1862,Electronics,921.8
1863,Product1863,Home,3453.0
1864,Product1864,Home,1166.45
1865,Product1865,Electronics,4075.59
1866,Product1866,Electronics,291.24
1867,Product1867,Clothing,4544.9
1868,Product1868,Books,3364.63
1869,Product1869,Clothing,4548.3
1870,Product1870,Books,2106.61
1871,Product1871,Clothing,1605.36
1872,Product1872,Electronics,2156.58
1873,Product1873,Home,3296.79
1874,Product1874,Sports,1537.7
1875,Product1875,Clothing,3822.4
1876,Product1876,Clothing,4691.36
1877,Product1877,Sports,2502.28
1878,Product1878,Clothing,4631.71
1879,Product1879,Clothing,3983.02
1880,Product1880,Clothing,2091.48
1881,Product1881,Electronics,4686.93
1882,Product1882,Sports,342.45
1883,Product1883,Books,2821.13
1884,Product1884,Sports,888.78
1885,Product1885,Clothing,1823.98
1886,Product1886,Books,4624.95
1887,Product1887,Electronics,1498.67
1888,Product1888,Sports,2358.37
1889,Product1889,Home,1473.95
1890,Product1890,Sports,130.81
1891,Product1891,Home,746.4
1892,Product1892,Books,2834.54
1893,Product1893,Clothing,192.76
1894,Product1894,Clothing,3087.4
1895,Product1895,Books,4012.92
1896,Product1896,Electronics,3490.66
1897,Product1897,Sports,4083.01
1898,Product1898,Home,920.59
1899,Product1899,Home,1598.37
1900,Product1900,Books,657.78
1901,Product1901,Electronics,1271.52
1902,Product1902,Books,4359.42
1903,Product1903,Electronics,3671.29
1904,Product1904,Home,29.16
1905,Product1905,Home,4598.22
1906,Product1906,Books,2499.93
1907,Product1907,Electronics,4993.86
1908,Product1908,Books,2367.41
1909,Product1909,Books,2498.11
1910,Product1910,Clothing,1579.64
1911,Product1911,Clothing,3943.99
1912,Product1912,Sports,3198.62
1913,Product1913,Sports,650.85
1914,Product1914,Books,2161.47
1915,Product1915,Sports,646.14
1916,Product1916,Clothing,4432.79
1917,Product1917,Sports,4506.56
1918,Product1918,Electronics,770.37
1919,Product1919,Home,5.23
1920,Product1920,Clothing,306.58
1921,Product1921,Home,3739.56
1922,Product1922,Home,4224.72
1923,Product1923,Sports,2243.92
1924,Product1924,Sports,3480.48
1925,Product1925,Home,4888.44
1926,Product1926,Electronics,3640.32
1927,Product1927,Home,31.59
1928,Product1928,Electronics,613.11
1929,Product1929,Home,2327.24
1930,Product1930,Books,2980.42
1931,Product1931,Books,783.2
1932,Product1932,Clothing,4303.59
1933,Product1933,Books,4297.46
1934,Product1934,Books,2197.52
1935,Product1935,Home,983.15
1936,Product1936,Electronics,1924.92
1937,Product1937,Electronics,4649.99
1938,Product1938,Books,73.62
1939,Product1939,Electronics,376.99
1940,Product1940,Clothing,2441.18
1941,Product1941,Books,4113.22
1942,Product1942,Sports,3256.42
1943,Product1943,Books,1107.17
1944,Product1944,Home,319.26
1945,Product1945,Electronics,2669.13
1946,Product1946,Books,4265.95
1947,Product1947,Books,599.89
1948,Product1948,Books,3808.17
1949,Product1949,Home,2862.76
1950,Product1950,Electronics,555.31
1951,Product1951,Books,3283.14
1952,Product1952,Books,39.99
1953,Product1953,Clothing,651.39
1954,Product1954,Books,2389.58
1955,Product1955,Books,4729.66
1956,Product1956,Electronics,4568.47
1957,Product1957,Books,3397.46
1958,Product1958,Home,349.89
1959,Product1959,Clothing,2161.86
1960,Product1960,Home,937.1
1961,Product1961,Clothing,595.78
1962,Product1962,Sports,269.53
1963,Product1963,Sports,409.71
1964,Product1964,Clothing,474.51
1965,Product1965,Home,181.72
1966,Product1966,Books,876.51
1967,Product1967,Sports,786.89
1968,Product1968,Electronics,1478.56
1969,Product1969,Home,1214.51
1970,Product1970,Home,3311.55
1971,Product1971,Home,1537.87
1972,Product1972,Home,4533.79
1973,Product1973,Books,3312.09
1974,Product1974,Electronics,108.49
1975,Product1975,Clothing,36.08
1976,Product1976,Electronics,4911.49
1977,Product1977,Books,3410.42
1978,Product1978,Clothing,4143.0
1979,Product1979,Sports,3019.31
1980,Product1980,Books,4292.44
1981,Product1981,Home,788.59
1982,Product1982,Books,3272.09
1983,Product1983,Electronics,4615.56
1984,Product1984,Home,942.34
1985,Product1985,Books,2162.57
1986,Product1986,Home,3987.77
1987,Product1987,Sports,901.19
1988,Product1988,Sports,1162.84
1989,Product1989,Books,786.85
1990,Product1990,Sports,1721.13
1991,Product1991,Books,3039.82
1992,Product1992,Electronics,1693.94
1993,Product1993,Books,271.03
1994,Product1994,Sports,777.61
1995,Product1995,Home,1305.09
1996,Product1996,Home,1872.33
1997,Product1997,Sports,3183.64
1998,Product1998,Books,1451.59
1999,Product1999,Books,4026.23
2000,Product2000,Clothing,2752.01
2001,Product2001,Home,3024.04
2002,Product2002,Electronics,108.33
2003,Product2003,Sports,1717.14
2004,Product2004,Electronics,834.13
2005,Product2005,Books,2294.5
2006,Product2006,Clothing,3312.25
2007,Product2007,Sports,3377.43
2008,Product2008,Sports,3628.16
2009,Product2009,Home,1731.06
2010,Product2010,Books,827.07
2011,Product2011,Clothing,593.09
2012,Product2012,Home,4978.74
2013,Product2013,Electronics,1823.99
2014,Product2014,Clothing,432.93
2015,Product2015,Books,890.57
2016,Product2016,Sports,32.5
2017,Product2017,Clothing,4655.31
2018,Product2018,Clothing,1797.83
2019,Product2019,Books,3811.82
2020,Product2020,Home,2055.62
2021,Product2021,Electronics,4164.48
2022,Product2022,Sports,2127.96
2023,Product2023,Clothing,1805.05
2024,Product2024,Home,3701.12
2025,Product2025,Home,4393.42
2026,Product2026,Home,3135.63
2027,Product2027,Books,3980.32
2028,Product2028,Clothing,3130.8
2029,Product2029,Electronics,3350.65
2030,Product2030,Home,1343.68
2031,Product2031,Electronics,4714.75
2032,Product2032,Electronics,3212.91
2033,Product2033,Electronics,4736.18
2034,Product2034,Clothing,4381.18
2035,Product2035,Electronics,2241.69
2036,Product2036,Home,4477.53
2037,Product2037,Home,1101.55
2038,Product2038,Clothing,2897.69
2039,Product2039,Sports,4338.23
2040,Product2040,Clothing,2280.68
2041,Product2041,Clothing,1781.38
2042,Product2042,Sports,3105.67
2043,Product2043,Sports,3935.36
2044,Product2044,Books,3449.26
2045,Product2045,Clothing,4387.74
2046,Product2046,Electronics,3871.83
2047,Product2047,Home,572.66
2048,Product2048,Home,4934.87
2049,Product2049,Electronics,3850.72
2050,Product2050,Books,2112.37
2051,Product2051,Books,75.39
2052,Product2052,Clothing,3142.29
2053,Product2053,Clothing,4716.66
2054,Product2054,Sports,4053.17
2055,Product2055,Electronics,412.26
2056,Product2056,Electronics,4698.15
2057,Product2057,Clothing,1375.77
2058,Product2058,Books,2887.97
2059,Product2059,Books,1379.1
2060,Product2060,Electronics,680.85
2061,Product2061,Electronics,3177.3
2062,Product2062,Home,652.18
2063,Product2063,Clothing,4854.68
2064,Product2064,Books,4281.36
2065,Product2065,Home,1062.08
2066,Product2066,Clothing,3344.26
2067,Product2067,Electronics,3308.82
2068,Product2068,Clothing,3856.88
2069,Product2069,Books,1170.21
2070,Product2070,Home,3048.46
2071,Product2071,Home,4028.83
2072,Product2072,Sports,2762.16
2073,Product2073,Sports,3184.93
2074,Product2074,Books,1350.07
2075,Product2075,Electronics,381.75
2076,Product2076,Electronics,2936.33
2077,Product2077,Clothing,2920.92
2078,Product2078,Books,1155.29
2079,Product2079,Clothing,3668.87
2080,Product2080,Sports,3710.47
2081,Product2081,Electronics,1608.53
2082,Product2082,Sports,3759.72
2083,Product2083,Electronics,854.99
2084,Product2084,Electronics,1687.27
2085,Product2085,Electronics,1804.72
2086,Product2086,Books,3463.14
2087,Product2087,Electronics,4968.04
2088,Product2088,Home,4286.2
2089,Product2089,Books,3932.55
2090,Product2090,Clothing,381.15
2091,Product2091,Clothing,4369.28
2092,Product2092,Home,81.67
2093,Product2093,Electronics,999.71
2094,Product2094,Sports,2723.55
2095,Product2095,Clothing,3338.2
2096,Product2096,Electronics,1694.92
2097,Product2097,Home,2576.38
2098,Product2098,Electronics,3617.28
2099,Product2099,Electronics,2301.01
2100,Product2100,Clothing,2420.48
2101,Product2101,Electronics,1759.53
2102,Product2102,Books,3387.0
2103,Product2103,Books,3694.23
2104,Product2104,Books,4684.23
2105,Product2105,Clothing,608.48
2106,Product2106,Home,4567.45
2107,Product2107,Clothing,681.68
2108,Product2108,Sports,3386.89
2109,Product2109,Home,4518.4
2110,Product2110,Books,4443.17
2111,Product2111,Sports,4167.44
2112,Product2112,Home,2238.11
2113,Product2113,Books,2403.09
2114,Product2114,Sports,1065.2
2115,Product2115,Electronics,1259.37
2116,Product2116,Electronics,3169.47
2117,Product2117,Home,4333.38
2118,Product2118,Home,1533.9
2119,Product2119,Electronics,3980.61
2120,Product2120,Electronics,2701.22
2121,Product2121,Home,3071.7
2122,Product2122,Home,4148.72
2123,Product2123,Sports,1194.21
2124,Product2124,Home,3792.18
2125,Product2125,Books,741.8
2126,Product2126,Books,805.43
2127,Product2127,Sports,4712.06
2128,Product2128,Home,3155.26
2129,Product2129,Books,1756.5
2130,Product2130,Clothing,1798.01
2131,Product2131,Clothing,1217.65
2132,Product2132,Home,202.53
2133,Product2133,Home,1886.35
2134,Product2134,Sports,2633.39
2135,Product2135,Sports,3068.59
2136,Product2136,Books,4714.48
2137,Product2137,Clothing,3744.39
2138,Product2138,Sports,3263.21
2139,Product2139,Sports,4533.82
2140,Product2140,Clothing,3992.21
2141,Product2141,Home,3680.99
2142,Product2142,Electronics,241.05
2143,Product2143,Electronics,1447.74
2144,Product2144,Home,2489.71
2145,Product2145,Clothing,2925.93
2146,Product2146,Home,1075.48
2147,Product2147,Sports,3195.8
2148,Product2148,Electronics,1974.99
2149,Product2149,Books,1370.82
2150,Product2150,Books,422.49
2151,Product2151,Books,2770.4
2152,Product2152,Clothing,3478.17
2153,Product2153,Books,1495.69
2154,Product2154,Books,4905.57
2155,Product2155,Books,261.53
2156,Product2156,Sports,2858.07
2157,Product2157,Books,467.51
2158,Product2158,Home,1336.97
2159,Product2159,Sports,551.98
2160,Product2160,Home,3057.3
2161,Product2161,Electronics,2131.18
2162,Product2162,Books,2449.25
2163,Product2163,Books,2688.66
2164,Product2164,Books,4803.71
2165,Product2165,Sports,4685.76
2166,Product2166,Sports,1027.87
2167,Product2167,Electronics,2400.94
2168,Product2168,Clothing,1898.72
2169,Product2169,Sports,2285.24
2170,Product2170,Sports,3720.56
2171,Product2171,Sports,2603.97
2172,Product2172,Sports,420.45
2173,Product2173,Electronics,2044.01
2174,Product2174,Home,3065.03
2175,Product2175,Electronics,4469.47
2176,Product2176,Home,3212.87
2177,Product2177,Sports,421.95
2178,Product2178,Sports,538.02
2179,Product2179,Sports,3767.26
2180,Product2180,Electronics,4159.73
2181,Product2181,Electronics,4447.64
2182,Product2182,Sports,790.26
2183,Product2183,Sports,13.61
2184,Product2184,Electronics,1903.01
2185,Product2185,Home,4313.36
2186,Product2186,Sports,110.15
2187,Product2187,Electronics,2505.89
2188,Product2188,Clothing,186.56
2189,Product2189,Electronics,341.27
2190,Product2190,Sports,561.8
2191,Product2191,Sports,1611.09
2192,Product2192,Books,3856.99
2193,Product2193,Clothing,4018.83
2194,Product2194,Clothing,4076.23
2195,Product2195,Home,1272.36
2196,Product2196,Clothing,3827.35
2197,Product2197,Electronics,721.63
2198,Product2198,Sports,3140.1
2199,Product2199,Books,4329.55
2200,Product2200,Home,2024.76
2201,Product2201,Sports,580.8
2202,Product2202,Clothing,3870.55
2203,Product2203,Sports,739.63
2204,Product2204,Electronics,4336.86
2205,Product2205,Sports,3995.65
2206,Product2206,Home,1726.84
2207,Product2207,Clothing,1010.95
2208,Product2208,Electronics,4665.05
2209,Product2209,Clothing,1280.19
2210,Product2210,Sports,4189.34
2211,Product2211,Books,2642.53
2212,Product2212,Electronics,4238.07
2213,Product2213,Books,2095.59
2214,Product2214,Electronics,4337.7
2215,Product2215,Home,4969.53
2216,Product2216,Sports,3034.88
2217,Product2217,Sports,386.28
2218,Product2218,Electronics,4751.4
2219,Product2219,Electronics,4064.21
2220,Product2220,Electronics,4385.4
2221,Product2221,Home,1543.89
2222,Product2222,Clothing,1810.95
2223,Product2223,Home,3553.13
2224,Product2224,Clothing,2469.26
2225,Product2225,Electronics,126.23
2226,Product2226,Sports,4110.11
2227,Product2227,Electronics,4035.28
2228,Product2228,Clothing,747.97
2229,Product2229,Sports,3908.54
2230,Product2230,Clothing,572.3
2231,Product2231,Sports,968.15
2232,Product2232,Sports,1351.86
2233,Product2233,Electronics,393.96
2234,Product2234,Electronics,3169.23
2235,Product2235,Home,3006.95
2236,Product2236,Clothing,2146.3
2237,Product2237,Home,4651.02
2238,Product2238,Home,2758.78
2239,Product2239,Clothing,2125.53
2240,Product2240,Electronics,46.66
2241,Product2241,Clothing,1654.64
2242,Product2242,Sports,2394.03
2243,Product2243,Electronics,3773.04
2244,Product2244,Home,3051.63
2245,Product2245,Clothing,4574.25
2246,Product2246,Clothing,3383.17
2247,Product2247,Home,207.85
2248,Product2248,Home,3488.33
2249,Product2249,Clothing,2088.54
2250,Product2250,Home,100.11
2251,Product2251,Books,1085.88
2252,Product2252,Clothing,3462.77
2253,Product2253,Clothing,1098.51
2254,Product2254,Home,1881.57
2255,Product2255,Clothing,381.04
2256,Product2256,Clothing,4984.56
2257,Product2257,Electronics,602.04
2258,Product2258,Clothing,325.26
2259,Product2259,Books,476.07
2260,Product2260,Home,1032.24
2261,Product2261,Clothing,333.99
2262,Product2262,Home,4856.22
2263,Product2263,Clothing,2733.39
2264,Product2264,Electronics,3980.41
2265,Product2265,Books,4228.07
2266,Product2266,Electronics,1168.46
2267,Product2267,Books,1805.22
2268,Product2268,Electronics,3445.05
2269,Product2269,Books,4575.68
2270,Product2270,Electronics,2322.21
2271,Product2271,Sports,1896.47
2272,Product2272,Books,2120.89
2273,Product2273,Electronics,192.09
2274,Product2274,Electronics,3303.41
2275,Product2275,Books,2562.4
2276,Product2276,Books,1263.33
2277,Product2277,Clothing,1128.87
2278,Product2278,Home,196.78
2279,Product2279,Home,1729.59
2280,Product2280,Sports,803.76
2281,Product2281,Electronics,3125.74
2282,Product2282,Sports,1280.32
2283,Product2283,Electronics,4797.08
2284,Product2284,Electronics,4365.91
2285,Product2285,Electronics,3108.24
2286,Product2286,Books,1253.0
2287,Product2287,Electronics,1085.96
2288,Product2288,Clothing,936.05
2289,Product2289,Sports,4501.71
2290,Product2290,Books,2033.3
2291,Product2291,Sports,1917.81
2292,Product2292,Home,2315.38
2293,Product2293,Home,3126.59
2294,Product2294,Clothing,4912.1
2295,Product2295,Electronics,367.44
2296,Product2296,Sports,494.74
2297,Product2297,Books,5.07
2298,Product2298,Electronics,2377.89
2299,Product2299,Clothing,3736.22
2300,Product2300,Home,4157.19
2301,Product2301,Sports,1204.85
2302,Product2302,Sports,4535.39
2303,Product2303,Home,596.29
2304,Product2304,Home,3476.86
2305,Product2305,Home,4435.0
2306,Product2306,Electronics,1276.52
2307,Product2307,Sports,1679.7
2308,Product2308,Books,3882.52
2309,Product2309,Sports,2185.73
2310,Product2310,Clothing,2214.58
2311,Product2311,Electronics,108.82
2312,Product2312,Electronics,567.51
2313,Product2313,Electronics,3957.96
2314,Product2314,Books,3235.29
2315,Product2315,Electronics,66.73
2316,Product2316,Home,2508.62
2317,Product2317,Clothing,4197.66
2318,Product2318,Books,1832.8
2319,Product2319,Home,2747.87
2320,Product2320,Clothing,705.55
2321,Product2321,Books,3806.91
2322,Product2322,Electronics,4177.35
2323,Product2323,Clothing,2741.72
2324,Product2324,Electronics,268.65
2325,Product2325,Books,4229.22
2326,Product2326,Home,2271.28
2327,Product2327,Electronics,720.14
2328,Product2328,Home,4338.25
2329,Product2329,Clothing,4879.96
2330,Product2330,Electronics,4712.44
2331,Product2331,Home,3290.96
2332,Product2332,Books,4621.33
2333,Product2333,Clothing,2339.02
2334,Product2334,Clothing,1797.33
2335,Product2335,Sports,1204.37
2336,Product2336,Books,4294.21
2337,Product2337,Electronics,4817.29
2338,Product2338,Home,2397.88
2339,Product2339,Sports,334.06
2340,Product2340,Electronics,4654.27
2341,Product2341,Sports,1310.17
2342,Product2342,Home,351.8
2343,Product2343,Clothing,4021.49
2344,Product2344,Electronics,3413.01
2345,Product2345,Clothing,3682.68
2346,Product2346,Electronics,3020.14
2347,Product2347,Clothing,1305.07
2348,Product2348,Electronics,3542.56
2349,Product2349,Electronics,3272.33
2350,Product2350,Electronics,1602.15
2351,Product2351,Electronics,4479.16
2352,Product2352,Home,2218.38
2353,Product2353,Electronics,183.4
2354,Product2354,Sports,2292.32
2355,Product2355,Electronics,2917.76
2356,Product2356,Electronics,834.71
2357,Product2357,Clothing,3080.49
2358,Product2358,Home,888.98
2359,Product2359,Home,3629.04
2360,Product2360,Books,2409.87
2361,Product2361,Books,2373.01
2362,Product2362,Clothing,2405.66
2363,Product2363,Clothing,4789.59
2364,Product2364,Books,1096.85
2365,Product2365,Electronics,1305.26
2366,Product2366,Electronics,557.95
2367,Product2367,Home,2894.81
2368,Product2368,Clothing,1563.82
2369,Product2369,Home,4072.07
2370,Product2370,Clothing,50.25
2371,Product2371,Sports,4555.34
2372,Product2372,Sports,2167.18
2373,Product2373,Sports,4911.52
2374,Product2374,Home,4302.9
2375,Product2375,Clothing,1686.49
2376,Product2376,Sports,67.43
2377,Product2377,Sports,250.43
2378,Product2378,Sports,270.72
2379,Product2379,Electronics,912.34
2380,Product2380,Books,2421.22
2381,Product2381,Clothing,3742.69
2382,Product2382,Sports,1182.09
2383,Product2383,Electronics,4302.3
2384,Product2384,Home,3003.6
2385,Product2385,Home,2407.15
2386,Product2386,Books,3519.02
2387,Product2387,Books,4441.7
2388,Product2388,Sports,4012.88
2389,Product2389,Electronics,1912.91
2390,Product2390,Clothing,4563.38
2391,Product2391,Clothing,367.39
2392,Product2392,Clothing,834.39
2393,Product2393,Books,2278.51
2394,Product2394,Books,3639.29
2395,Product2395,Home,3612.53
2396,Product2396,Electronics,22.0
2397,Product2397,Sports,3318.25
2398,Product2398,Books,2784.18
2399,Product2399,Clothing,2342.46
2400,Product2400,Sports,1153.54
2401,Product2401,Books,4323.27
2402,Product2402,Sports,3923.44
2403,Product2403,Clothing,879.89
2404,Product2404,Home,474.19
2405,Product2405,Sports,225.19
2406,Product2406,Clothing,4174.7
2407,Product2407,Books,227.81
2408,Product2408,Clothing,4193.05
2409,Product2409,Clothing,1108.98
2410,Product2410,Home,1580.56
2411,Product2411,Electronics,1594.74
2412,Product2412,Books,348.61
2413,Product2413,Home,3534.01
2414,Product2414,Electronics,2914.82
2415,Product2415,Clothing,4632.53
2416,Product2416,Sports,2529.67
2417,Product2417,Clothing,3759.94
2418,Product2418,Clothing,2487.12
2419,Product2419,Electronics,994.89
2420,Product2420,Clothing,242.78
2421,Product2421,Clothing,1920.59
2422,Product2422,Books,1696.28
2423,Product2423,Home,1755.21
2424,Product2424,Books,940.54
2425,Product2425,Sports,3963.9
2426,Product2426,Electronics,491.33
2427,Product2427,Sports,3556.01
2428,Product2428,Sports,1885.06
2429,Product2429,Sports,1382.67
2430,Product2430,Home,3856.77
2431,Product2431,Home,1072.29
2432,Product2432,Sports,4682.22
2433,Product2433,Books,1526.8
2434,Product2434,Books,1211.23
2435,Product2435,Electronics,3025.95
2436,Product2436,Electronics,4476.72
2437,Product2437,Clothing,605.44
2438,Product2438,Books,2309.16
2439,Product2439,Sports,4932.2
2440,Product2440,Sports,3893.65
2441,Product2441,Books,2029.35
2442,Product2442,Home,100.04
2443,Product2443,Home,4693.77
2444,Product2444,Sports,1118.99
2445,Product2445,Books,4829.75
2446,Product2446,Books,674.94
2447,Product2447,Electronics,1836.24
2448,Product2448,Clothing,2143.63
2449,Product2449,Sports,3589.45
2450,Product2450,Clothing,2656.48
2451,Product2451,Clothing,3623.03
2452,Product2452,Home,2841.45
2453,Product2453,Electronics,4441.37
2454,Product2454,Sports,560.25
2455,Product2455,Books,3291.41
2456,Product2456,Clothing,1491.39
2457,Product2457,Books,258.64
2458,Product2458,Electronics,4598.19
2459,Product2459,Sports,4305.37
2460,Product2460,Home,4602.05
2461,Product2461,Sports,4594.75
2462,Product2462,Sports,1910.86
2463,Product2463,Electronics,4514.23
2464,Product2464,Sports,1737.34
2465,Product2465,Electronics,3566.2
2466,Product2466,Sports,4037.7
2467,Product2467,Home,2751.94
2468,Product2468,Clothing,4608.43
2469,Product2469,Sports,2123.63
2470,Product2470,Books,150.87
2471,Product2471,Sports,1999.56
2472,Product2472,Books,3672.18
2473,Product2473,Electronics,4656.88
2474,Product2474,Home,933.63
2475,Product2475,Books,757.0
2476,Product2476,Clothing,3097.63
2477,Product2477,Electronics,2677.13
2478,Product2478,Sports,2826.03
2479,Product2479,Sports,990.06
2480,Product2480,Home,3506.37
2481,Product2481,Home,1554.68
2482,Product2482,Home,2770.83
2483,Product2483,Electronics,4336.21
2484,Product2484,Sports,952.87
2485,Product2485,Clothing,242.19
2486,Product2486,Books,835.45
2487,Product2487,Electronics,2301.65
2488,Product2488,Books,2542.82
2489,Product2489,Clothing,3308.66
2490,Product2490,Clothing,2452.82
2491,Product2491,Home,3943.86
2492,Product2492,Sports,2359.52
2493,Product2493,Books,1213.28
2494,Product2494,Home,1491.97
2495,Product2495,Home,470.87
2496,Product2496,Electronics,1964.17
2497,Product2497,Books,4353.92
2498,Product2498,Electronics,3621.56
2499,Product2499,Books,4377.08
2500,Product2500,Clothing,2347.45
2501,Product2501,Books,4172.1
2502,Product2502,Home,3287.02
2503,Product2503,Electronics,2472.45
2504,Product2504,Sports,4711.2
2505,Product2505,Home,4991.94
2506,Product2506,Sports,3740.26
2507,Product2507,Clothing,3715.12
2508,Product2508,Books,537.1
2509,Product2509,Books,4907.24
2510,Product2510,Home,3480.64
2511,Product2511,Home,2644.0
2512,Product2512,Clothing,85.17
2513,Product2513,Clothing,156.32
2514,Product2514,Home,3309.06
2515,Product2515,Books,1877.54
2516,Product2516,Electronics,1911.85
2517,Product2517,Home,1963.29
2518,Product2518,Electronics,2064.15
2519,Product2519,Electronics,834.19
2520,Product2520,Clothing,2310.69
2521,Product2521,Sports,2447.64
2522,Product2522,Electronics,1198.16
2523,Product2523,Clothing,4217.27
2524,Product2524,Clothing,2410.33
2525,Product2525,Home,779.44
2526,Product2526,Home,1065.55
2527,Product2527,Home,2817.9
2528,Product2528,Home,1376.47
2529,Product2529,Clothing,4479.22
2530,Product2530,Home,2951.83
2531,Product2531,Books,4229.37
2532,Product2532,Books,1690.23
2533,Product2533,Clothing,3451.16
2534,Product2534,Sports,3148.43
2535,Product2535,Sports,3709.46
2536,Product2536,Home,3417.87
2537,Product2537,Electronics,337.78
2538,Product2538,Clothing,577.97
2539,Product2539,Electronics,117.58
2540,Product2540,Electronics,1875.06
2541,Product2541,Electronics,4251.57
2542,Product2542,Home,488.82
2543,Product2543,Electronics,4200.14
2544,Product2544,Sports,4401.7
2545,Product2545,Electronics,4345.51
2546,Product2546,Electronics,565.5
2547,Product2547,Home,555.8
2548,Product2548,Books,842.07
2549,Product2549,Clothing,1196.07
2550,Product2550,Electronics,3712.15
2551,Product2551,Electronics,4502.5
2552,Product2552,Clothing,1558.31
2553,Product2553,Sports,1687.88
2554,Product2554,Home,4027.19
2555,Product2555,Sports,1117.54
2556,Product2556,Sports,29.19
2557,Product2557,Sports,3202.17
2558,Product2558,Books,3184.37
2559,Product2559,Home,2679.41
2560,Product2560,Electronics,4320.58
2561,Product2561,Home,4438.24
2562,Product2562,Sports,3791.09
2563,Product2563,Electronics,3651.16
2564,Product2564,Electronics,551.77
2565,Product2565,Books,2846.23
2566,Product2566,Electronics,1849.19
2567,Product2567,Clothing,991.87
2568,Product2568,Electronics,1977.51
2569,Product2569,Clothing,114.4
2570,Product2570,Electronics,4340.95
2571,Product2571,Sports,3795.77
2572,Product2572,Clothing,2208.91
2573,Product2573,Books,1512.28
2574,Product2574,Books,3484.61
2575,Product2575,Sports,766.47
2576,Product2576,Home,3549.15
2577,Product2577,Home,3305.16
2578,Product2578,Books,4361.75
2579,Product2579,Electronics,1452.1
2580,Product2580,Home,3006.69
2581,Product2581,Home,1119.79
2582,Product2582,Sports,4647.89
2583,Product2583,Clothing,2641.85
2584,Product2584,Clothing,3582.01
2585,Product2585,Sports,2660.6
2586,Product2586,Electronics,1986.48
2587,Product2587,Books,4930.89
2588,Product2588,Sports,809.18
2589,Product2589,Electronics,1136.01
2590,Product2590,Home,134.84
2591,Product2591,Sports,3157.59
2592,Product2592,Sports,4213.04
2593,Product2593,Sports,1097.07
2594,Product2594,Clothing,103.81
2595,Product2595,Home,2903.1
2596,Product2596,Electronics,2848.61
2597,Product2597,Home,3158.55
2598,Product2598,Home,4460.05
2599,Product2599,Home,558.98
2600,Product2600,Home,4323.15
2601,Product2601,Home,1269.35
2602,Product2602,Home,1649.82
2603,Product2603,Books,1471.34
2604,Product2604,Books,4301.62
2605,Product2605,Books,526.65
2606,Product2606,Home,2376.58
2607,Product2607,Clothing,4098.94
2608,Product2608,Sports,475.96
2609,Product2609,Sports,813.39
2610,Product2610,Books,1222.94
2611,Product2611,Electronics,3829.45
2612,Product2612,Electronics,1411.47
2613,Product2613,Books,1798.38
2614,Product2614,Home,3321.59
2615,Product2615,Sports,716.33
2616,Product2616,Books,1424.32
2617,Product2617,Books,4705.96
2618,Product2618,Sports,4556.02
2619,Product2619,Sports,2186.86
2620,Product2620,Sports,4343.86
2621,Product2621,Electronics,185.17
2622,Product2622,Books,2100.04
2623,Product2623,Electronics,1833.54
2624,Product2624,Home,1537.74
2625,Product2625,Home,3414.28
2626,Product2626,Electronics,1889.39
2627,Product2627,Home,2830.53
2628,Product2628,Home,90.87
2629,Product2629,Electronics,415.2
2630,Product2630,Books,2322.3
2631,Product2631,Clothing,2066.89
2632,Product2632,Books,968.21
2633,Product2633,Home,1413.14
2634,Product2634,Clothing,2286.56
2635,Product2635,Books,2793.06
2636,Product2636,Electronics,4858.26
2637,Product2637,Clothing,2187.31
2638,Product2638,Sports,2907.48
2639,Product2639,Sports,2180.13
2640,Product2640,Electronics,3587.71
2641,Product2641,Home,4685.56
2642,Product2642,Sports,1416.21
2643,Product2643,Home,3577.23
2644,Product2644,Clothing,4960.53
2645,Product2645,Sports,3288.53
2646,Product2646,Electronics,1950.24
2647,Product2647,Sports,2443.59
2648,Product2648,Electronics,4448.91
2649,Product2649,Clothing,1969.85
2650,Product2650,Sports,2665.35
2651,Product2651,Sports,1655.22
2652,Product2652,Home,3585.59
2653,Product2653,Sports,43.26
2654,Product2654,Home,4484.93
2655,Product2655,Clothing,1398.68
2656,Product2656,Clothing,173.21
2657,Product2657,Sports,1360.98
2658,Product2658,Electronics,2870.56
2659,Product2659,Books,4781.99
2660,Product2660,Electronics,1947.62
2661,Product2661,Electronics,4034.48
2662,Product2662,Home,2980.39
2663,Product2663,Electronics,3882.65
2664,Product2664,Electronics,3169.24
2665,Product2665,Clothing,1386.19
2666,Product2666,Electronics,2119.44
2667,Product2667,Sports,2685.35
2668,Product2668,Home,2932.75
2669,Product2669,Electronics,99.08
2670,Product2670,Sports,1021.46
2671,Product2671,Clothing,952.05
2672,Product2672,Sports,916.2
2673,Product2673,Sports,571.77
2674,Product2674,Books,1029.91
2675,Product2675,Books,2121.0
2676,Product2676,Sports,3710.83
2677,Product2677,Home,1975.33
2678,Product2678,Sports,409.38
2679,Product2679,Sports,2943.92
2680,Product2680,Books,2640.86
2681,Product2681,Books,1493.23
2682,Product2682,Home,4006.72
2683,Product2683,Clothing,3382.75
2684,Product2684,Electronics,1141.52
2685,Product2685,Electronics,2342.92
2686,Product2686,Electronics,2002.78
2687,Product2687,Electronics,1732.85
2688,Product2688,Electronics,3152.54
2689,Product2689,Books,560.89
2690,Product2690,Home,2894.07
2691,Product2691,Home,2541.83
2692,Product2692,Books,382.16
2693,Product2693,Books,654.78
2694,Product2694,Books,398.28
2695,Product2695,Books,3820.39
2696,Product2696,Books,464.0
2697,Product2697,Electronics,4825.53
2698,Product2698,Books,1593.98
2699,Product2699,Home,3206.87
2700,Product2700,Home,4742.08
2701,Product2701,Sports,2518.07
2702,Product2702,Electronics,4781.02
2703,Product2703,Sports,357.04
2704,Product2704,Books,1858.34
2705,Product2705,Home,1257.33
2706,Product2706,Books,4609.71
2707,Product2707,Clothing,4808.23
2708,Product2708,Books,1282.87
2709,Product2709,Electronics,4710.57
2710,Product2710,Home,2421.36
2711,Product2711,Clothing,2536.93
2712,Product2712,Electronics,2831.8
2713,Product2713,Clothing,3427.92
2714,Product2714,Clothing,2380.13
2715,Product2715,Books,3485.45
2716,Product2716,Sports,1716.24
2717,Product2717,Home,190.84
2718,Product2718,Books,1457.88
2719,Product2719,Books,1286.37
2720,Product2720,Books,2712.65
2721,Product2721,Clothing,3690.94
2722,Product2722,Home,293.05
2723,Product2723,Electronics,2952.74
2724,Product2724,Clothing,2099.46
2725,Product2725,Clothing,3712.79
2726,Product2726,Books,2164.16
2727,Product2727,Books,1545.88
2728,Product2728,Sports,2835.41
2729,Product2729,Sports,4973.32
2730,Product2730,Clothing,903.81
2731,Product2731,Home,691.92
2732,Product2732,Home,3474.28
2733,Product2733,Books,1089.74
2734,Product2734,Sports,3861.66
2735,Product2735,Clothing,4407.26
2736,Product2736,Sports,919.45
2737,Product2737,Sports,436.72
2738,Product2738,Sports,1664.69
2739,Product2739,Electronics,4439.54
2740,Product2740,Home,2643.62
2741,Product2741,Home,592.79
2742,Product2742,Sports,4688.69
2743,Product2743,Home,4856.3
2744,Product2744,Sports,2002.69
2745,Product2745,Home,4852.36
2746,Product2746,Books,2685.4
2747,Product2747,Books,2407.77
2748,Product2748,Electronics,3733.46
2749,Product2749,Electronics,2490.15
2750,Product2750,Electronics,1060.87
2751,Product2751,Electronics,3616.27
2752,Product2752,Home,290.45
2753,Product2753,Books,3923.92
2754,Product2754,Sports,1192.06
2755,Product2755,Clothing,895.71
2756,Product2756,Electronics,4495.45
2757,Product2757,Books,2796.24
2758,Product2758,Electronics,4380.64
2759,Product2759,Clothing,3317.89
2760,Product2760,Books,1496.01
2761,Product2761,Electronics,1161.13
2762,Product2762,Books,4895.27
2763,Product2763,Electronics,4660.26
2764,Product2764,Clothing,3514.4
2765,Product2765,Electronics,683.99
2766,Product2766,Home,2555.98
2767,Product2767,Sports,1806.48
2768,Product2768,Home,3769.19
2769,Product2769,Home,256.03
2770,Product2770,Electronics,1683.23
2771,Product2771,Sports,3863.43
2772,Product2772,Home,427.51
2773,Product2773,Electronics,3293.36
2774,Product2774,Sports,1087.47
2775,Product2775,Clothing,578.35
2776,Product2776,Clothing,4828.72
2777,Product2777,Home,3240.06
2778,Product2778,Home,2559.77
2779,Product2779,Home,3020.43
2780,Product2780,Clothing,2974.98
2781,Product2781,Books,623.55
2782,Product2782,Clothing,4967.42
2783,Product2783,Books,4113.71
2784,Product2784,Home,2856.46
2785,Product2785,Books,4853.74
2786,Product2786,Sports,3057.14
2787,Product2787,Electronics,4341.14
2788,Product2788,Sports,909.07
2789,Product2789,Sports,3412.45
2790,Product2790,Books,3822.4
2791,Product2791,Books,2637.36
2792,Product2792,Electronics,1041.77
2793,Product2793,Sports,3420.13
2794,Product2794,Clothing,1868.16
2795,Product2795,Electronics,4285.81
2796,Product2796,Electronics,484.84
2797,Product2797,Home,1738.29
2798,Product2798,Sports,398.88
2799,Product2799,Clothing,1841.84
2800,Product2800,Sports,1119.69
2801,Product2801,Home,2071.93
2802,Product2802,Home,1608.62
2803,Product2803,Clothing,1456.58
2804,Product2804,Home,3050.58
2805,Product2805,Clothing,37.31
2806,Product2806,Clothing,1192.81
2807,Product2807,Electronics,908.07
2808,Product2808,Books,3724.44
2809,Product2809,Home,2087.12
2810,Product2810,Books,4599.71
2811,Product2811,Books,2541.97
2812,Product2812,Clothing,4972.06
2813,Product2813,Home,538.21
2814,Product2814,Home,2456.35
2815,Product2815,Books,3791.7
2816,Product2816,Books,4026.13
2817,Product2817,Home,3514.92
2818,Product2818,Clothing,359.67
2819,Product2819,Home,3165.45
2820,Product2820,Electronics,4610.01
2821,Product2821,Home,2014.64
2822,Product2822,Home,3159.76
2823,Product2823,Books,3811.35
2824,Product2824,Electronics,405.65
2825,Product2825,Books,1675.5
2826,Product2826,Sports,3135.79
2827,Product2827,Books,2976.14
2828,Product2828,Electronics,4269.5
2829,Product2829,Clothing,3940.69
2830,Product2830,Sports,4407.01
2831,Product2831,Sports,4121.09
2832,Product2832,Electronics,145.66
2833,Product2833,Electronics,185.71
2834,Product2834,Electronics,1918.51
2835,Product2835,Clothing,4023.14
2836,Product2836,Electronics,2688.58
2837,Product2837,Clothing,4001.32
2838,Product2838,Electronics,2315.87
2839,Product2839,Clothing,2252.84
2840,Product2840,Electronics,4898.52
2841,Product2841,Home,1053.52
2842,Product2842,Electronics,4540.71
2843,Product2843,Books,4375.95
2844,Product2844,Electronics,1782.69
2845,Product2845,Books,2743.24
2846,Product2846,Sports,1720.25
2847,Product2847,Home,2730.8
2848,Product2848,Home,2669.19
2849,Product2849,Home,1983.83
2850,Product2850,Electronics,198.16
2851,Product2851,Clothing,1612.39
2852,Product2852,Home,2170.33
2853,Product2853,Home,1407.66
2854,Product2854,Home,3684.51
2855,Product2855,Books,2862.76
2856,Product2856,Sports,4992.81
2857,Product2857,Clothing,2267.14
2858,Product2858,Clothing,2463.59
2859,Product2859,Home,4149.93
2860,Product2860,Home,3268.5
2861,Product2861,Sports,218.21
2862,Product2862,Clothing,244.74
2863,Product2863,Electronics,2600.43
2864,Product2864,Home,4692.29
2865,Product2865,Home,2782.33
2866,Product2866,Clothing,2858.02
2867,Product2867,Clothing,4386.51
2868,Product2868,Clothing,2018.38
2869,Product2869,Books,3421.67
2870,Product2870,Clothing,3021.57
2871,Product2871,Clothing,893.0
2872,Product2872,Clothing,3440.73
2873,Product2873,Books,3111.37
2874,Product2874,Clothing,3338.63
2875,Product2875,Sports,177.13
2876,Product2876,Electronics,4272.27
2877,Product2877,Books,2332.46
2878,Product2878,Sports,875.03
2879,Product2879,Books,168.52
2880,Product2880,Sports,30.45
2881,Product2881,Sports,3230.1
2882,Product2882,Electronics,4604.15
2883,Product2883,Books,4213.68
2884,Product2884,Clothing,3929.26
2885,Product2885,Books,418.85
2886,Product2886,Sports,1225.1
2887,Product2887,Sports,1550.32
2888,Product2888,Electronics,1656.46
2889,Product2889,Books,685.32
2890,Product2890,Home,2545.4
2891,Product2891,Electronics,3367.41
2892,Product2892,Home,3768.69
2893,Product2893,Sports,3476.89
2894,Product2894,Sports,4845.72
2895,Product2895,Clothing,2478.31
2896,Product2896,Clothing,509.23
2897,Product2897,Electronics,4772.57
2898,Product2898,Books,383.3
2899,Product2899,Books,2418.66
2900,Product2900,Sports,1096.75
2901,Product2901,Clothing,3462.47
2902,Product2902,Electronics,4812.79
2903,Product2903,Clothing,227.98
2904,Product2904,Books,1572.37
2905,Product2905,Books,2731.05
2906,Product2906,Home,1317.31
2907,Product2907,Electronics,54.09
2908,Product2908,Books,1750.27
2909,Product2909,Clothing,1414.5
2910,Product2910,Sports,1522.66
2911,Product2911,Sports,431.49
2912,Product2912,Sports,856.13
2913,Product2913,Books,4154.69
2914,Product2914,Electronics,1149.82
2915,Product2915,Books,396.85
2916,Product2916,Electronics,2995.82
2917,Product2917,Books,4266.77
2918,Product2918,Sports,675.04
2919,Product2919,Books,2241.92
2920,Product2920,Home,1338.62
2921,Product2921,Sports,4949.91
2922,Product2922,Electronics,3548.66
2923,Product2923,Electronics,4738.34
2924,Product2924,Electronics,2741.58
2925,Product2925,Home,248.49
2926,Product2926,Electronics,1265.45
2927,Product2927,Sports,4398.55
2928,Product2928,Sports,2674.17
2929,Product2929,Home,2630.95
2930,Product2930,Home,1407.03
2931,Product2931,Home,3709.71
2932,Product2932,Home,4382.33
2933,Product2933,Electronics,1876.26
2934,Product2934,Sports,2970.44
2935,Product2935,Sports,4566.14
2936,Product2936,Home,4576.18
2937,Product2937,Sports,2285.72
2938,Product2938,Sports,1146.38
2939,Product2939,Clothing,721.74
2940,Product2940,Sports,4327.82
2941,Product2941,Sports,4256.05
2942,Product2942,Books,1012.19
2943,Product2943,Clothing,500.36
2944,Product2944,Books,539.23
2945,Product2945,Books,2284.08
2946,Product2946,Sports,201.44
2947,Product2947,Home,4258.83
2948,Product2948,Clothing,4902.05
2949,Product2949,Clothing,1482.99
2950,Product2950,Home,737.8
2951,Product2951,Home,4156.41
2952,Product2952,Books,1283.47
2953,Product2953,Sports,686.41
2954,Product2954,Electronics,1527.47
2955,Product2955,Clothing,3781.23
2956,Product2956,Books,4543.92
2957,Product2957,Home,1920.9
2958,Product2958,Sports,3720.8
2959,Product2959,Electronics,4523.42
2960,Product2960,Electronics,3537.68
2961,Product2961,Clothing,1885.97
2962,Product2962,Sports,3816.22
2963,Product2963,Electronics,2249.89
2964,Product2964,Books,3025.74
2965,Product2965,Electronics,3547.55
2966,Product2966,Home,1087.66
2967,Product2967,Electronics,3363.78
2968,Product2968,Books,1105.63
2969,Product2969,Books,4098.22
2970,Product2970,Home,3437.72
2971,Product2971,Sports,3568.32
2972,Product2972,Sports,110.15
2973,Product2973,Home,4041.39
2974,Product2974,Books,67.7
2975,Product2975,Clothing,4519.28
2976,Product2976,Books,4575.29
2977,Product2977,Clothing,1423.04
2978,Product2978,Electronics,4562.44
2979,Product2979,Clothing,1383.39
2980,Product2980,Electronics,4762.81
2981,Product2981,Electronics,730.44
2982,Product2982,Electronics,4370.47
2983,Product2983,Electronics,951.14
2984,Product2984,Sports,2452.38
2985,Product2985,Sports,4432.47
2986,Product2986,Home,3932.46
2987,Product2987,Clothing,597.73
2988,Product2988,Clothing,2090.19
2989,Product2989,Books,238.37
2990,Product2990,Sports,4127.97
2991,Product2991,Sports,1976.4
2992,Product2992,Clothing,4619.7
2993,Product2993,Books,2528.04
2994,Product2994,Electronics,3853.23
2995,Product2995,Electronics,1352.02
2996,Product2996,Sports,317.28
2997,Product2997,Sports,1161.41
2998,Product2998,Clothing,1446.85
2999,Product2999,Electronics,2601.59
3000,Product3000,Sports,4995.22
3001,Product3001,Sports,4347.48
3002,Product3002,Sports,3146.51
3003,Product3003,Clothing,2645.04
3004,Product3004,Electronics,1533.42
3005,Product3005,Books,4130.8
3006,Product3006,Home,3548.43
3007,Product3007,Sports,4054.31
3008,Product3008,Clothing,4138.4
3009,Product3009,Electronics,95.22
3010,Product3010,Home,3493.22
3011,Product3011,Clothing,296.72
3012,Product3012,Electronics,2637.46
3013,Product3013,Electronics,4849.27
3014,Product3014,Home,2321.84
3015,Product3015,Sports,4906.24
3016,Product3016,Sports,4201.57
3017,Product3017,Sports,1052.55
3018,Product3018,Home,987.75
3019,Product3019,Sports,1115.92
3020,Product3020,Sports,3564.81
3021,Product3021,Home,4211.13
3022,Product3022,Clothing,642.64
3023,Product3023,Electronics,4523.24
3024,Product3024,Sports,4971.02
3025,Product3025,Books,2651.36
3026,Product3026,Electronics,887.04
3027,Product3027,Home,3732.55
3028,Product3028,Home,1938.1
3029,Product3029,Electronics,2000.62
3030,Product3030,Books,2276.07
3031,Product3031,Books,4908.07
3032,Product3032,Books,3293.7
3033,Product3033,Clothing,4016.16
3034,Product3034,Clothing,3908.54
3035,Product3035,Home,4824.09
3036,Product3036,Books,3852.75
3037,Product3037,Home,2066.36
3038,Product3038,Sports,799.94
3039,Product3039,Books,791.35
3040,Product3040,Electronics,431.75
3041,Product3041,Clothing,4264.53
3042,Product3042,Clothing,4999.97
3043,Product3043,Books,125.51
3044,Product3044,Clothing,2250.39
3045,Product3045,Home,121.51
3046,Product3046,Books,2835.55
3047,Product3047,Clothing,618.04
3048,Product3048,Sports,3158.63
3049,Product3049,Clothing,3770.47
3050,Product3050,Sports,1763.1
3051,Product3051,Books,390.34
3052,Product3052,Home,4216.91
3053,Product3053,Sports,1331.65
3054,Product3054,Home,4267.64
3055,Product3055,Electronics,3215.12
3056,Product3056,Electronics,592.52
3057,Product3057,Sports,3896.34
3058,Product3058,Sports,3587.89
3059,Product3059,Home,892.7
3060,Product3060,Sports,3693.25
3061,Product3061,Clothing,4225.83
3062,Product3062,Books,950.44
3063,Product3063,Books,4428.07
3064,Product3064,Electronics,1513.57
3065,Product3065,Electronics,3007.09
3066,Product3066,Clothing,1876.46
3067,Product3067,Sports,1489.78
3068,Product3068,Sports,2082.94
3069,Product3069,Home,4023.52
3070,Product3070,Sports,4949.71
3071,Product3071,Sports,4775.08
3072,Product3072,Sports,581.76
3073,Product3073,Electronics,3036.83
3074,Product3074,Electronics,2227.32
3075,Product3075,Sports,496.11
3076,Product3076,Electronics,1640.44
3077,Product3077,Home,704.27
3078,Product3078,Electronics,954.96
3079,Product3079,Electronics,1105.2
3080,Product3080,Sports,92.5
3081,Product3081,Sports,3934.73
3082,Product3082,Sports,4029.06
3083,Product3083,Books,1030.19
3084,Product3084,Home,1371.06
3085,Product3085,Books,755.75
3086,Product3086,Sports,3594.53
3087,Product3087,Electronics,4564.72
3088,Product3088,Home,4405.28
3089,Product3089,Home,3589.54
3090,Product3090,Home,812.81
3091,Product3091,Books,3204.03
3092,Product3092,Electronics,3869.51
3093,Product3093,Books,3993.1
3094,Product3094,Electronics,2173.04
3095,Product3095,Home,208.47
3096,Product3096,Books,260.18
3097,Product3097,Clothing,948.93
3098,Product3098,Sports,4229.02
3099,Product3099,Sports,1077.27
3100,Product3100,Clothing,2599.33
3101,Product3101,Books,4564.31
3102,Product3102,Books,2909.62
3103,Product3103,Sports,3520.7
3104,Product3104,Home,2981.15
3105,Product3105,Home,4406.07
3106,Product3106,Home,3868.68
3107,Product3107,Books,4043.55
3108,Product3108,Home,2472.86
3109,Product3109,Home,268.35
3110,Product3110,Books,826.64
3111,Product3111,Home,2802.44
3112,Product3112,Electronics,433.8
3113,Product3113,Clothing,914.7
3114,Product3114,Sports,3867.25
3115,Product3115,Electronics,4749.92
3116,Product3116,Books,59.76
3117,Product3117,Clothing,794.23
3118,Product3118,Sports,567.6
3119,Product3119,Home,1578.41
3120,Product3120,Home,1503.89
3121,Product3121,Electronics,790.63
3122,Product3122,Books,2505.18
3123,Product3123,Clothing,3062.74
3124,Product3124,Home,162.64
3125,Product3125,Electronics,2766.25
3126,Product3126,Sports,2142.31
3127,Product3127,Electronics,419.01
3128,Product3128,Clothing,1399.42
3129,Product3129,Sports,900.65
3130,Product3130,Clothing,1294.03
3131,Product3131,Home,4968.78
3132,Product3132,Home,4475.63
3133,Product3133,Electronics,3492.39
3134,Product3134,Clothing,4544.51
3135,Product3135,Sports,3251.2
3136,Product3136,Home,925.74
3137,Product3137,Home,4657.94
3138,Product3138,Electronics,4789.63
3139,Product3139,Electronics,1234.59
3140,Product3140,Sports,589.08
3141,Product3141,Sports,855.52
3142,Product3142,Sports,28.76
3143,Product3143,Clothing,216.45
3144,Product3144,Electronics,2303.17
3145,Product3145,Sports,1503.26
3146,Product3146,Clothing,4567.11
3147,Product3147,Clothing,3653.19
3148,Product3148,Clothing,1748.51
3149,Product3149,Sports,2027.99
3150,Product3150,Books,3217.23
3151,Product3151,Sports,1566.25
3152,Product3152,Clothing,1356.66
3153,Product3153,Home,2108.6
3154,Product3154,Books,4785.05
3155,Product3155,Books,3540.66
3156,Product3156,Books,451.05
3157,Product3157,Books,4721.08
3158,Product3158,Clothing,4492.61
3159,Product3159,Sports,449.35
3160,Product3160,Sports,2591.42
3161,Product3161,Electronics,3514.53
3162,Product3162,Electronics,1374.83
3163,Product3163,Books,1821.65
3164,Product3164,Clothing,3353.89
3165,Product3165,Clothing,2352.43
3166,Product3166,Electronics,4427.16
3167,Product3167,Sports,1056.26
3168,Product3168,Books,4511.52
3169,Product3169,Electronics,4561.51
3170,Product3170,Electronics,3012.25
3171,Product3171,Home,20.68
3172,Product3172,Clothing,4471.74
3173,Product3173,Sports,786.73
3174,Product3174,Electronics,2346.68
3175,Product3175,Electronics,44.47
3176,Product3176,Home,3827.42
3177,Product3177,Clothing,442.41
3178,Product3178,Books,606.79
3179,Product3179,Clothing,1837.81
3180,Product3180,Home,205.32
3181,Product3181,Books,2992.91
3182,Product3182,Home,1309.48
3183,Product3183,Clothing,4614.7
3184,Product3184,Clothing,2052.99
3185,Product3185,Home,3725.22
3186,Product3186,Home,3466.78
3187,Product3187,Electronics,3534.03
3188,Product3188,Books,4207.71
3189,Product3189,Home,3458.9
3190,Product3190,Electronics,4624.7
3191,Product3191,Home,2795.29
3192,Product3192,Sports,4530.65
3193,Product3193,Electronics,2725.46
3194,Product3194,Electronics,3185.37
3195,Product3195,Clothing,2153.8
3196,Product3196,Sports,4462.27
3197,Product3197,Home,1388.45
3198,Product3198,Electronics,149.13
3199,Product3199,Home,2872.85
3200,Product3200,Clothing,2456.9
3201,Product3201,Sports,2149.28
3202,Product3202,Electronics,2497.89
3203,Product3203,Books,1922.3
3204,Product3204,Clothing,3545.08
3205,Product3205,Clothing,326.78
3206,Product3206,Home,1410.57
3207,Product3207,Home,2890.81
3208,Product3208,Clothing,1450.25
3209,Product3209,Home,4350.25
3210,Product3210,Home,986.77
3211,Product3211,Books,4556.59
3212,Product3212,Sports,1369.08
3213,Product3213,Home,1998.39
3214,Product3214,Books,1259.44
3215,Product3215,Books,3206.83
3216,Product3216,Clothing,2907.43
3217,Product3217,Home,1105.61
3218,Product3218,Home,1114.18
3219,Product3219,Sports,3609.07
3220,Product3220,Clothing,682.58
3221,Product3221,Books,4210.62
3222,Product3222,Electronics,3796.27
3223,Product3223,Electronics,1242.6
3224,Product3224,Books,467.52
3225,Product3225,Electronics,1139.05
3226,Product3226,Home,1075.0
3227,Product3227,Books,2840.98
3228,Product3228,Books,2699.5
3229,Product3229,Home,4012.76
3230,Product3230,Books,2817.39
3231,Product3231,Clothing,2243.98
3232,Product3232,Clothing,948.67
3233,Product3233,Electronics,3506.22
3234,Product3234,Sports,119.79
3235,Product3235,Books,3901.44
3236,Product3236,Sports,4491.98
3237,Product3237,Books,3741.34
3238,Product3238,Books,4086.91
3239,Product3239,Home,2506.54
3240,Product3240,Sports,4471.9
3241,Product3241,Clothing,1746.35
3242,Product3242,Books,4016.25
3243,Product3243,Home,455.38
3244,Product3244,Home,155.78
3245,Product3245,Electronics,2308.88
3246,Product3246,Electronics,503.16
3247,Product3247,Clothing,3219.99
3248,Product3248,Sports,1289.9
3249,Product3249,Books,3676.05
3250,Product3250,Sports,4851.51
3251,Product3251,Sports,2399.77
3252,Product3252,Sports,3286.74
3253,Product3253,Clothing,2319.52
3254,Product3254,Home,3687.57
3255,Product3255,Home,3489.69
3256,Product3256,Books,238.67
3257,Product3257,Electronics,4270.05
3258,Product3258,Home,2768.86
3259,Product3259,Home,1565.31
3260,Product3260,Books,472.28
3261,Product3261,Clothing,883.6
3262,Product3262,Clothing,616.96
3263,Product3263,Home,4479.68
3264,Product3264,Sports,2224.59
3265,Product3265,Electronics,3107.46
3266,Product3266,Electronics,657.98
3267,Product3267,Books,3496.89
3268,Product3268,Sports,3650.99
3269,Product3269,Books,4486.57
3270,Product3270,Books,172.49
3271,Product3271,Electronics,4252.49
3272,Product3272,Electronics,1440.24
3273,Product3273,Electronics,976.86
3274,Product3274,Clothing,2602.5
3275,Product3275,Sports,2726.4
3276,Product3276,Sports,3573.78
3277,Product3277,Clothing,2657.61
3278,Product3278,Books,1226.07
3279,Product3279,Home,1476.95
3280,Product3280,Sports,3867.48
3281,Product3281,Books,3553.33
3282,Product3282,Books,4915.04
3283,Product3283,Sports,3869.79
3284,Product3284,Electronics,369.87
3285,Product3285,Sports,2502.08
3286,Product3286,Sports,1336.55
3287,Product3287,Books,3046.4
3288,Product3288,Sports,2493.21
3289,Product3289,Books,3964.9
3290,Product3290,Clothing,2297.26
3291,Product3291,Electronics,3414.67
3292,Product3292,Sports,3397.99
3293,Product3293,Electronics,1038.59
3294,Product3294,Sports,4556.15
3295,Product3295,Electronics,4714.91
3296,Product3296,Clothing,4711.03
3297,Product3297,Sports,769.52
3298,Product3298,Books,420.05
3299,Product3299,Home,4990.11
3300,Product3300,Books,3420.33
3301,Product3301,Home,1946.66
3302,Product3302,Home,2074.21
3303,Product3303,Sports,3378.33
3304,Product3304,Electronics,3066.07
3305,Product3305,Clothing,284.21
3306,Product3306,Sports,3362.0
3307,Product3307,Electronics,2737.37
3308,Product3308,Home,246.63
3309,Product3309,Electronics,3808.98
3310,Product3310,Clothing,1002.91
3311,Product3311,Electronics,1615.76
3312,Product3312,Clothing,2264.26
3313,Product3313,Home,868.7
3314,Product3314,Sports,2834.57
3315,Product3315,Clothing,4811.99
3316,Product3316,Books,1136.99
3317,Product3317,Electronics,3420.68
3318,Product3318,Electronics,4773.52
3319,Product3319,Sports,68.4
3320,Product3320,Sports,2646.97
3321,Product3321,Clothing,2467.29
3322,Product3322,Electronics,952.17
3323,Product3323,Clothing,2524.53
3324,Product3324,Sports,2476.09
3325,Product3325,Sports,1056.49
3326,Product3326,Sports,3063.67
3327,Product3327,Sports,293.31
3328,Product3328,Home,416.94
3329,Product3329,Home,1928.53
3330,Product3330,Sports,182.33
3331,Product3331,Electronics,118.19
3332,Product3332,Clothing,3415.57
3333,Product3333,Clothing,24.58
3334,Product3334,Books,3432.11
3335,Product3335,Electronics,3878.52
3336,Product3336,Clothing,3481.7
3337,Product3337,Clothing,2567.36
3338,Product3338,Sports,2891.56
3339,Product3339,Electronics,4248.11
3340,Product3340,Books,3878.14
3341,Product3341,Books,4664.49
3342,Product3342,Books,3502.24
3343,Product3343,Home,3686.44
3344,Product3344,Sports,3425.74
3345,Product3345,Sports,3831.95
3346,Product3346,Books,4858.46
3347,Product3347,Home,4309.02
3348,Product3348,Home,1073.28
3349,Product3349,Books,1370.11
3350,Product3350,Home,4779.86
3351,Product3351,Books,265.85
3352,Product3352,Sports,1870.21
3353,Product3353,Books,1999.03
3354,Product3354,Sports,4944.87
3355,Product3355,Books,2201.08
3356,Product3356,Books,4761.08
3357,Product3357,Sports,4658.4
3358,Product3358,Home,4641.28
3359,Product3359,Clothing,1615.36
3360,Product3360,Books,4825.14
3361,Product3361,Home,4272.41
3362,Product3362,Sports,3296.02
3363,Product3363,Clothing,3637.6
3364,Product3364,Home,2901.14
3365,Product3365,Electronics,2220.82
3366,Product3366,Home,200.3
3367,Product3367,Electronics,4790.4
3368,Product3368,Sports,2507.2
3369,Product3369,Home,2457.76
3370,Product3370,Clothing,4127.13
3371,Product3371,Electronics,276.6
3372,Product3372,Electronics,1967.16
3373,Product3373,Home,1175.71
3374,Product3374,Home,3393.19
3375,Product3375,Sports,2015.99
3376,Product3376,Home,4725.91
3377,Product3377,Clothing,4781.0
3378,Product3378,Books,3735.48
3379,Product3379,Home,4408.93
3380,Product3380,Clothing,4420.42
3381,Product3381,Clothing,3583.25
3382,Product3382,Home,999.57
3383,Product3383,Books,1397.48
3384,Product3384,Clothing,4512.73
3385,Product3385,Clothing,3363.14
3386,Product3386,Sports,1417.56
3387,Product3387,Clothing,2081.09
3388,Product3388,Electronics,3330.02
3389,Product3389,Home,594.33
3390,Product3390,Home,3171.57
3391,Product3391,Clothing,1268.68
3392,Product3392,Electronics,3014.01
3393,Product3393,Clothing,4559.13
3394,Product3394,Clothing,2803.57
3395,Product3395,Home,2011.2
3396,Product3396,Clothing,2081.9
3397,Product3397,Clothing,1388.24
3398,Product3398,Clothing,2342.73
3399,Product3399,Electronics,4075.21
3400,Product3400,Home,1619.58
3401,Product3401,Electronics,4755.79
3402,Product3402,Home,1649.1
3403,Product3403,Electronics,4359.12
3404,Product3404,Electronics,4424.07
3405,Product3405,Books,1158.4
3406,Product3406,Sports,4955.66
3407,Product3407,Clothing,2770.15
3408,Product3408,Electronics,3526.28
3409,Product3409,Sports,1233.41
3410,Product3410,Electronics,1426.21
3411,Product3411,Home,2078.45
3412,Product3412,Clothing,1714.1
3413,Product3413,Sports,3932.13
3414,Product3414,Books,1391.3
3415,Product3415,Books,4994.75
3416,Product3416,Sports,2046.7
3417,Product3417,Books,4446.45
3418,Product3418,Sports,3115.5
3419,Product3419,Sports,2404.08
3420,Product3420,Home,3259.39
3421,Product3421,Clothing,4441.94
3422,Product3422,Sports,1762.18
3423,Product3423,Electronics,3695.31
3424,Product3424,Sports,4690.25
3425,Product3425,Home,4532.28
3426,Product3426,Clothing,4302.64
3427,Product3427,Home,3593.82
3428,Product3428,Electronics,3335.2
3429,Product3429,Home,2019.1
3430,Product3430,Clothing,274.2
3431,Product3431,Electronics,2783.92
3432,Product3432,Electronics,289.25
3433,Product3433,Books,1718.32
3434,Product3434,Electronics,3851.16
3435,Product3435,Clothing,2213.17
3436,Product3436,Sports,2873.49
3437,Product3437,Sports,1582.02
3438,Product3438,Clothing,4151.49
3439,Product3439,Electronics,3084.44
3440,Product3440,Sports,4141.89
3441,Product3441,Sports,3458.17
3442,Product3442,Books,3190.04
3443,Product3443,Electronics,212.64
3444,Product3444,Home,2233.61
3445,Product3445,Sports,4261.55
3446,Product3446,Home,4125.63
3447,Product3447,Home,1010.62
3448,Product3448,Home,2663.99
3449,Product3449,Clothing,2351.87
3450,Product3450,Home,1000.95
3451,Product3451,Sports,2678.07
3452,Product3452,Sports,362.42
3453,Product3453,Electronics,502.45
3454,Product3454,Books,4635.1
3455,Product3455,Electronics,1956.47
3456,Product3456,Electronics,4461.71
3457,Product3457,Home,1147.0
3458,Product3458,Books,3504.63
3459,Product3459,Electronics,346.38
3460,Product3460,Home,2186.99
3461,Product3461,Home,2494.27
3462,Product3462,Sports,2321.95
3463,Product3463,Sports,1754.17
3464,Product3464,Clothing,2739.44
3465,Product3465,Electronics,3147.11
3466,Product3466,Home,4544.49
3467,Product3467,Books,1991.81
3468,Product3468,Sports,4080.08
3469,Product3469,Sports,1368.68
3470,Product3470,Clothing,2574.61
3471,Product3471,Books,3482.14
3472,Product3472,Clothing,1635.04
3473,Product3473,Clothing,1312.03
3474,Product3474,Electronics,2353.43
3475,Product3475,Sports,2950.87
3476,Product3476,Clothing,4307.27
3477,Product3477,Clothing,819.36
3478,Product3478,Home,4362.53
3479,Product3479,Home,4598.19
3480,Product3480,Sports,4180.14
3481,Product3481,Books,2454.21
3482,Product3482,Books,2553.29
3483,Product3483,Clothing,2413.06
3484,Product3484,Sports,3719.98
3485,Product3485,Clothing,1065.83
3486,Product3486,Home,1149.62
3487,Product3487,Clothing,4419.59
3488,Product3488,Sports,257.48
3489,Product3489,Sports,1216.92
3490,Product3490,Books,3014.12
3491,Product3491,Clothing,4660.06
3492,Product3492,Clothing,430.23
3493,Product3493,Clothing,1282.68
3494,Product3494,Clothing,360.81
3495,Product3495,Clothing,1995.46
3496,Product3496,Home,1096.09
3497,Product3497,Books,4011.95
3498,Product3498,Home,1766.17
3499,Product3499,Clothing,3264.39
3500,Product3500,Clothing,513.86
3501,Product3501,Clothing,406.33
3502,Product3502,Home,3213.54
3503,Product3503,Sports,559.01
3504,Product3504,Books,2961.7
3505,Product3505,Home,2139.87
3506,Product3506,Sports,1100.36
3507,Product3507,Electronics,1339.12
3508,Product3508,Sports,1560.23
3509,Product3509,Sports,1970.03
3510,Product3510,Sports,31.98
3511,Product3511,Electronics,3869.32
3512,Product3512,Clothing,4023.77
3513,Product3513,Electronics,4172.79
3514,Product3514,Electronics,2429.86
3515,Product3515,Electronics,4803.71
3516,Product3516,Electronics,761.04
3517,Product3517,Sports,2175.72
3518,Product3518,Electronics,2215.81
3519,Product3519,Clothing,2633.52
3520,Product3520,Sports,3322.65
3521,Product3521,Home,4143.13
3522,Product3522,Sports,3145.69
3523,Product3523,Electronics,2596.06
3524,Product3524,Electronics,1435.67
3525,Product3525,Sports,1086.92
3526,Product3526,Books,902.96
3527,Product3527,Books,3275.62
3528,Product3528,Sports,2094.53
3529,Product3529,Sports,3233.87
3530,Product3530,Home,2310.92
3531,Product3531,Clothing,2865.04
3532,Product3532,Home,4605.05
3533,Product3533,Sports,1350.78
3534,Product3534,Sports,3218.8
3535,Product3535,Sports,3776.13
3536,Product3536,Books,1748.5
3537,Product3537,Home,1241.91
3538,Product3538,Clothing,3044.84
3539,Product3539,Home,3918.83
3540,Product3540,Books,3559.13
3541,Product3541,Clothing,756.04
3542,Product3542,Clothing,2236.66
3543,Product3543,Electronics,4480.27
3544,Product3544,Books,3957.42
3545,Product3545,Home,3049.81
3546,Product3546,Sports,1951.67
3547,Product3547,Electronics,1059.28
3548,Product3548,Home,1465.44
3549,Product3549,Electronics,2302.61
3550,Product3550,Clothing,2156.64
3551,Product3551,Electronics,1821.38
3552,Product3552,Books,4867.05
3553,Product3553,Electronics,3723.67
3554,Product3554,Electronics,1023.84
3555,Product3555,Electronics,1884.11
3556,Product3556,Books,2179.97
3557,Product3557,Books,3208.7
3558,Product3558,Home,249.23
3559,Product3559,Books,1288.22
3560,Product3560,Electronics,4388.17
3561,Product3561,Sports,649.24
3562,Product3562,Home,3114.68
3563,Product3563,Sports,2639.71
3564,Product3564,Home,2330.86
3565,Product3565,Books,4070.77
3566,Product3566,Home,74.37
3567,Product3567,Electronics,1885.28
3568,Product3568,Electronics,2850.75
3569,Product3569,Books,3019.44
3570,Product3570,Home,131.69
3571,Product3571,Books,996.44
3572,Product3572,Books,2644.39
3573,Product3573,Clothing,2774.73
3574,Product3574,Sports,4544.64
3575,Product3575,Home,2740.13
3576,Product3576,Books,1100.16
3577,Product3577,Electronics,4772.61
3578,Product3578,Sports,3138.91
3579,Product3579,Clothing,725.45
3580,Product3580,Home,4359.82
3581,Product3581,Books,2327.4
3582,Product3582,Home,2985.73
3583,Product3583,Electronics,2430.38
3584,Product3584,Sports,2350.46
3585,Product3585,Electronics,1124.2
3586,Product3586,Home,873.54
3587,Product3587,Home,671.15
3588,Product3588,Clothing,615.36
3589,Product3589,Clothing,2152.64
3590,Product3590,Clothing,3231.12
3591,Product3591,Home,4093.85
3592,Product3592,Clothing,3983.65
3593,Product3593,Sports,3524.39
3594,Product3594,Books,4518.6
3595,Product3595,Sports,2353.16
3596,Product3596,Electronics,1405.26
3597,Product3597,Clothing,1836.15
3598,Product3598,Books,4260.26
3599,Product3599,Electronics,4513.24
3600,Product3600,Sports,4953.16
3601,Product3601,Books,2081.43
3602,Product3602,Books,5.14
3603,Product3603,Sports,3944.59
3604,Product3604,Books,3200.85
3605,Product3605,Books,1801.94
3606,Product3606,Clothing,2546.13
3607,Product3607,Sports,420.05
3608,Product3608,Electronics,2481.5
3609,Product3609,Home,4821.55
3610,Product3610,Sports,67.19
3611,Product3611,Electronics,2620.85
3612,Product3612,Sports,1334.5
3613,Product3613,Home,2177.83
3614,Product3614,Home,1900.09
3615,Product3615,Clothing,2396.46
3616,Product3616,Home,1758.8
3617,Product3617,Home,385.43
3618,Product3618,Clothing,539.69
3619,Product3619,Electronics,4706.0
3620,Product3620,Books,3749.06
3621,Product3621,Sports,4620.6
3622,Product3622,Clothing,458.91
3623,Product3623,Clothing,3721.67
3624,Product3624,Sports,1659.96
3625,Product3625,Home,4391.24
3626,Product3626,Clothing,572.13
3627,Product3627,Electronics,4229.11
3628,Product3628,Sports,954.15
3629,Product3629,Home,2432.34
3630,Product3630,Clothing,3762.17
3631,Product3631,Electronics,4499.88
3632,Product3632,Books,604.29
3633,Product3633,Home,240.5
3634,Product3634,Books,3100.98
3635,Product3635,Sports,755.82
3636,Product3636,Electronics,1201.85
3637,Product3637,Electronics,49.34
3638,Product3638,Electronics,1767.23
3639,Product3639,Clothing,1041.94
3640,Product3640,Sports,361.02
3641,Product3641,Sports,1508.07
3642,Product3642,Books,2337.45
3643,Product3643,Clothing,2122.83
3644,Product3644,Clothing,211.84
3645,Product3645,Electronics,3068.88
3646,Product3646,Books,2475.08
3647,Product3647,Books,3680.99
3648,Product3648,Clothing,1965.42
3649,Product3649,Books,1910.65
3650,Product3650,Electronics,2097.3
3651,Product3651,Sports,489.71
3652,Product3652,Sports,2139.29
3653,Product3653,Electronics,1662.47
3654,Product3654,Home,4799.09
3655,Product3655,Home,2604.54
3656,Product3656,Sports,3335.75
3657,Product3657,Electronics,3381.13
3658,Product3658,Books,4006.71
3659,Product3659,Home,3842.41
3660,Product3660,Home,3016.88
3661,Product3661,Books,2173.46
3662,Product3662,Electronics,4776.83
3663,Product3663,Books,3241.88
3664,Product3664,Sports,2366.78
3665,Product3665,Books,969.37
3666,Product3666,Clothing,578.78
3667,Product3667,Electronics,2078.45
3668,Product3668,Home,1380.44
3669,Product3669,Electronics,3090.26
3670,Product3670,Electronics,3685.11
3671,Product3671,Sports,4270.3
3672,Product3672,Books,2020.83
3673,Product3673,Books,2671.82
3674,Product3674,Electronics,4106.34
3675,Product3675,Clothing,2732.78
3676,Product3676,Clothing,3908.7
3677,Product3677,Clothing,3350.58
3678,Product3678,Electronics,2306.92
3679,Product3679,Clothing,2557.31
3680,Product3680,Clothing,529.34
3681,Product3681,Clothing,3787.62
3682,Product3682,Home,2859.51
3683,Product3683,Books,2448.1
3684,Product3684,Sports,1972.39
3685,Product3685,Sports,3719.5
3686,Product3686,Electronics,766.8
3687,Product3687,Books,2463.22
3688,Product3688,Books,900.93
3689,Product3689,Electronics,1214.66
3690,Product3690,Clothing,538.15
3691,Product3691,Sports,2814.18
3692,Product3692,Sports,4610.79
3693,Product3693,Clothing,3085.05
3694,Product3694,Sports,1480.94
3695,Product3695,Clothing,3072.96
3696,Product3696,Clothing,4091.3
3697,Product3697,Sports,986.9
3698,Product3698,Home,1654.64
3699,Product3699,Books,1183.75
3700,Product3700,Sports,3450.07
3701,Product3701,Home,3099.01
3702,Product3702,Sports,22.97
3703,Product3703,Clothing,4322.87
3704,Product3704,Clothing,3268.8
3705,Product3705,Electronics,458.33
3706,Product3706,Books,1726.31
3707,Product3707,Home,4210.95
3708,Product3708,Home,1680.56
3709,Product3709,Home,3529.62
3710,Product3710,Sports,4001.09
3711,Product3711,Home,3707.34
3712,Product3712,Electronics,3860.46
3713,Product3713,Clothing,4607.58
3714,Product3714,Home,4949.4
3715,Product3715,Sports,3047.2
3716,Product3716,Home,229.79
3717,Product3717,Home,980.96
3718,Product3718,Sports,4608.57
3719,Product3719,Electronics,234.49
3720,Product3720,Electronics,629.48
3721,Product3721,Sports,3416.82
3722,Product3722,Sports,2063.92
3723,Product3723,Books,373.71
3724,Product3724,Books,24.2
3725,Product3725,Home,4742.6
3726,Product3726,Books,1411.82
3727,Product3727,Sports,4593.69
3728,Product3728,Clothing,2979.51
3729,Product3729,Electronics,274.51
3730,Product3730,Books,4969.59
3731,Product3731,Clothing,4585.31
3732,Product3732,Home,3559.78
3733,Product3733,Electronics,3709.71
3734,Product3734,Books,3490.57
3735,Product3735,Home,3110.27
3736,Product3736,Electronics,940.25
3737,Product3737,Books,3544.91
3738,Product3738,Clothing,3611.99
3739,Product3739,Books,2201.28
3740,Product3740,Electronics,263.37
3741,Product3741,Electronics,4521.54
3742,Product3742,Electronics,1161.32
3743,Product3743,Home,1866.4
3744,Product3744,Electronics,4363.01
3745,Product3745,Home,1700.55
3746,Product3746,Books,1570.43
3747,Product3747,Books,3944.42
3748,Product3748,Books,4454.68
3749,Product3749,Clothing,1504.4
3750,Product3750,Books,293.92
3751,Product3751,Clothing,4841.13
3752,Product3752,Clothing,3331.24
3753,Product3753,Books,1927.81
3754,Product3754,Sports,2575.68
3755,Product3755,Books,2335.2
3756,Product3756,Clothing,1398.46
3757,Product3757,Sports,4877.89
3758,Product3758,Clothing,158.43
3759,Product3759,Clothing,2929.25
3760,Product3760,Books,3331.22
3761,Product3761,Books,3855.4
3762,Product3762,Books,4508.71
3763,Product3763,Sports,2943.16
3764,Product3764,Electronics,3418.55
3765,Product3765,Sports,2718.14
3766,Product3766,Electronics,3662.35
3767,Product3767,Clothing,2064.95
3768,Product3768,Clothing,4614.87
3769,Product3769,Sports,1713.4
3770,Product3770,Home,4313.89
3771,Product3771,Clothing,4025.06
3772,Product3772,Sports,45.68
3773,Product3773,Books,3584.84
3774,Product3774,Clothing,1403.19
3775,Product3775,Electronics,3869.61
3776,Product3776,Books,128.75
3777,Product3777,Sports,2779.85
3778,Product3778,Sports,3155.86
3779,Product3779,Electronics,3120.63
3780,Product3780,Home,3070.53
3781,Product3781,Clothing,3838.11
3782,Product3782,Electronics,88.3
3783,Product3783,Home,700.27
3784,Product3784,Home,1148.2
3785,Product3785,Electronics,2399.56
3786,Product3786,Clothing,3715.65
3787,Product3787,Home,3658.21
3788,Product3788,Sports,4616.52
3789,Product3789,Books,3709.78
3790,Product3790,Electronics,1963.78
3791,Product3791,Sports,4520.9
3792,Product3792,Home,2555.05
3793,Product3793,Sports,53.04
3794,Product3794,Home,3325.52
3795,Product3795,Books,3415.34
3796,Product3796,Sports,2142.24
3797,Product3797,Sports,186.13
3798,Product3798,Home,1073.39
3799,Product3799,Clothing,384.45
3800,Product3800,Sports,2280.48
3801,Product3801,Books,3238.33
3802,Product3802,Books,4013.34
3803,Product3803,Clothing,1915.17
3804,Product3804,Sports,2307.72
3805,Product3805,Electronics,514.83
3806,Product3806,Electronics,2346.32
3807,Product3807,Sports,1327.24
3808,Product3808,Books,770.33
3809,Product3809,Books,1402.34
3810,Product3810,Clothing,1097.16
3811,Product3811,Books,1534.37
3812,Product3812,Sports,2167.42
3813,Product3813,Books,1461.1
3814,Product3814,Home,4910.47
3815,Product3815,Books,4475.07
3816,Product3816,Books,2412.62
3817,Product3817,Home,4601.95
3818,Product3818,Clothing,4645.23
3819,Product3819,Clothing,1184.52
3820,Product3820,Books,1729.51
3821,Product3821,Sports,2986.98
3822,Product3822,Sports,264.77
3823,Product3823,Home,4352.75
3824,Product3824,Sports,657.34
3825,Product3825,Clothing,1336.77
3826,Product3826,Sports,2249.22
3827,Product3827,Books,2268.87
3828,Product3828,Home,1072.53
3829,Product3829,Sports,1527.31
3830,Product3830,Clothing,228.11
3831,Product3831,Books,3059.51
3832,Product3832,Home,202.77
3833,Product3833,Clothing,546.49
3834,Product3834,Clothing,3004.54
3835,Product3835,Books,2284.88
3836,Product3836,Clothing,4816.07
3837,Product3837,Home,1184.73
3838,Product3838,Electronics,4510.44
3839,Product3839,Clothing,2261.95
3840,Product3840,Books,731.14
3841,Product3841,Books,1890.64
3842,Product3842,Electronics,4248.53
3843,Product3843,Sports,1021.53
3844,Product3844,Clothing,146.47
3845,Product3845,Books,371.16
3846,Product3846,Electronics,1608.52
3847,Product3847,Electronics,4249.6
3848,Product3848,Electronics,3367.34
3849,Product3849,Books,4357.79
3850,Product3850,Electronics,1181.4
3851,Product3851,Books,4113.09
3852,Product3852,Clothing,1895.77
3853,Product3853,Sports,4505.7
3854,Product3854,Home,4824.27
3855,Product3855,Sports,3876.34
3856,Product3856,Books,3335.72
3857,Product3857,Clothing,847.13
3858,Product3858,Books,3090.97
3859,Product3859,Books,884.34
3860,Product3860,Sports,2650.53
3861,Product3861,Books,3508.96
3862,Product3862,Sports,2287.46
3863,Product3863,Electronics,1889.11
3864,Product3864,Home,3419.66
3865,Product3865,Clothing,4341.44
3866,Product3866,Books,493.85
3867,Product3867,Sports,689.41
3868,Product3868,Books,1950.34
3869,Product3869,Books,1846.92
3870,Product3870,Books,1320.31
3871,Product3871,Clothing,2118.88
3872,Product3872,Electronics,4860.4
3873,Product3873,Clothing,751.88
3874,Product3874,Electronics,2247.84
3875,Product3875,Clothing,2601.92
3876,Product3876,Sports,3209.3
3877,Product3877,Home,1254.3
3878,Product3878,Electronics,3835.13
3879,Product3879,Home,3852.89
3880,Product3880,Books,2671.33
3881,Product3881,Home,4541.53
3882,Product3882,Sports,2414.56
3883,Product3883,Home,3581.61
3884,Product3884,Books,1940.05
3885,Product3885,Sports,2572.9
3886,Product3886,Electronics,4823.58
3887,Product3887,Electronics,2958.79
3888,Product3888,Books,1928.49
3889,Product3889,Sports,3051.69
3890,Product3890,Clothing,1990.94
3891,Product3891,Clothing,3370.18
3892,Product3892,Electronics,1359.99
3893,Product3893,Sports,4778.63
3894,Product3894,Home,1712.37
3895,Product3895,Electronics,291.88
3896,Product3896,Clothing,676.67
3897,Product3897,Electronics,4264.01
3898,Product3898,Home,3459.68
3899,Product3899,Sports,3996.93
3900,Product3900,Books,1679.71
3901,Product3901,Sports,733.21
3902,Product3902,Home,1607.26
3903,Product3903,Books,1726.7
3904,Product3904,Sports,2433.96
3905,Product3905,Electronics,3520.47
3906,Product3906,Books,1954.07
3907,Product3907,Clothing,4143.33
3908,Product3908,Clothing,1584.65
3909,Product3909,Sports,1403.26
3910,Product3910,Books,2340.82
3911,Product3911,Home,3979.61
3912,Product3912,Clothing,1924.81
3913,Product3913,Clothing,223.77
3914,Product3914,Home,409.31
3915,Product3915,Clothing,4363.06
3916,Product3916,Electronics,4975.97
3917,Product3917,Home,4206.3
3918,Product3918,Electronics,1259.24
3919,Product3919,Sports,828.29
3920,Product3920,Books,2385.11
3921,Product3921,Books,313.23
3922,Product3922,Home,3325.24
3923,Product3923,Clothing,1449.71
3924,Product3924,Sports,2740.34
3925,Product3925,Books,1837.98
3926,Product3926,Clothing,507.11
3927,Product3927,Home,678.36
3928,Product3928,Sports,2606.74
3929,Product3929,Sports,2768.62
3930,Product3930,Books,4943.48
3931,Product3931,Electronics,1083.66
3932,Product3932,Books,2373.12
3933,Product3933,Sports,4173.95
3934,Product3934,Clothing,4984.86
3935,Product3935,Home,88.1
3936,Product3936,Books,4466.27
3937,Product3937,Electronics,2722.1
3938,Product3938,Clothing,2221.21
3939,Product3939,Electronics,999.61
3940,Product3940,Electronics,2288.61
3941,Product3941,Sports,3432.14
3942,Product3942,Sports,340.04
3943,Product3943,Sports,3273.78
3944,Product3944,Electronics,3108.65
3945,Product3945,Sports,2556.53
3946,Product3946,Clothing,2347.15
3947,Product3947,Home,3026.01
3948,Product3948,Clothing,1436.48
3949,Product3949,Books,624.49
3950,Product3950,Books,2324.7
3951,Product3951,Home,1972.05
3952,Product3952,Electronics,2483.29
3953,Product3953,Sports,1463.57
3954,Product3954,Home,3759.03
3955,Product3955,Books,3902.21
3956,Product3956,Home,3522.17
3957,Product3957,Electronics,3197.6
3958,Product3958,Electronics,2574.22
3959,Product3959,Sports,2342.13
3960,Product3960,Books,338.86
3961,Product3961,Sports,506.89
3962,Product3962,Clothing,3082.87
3963,Product3963,Home,4309.05
3964,Product3964,Electronics,1407.67
3965,Product3965,Electronics,4137.72
3966,Product3966,Books,955.85
3967,Product3967,Sports,4484.58
3968,Product3968,Clothing,3811.41
3969,Product3969,Clothing,2692.5
3970,Product3970,Sports,1971.58
3971,Product3971,Clothing,2056.43
3972,Product3972,Sports,4121.43
3973,Product3973,Clothing,1302.5
3974,Product3974,Home,4008.58
3975,Product3975,Sports,2930.0
3976,Product3976,Books,1843.85
3977,Product3977,Books,3419.59
3978,Product3978,Home,3420.02
3979,Product3979,Electronics,3843.39
3980,Product3980,Home,1335.54
3981,Product3981,Electronics,1712.13
3982,Product3982,Sports,4266.76
3983,Product3983,Sports,4800.53
3984,Product3984,Electronics,3030.89
3985,Product3985,Home,3664.66
3986,Product3986,Books,1525.56
3987,Product3987,Home,1109.6
3988,Product3988,Clothing,1759.69
3989,Product3989,Books,4775.43
3990,Product3990,Sports,4189.69
3991,Product3991,Books,1954.04
3992,Product3992,Electronics,4477.11
3993,Product3993,Electronics,3880.5
3994,Product3994,Books,830.02
3995,Product3995,Sports,2559.8
3996,Product3996,Electronics,2887.61
3997,Product3997,Sports,3163.61
3998,Product3998,Books,263.01
3999,Product3999,Home,4653.2
4000,Product4000,Electronics,2109.82
4001,Product4001,Sports,1870.61
4002,Product4002,Home,1881.83
4003,Product4003,Home,3355.81
4004,Product4004,Sports,966.88
4005,Product4005,Electronics,4080.76
4006,Product4006,Sports,3789.85
4007,Product4007,Home,3407.62
4008,Product4008,Books,3078.32
4009,Product4009,Home,4651.52
4010,Product4010,Sports,3580.24
4011,Product4011,Books,2654.88
4012,Product4012,Clothing,281.96
4013,Product4013,Books,808.06
4014,Product4014,Home,1637.82
4015,Product4015,Clothing,4191.23
4016,Product4016,Home,4561.4
4017,Product4017,Home,198.19
4018,Product4018,Sports,2522.36
4019,Product4019,Sports,1753.75
4020,Product4020,Books,1304.72
4021,Product4021,Books,1306.81
4022,Product4022,Sports,4146.02
4023,Product4023,Books,4343.23
4024,Product4024,Books,566.64
4025,Product4025,Electronics,2793.57
4026,Product4026,Electronics,2160.22
4027,Product4027,Clothing,1546.69
4028,Product4028,Home,2690.34
4029,Product4029,Electronics,4016.82
4030,Product4030,Books,4722.33
4031,Product4031,Clothing,2497.47
4032,Product4032,Clothing,791.77
4033,Product4033,Sports,4293.28
4034,Product4034,Books,2741.05
4035,Product4035,Books,4729.3
4036,Product4036,Home,3416.67
4037,Product4037,Home,2248.18
4038,Product4038,Sports,4159.13
4039,Product4039,Books,4628.14
4040,Product4040,Sports,273.3
4041,Product4041,Sports,3853.05
4042,Product4042,Clothing,2991.78
4043,Product4043,Sports,623.52
4044,Product4044,Books,3699.67
4045,Product4045,Books,4883.48
4046,Product4046,Clothing,881.44
4047,Product4047,Books,1508.49
4048,Product4048,Clothing,18.1
4049,Product4049,Books,2196.63
4050,Product4050,Electronics,2117.39
4051,Product4051,Home,3772.63
4052,Product4052,Home,4157.51
4053,Product4053,Clothing,2339.78
4054,Product4054,Clothing,2057.16
4055,Product4055,Electronics,2713.4
4056,Product4056,Books,1208.98
4057,Product4057,Electronics,311.35
4058,Product4058,Sports,3393.86
4059,Product4059,Sports,3716.4
4060,Product4060,Home,4024.25
4061,Product4061,Sports,1316.02
4062,Product4062,Sports,1440.75
4063,Product4063,Home,48.98
4064,Product4064,Electronics,3605.08
4065,Product4065,Home,663.78
4066,Product4066,Sports,3446.31
4067,Product4067,Books,3644.3
4068,Product4068,Electronics,3665.76
4069,Product4069,Home,797.44
4070,Product4070,Clothing,418.68
4071,Product4071,Books,1199.41
4072,Product4072,Home,1307.77
4073,Product4073,Books,2908.9
4074,Product4074,Electronics,1433.18
4075,Product4075,Electronics,3527.49
4076,Product4076,Electronics,1315.92
4077,Product4077,Home,1430.8
4078,Product4078,Sports,1508.71
4079,Product4079,Sports,4320.65
4080,Product4080,Books,1112.57
4081,Product4081,Sports,553.47
4082,Product4082,Sports,2480.2
4083,Product4083,Sports,1614.48
4084,Product4084,Sports,3586.22
4085,Product4085,Electronics,1912.0
4086,Product4086,Electronics,2596.61
4087,Product4087,Clothing,4023.78
4088,Product4088,Home,2124.04
4089,Product4089,Electronics,4880.76
4090,Product4090,Books,853.25
4091,Product4091,Electronics,1293.93
4092,Product4092,Sports,2444.99
4093,Product4093,Clothing,204.79
4094,Product4094,Home,3917.98
4095,Product4095,Electronics,1959.46
4096,Product4096,Electronics,2457.88
4097,Product4097,Books,4477.92
4098,Product4098,Sports,285.29
4099,Product4099,Home,267.74
4100,Product4100,Electronics,876.67
4101,Product4101,Clothing,3295.49
4102,Product4102,Home,2430.11
4103,Product4103,Clothing,2072.83
4104,Product4104,Electronics,1235.51
4105,Product4105,Electronics,4483.37
4106,Product4106,Clothing,4413.5
4107,Product4107,Books,4753.33
4108,Product4108,Sports,4543.19
4109,Product4109,Sports,3897.18
4110,Product4110,Home,3811.52
4111,Product4111,Books,3450.19
4112,Product4112,Sports,3373.36
4113,Product4113,Clothing,315.27
4114,Product4114,Electronics,2066.07
4115,Product4115,Books,3299.23
4116,Product4116,Home,2233.33
4117,Product4117,Clothing,2042.0
4118,Product4118,Clothing,2071.66
4119,Product4119,Home,500.5
4120,Product4120,Sports,2910.42
4121,Product4121,Books,3937.59
4122,Product4122,Home,2596.83
4123,Product4123,Home,3787.67
4124,Product4124,Clothing,4904.47
4125,Product4125,Sports,1028.09
4126,Product4126,Clothing,286.92
4127,Product4127,Sports,4820.4
4128,Product4128,Home,1805.26
4129,Product4129,Sports,2485.6
4130,Product4130,Electronics,1903.08
4131,Product4131,Sports,21.22
4132,Product4132,Electronics,4383.21
4133,Product4133,Home,87.12
4134,Product4134,Home,430.77
4135,Product4135,Home,832.09
4136,Product4136,Electronics,4593.05
4137,Product4137,Sports,4733.59
4138,Product4138,Books,3833.68
4139,Product4139,Books,3655.13
4140,Product4140,Home,1918.8
4141,Product4141,Sports,4342.24
4142,Product4142,Electronics,868.8
4143,Product4143,Clothing,2676.0
4144,Product4144,Books,4124.62
4145,Product4145,Sports,1622.13
4146,Product4146,Books,4173.43
4147,Product4147,Books,2794.12
4148,Product4148,Sports,1663.99
4149,Product4149,Clothing,2677.2
4150,Product4150,Books,578.46
4151,Product4151,Books,2080.21
4152,Product4152,Electronics,2985.85
4153,Product4153,Sports,2558.73
4154,Product4154,Clothing,3880.32
4155,Product4155,Clothing,511.42
4156,Product4156,Electronics,4484.11
4157,Product4157,Electronics,4237.97
4158,Product4158,Electronics,4554.11
4159,Product4159,Books,3554.16
4160,Product4160,Clothing,1030.23
4161,Product4161,Sports,563.33
4162,Product4162,Electronics,2864.45
4163,Product4163,Home,805.15
4164,Product4164,Clothing,2246.17
4165,Product4165,Clothing,4911.65
4166,Product4166,Sports,4085.1
4167,Product4167,Home,1810.77
4168,Product4168,Electronics,2206.65
4169,Product4169,Home,3598.3
4170,Product4170,Sports,2278.3
4171,Product4171,Clothing,2433.96
4172,Product4172,Home,2892.82
4173,Product4173,Sports,4481.89
4174,Product4174,Home,232.12
4175,Product4175,Books,3367.3
4176,Product4176,Home,4109.36
4177,Product4177,Sports,889.13
4178,Product4178,Electronics,792.03
4179,Product4179,Books,3824.6
4180,Product4180,Electronics,2310.73
4181,Product4181,Clothing,3651.97
4182,Product4182,Home,4296.36
4183,Product4183,Home,3970.12
4184,Product4184,Sports,1870.07
4185,Product4185,Clothing,1159.38
4186,Product4186,Electronics,954.92
4187,Product4187,Electronics,4517.88
4188,Product4188,Home,3132.51
4189,Product4189,Electronics,358.89
4190,Product4190,Home,4976.35
4191,Product4191,Books,392.53
4192,Product4192,Books,3787.62
4193,Product4193,Sports,1817.78
4194,Product4194,Electronics,722.27
4195,Product4195,Home,4962.89
4196,Product4196,Home,2378.32
4197,Product4197,Books,4296.43
4198,Product4198,Sports,900.82
4199,Product4199,Clothing,2588.33
4200,Product4200,Home,4045.04
4201,Product4201,Books,3987.85
4202,Product4202,Home,2064.08
4203,Product4203,Home,3523.61
4204,Product4204,Home,2217.57
4205,Product4205,Electronics,1891.01
4206,Product4206,Sports,4966.59
4207,Product4207,Home,572.47
4208,Product4208,Books,590.18
4209,Product4209,Electronics,1659.63
4210,Product4210,Home,4962.92
4211,Product4211,Books,909.9
4212,Product4212,Sports,4458.01
4213,Product4213,Clothing,1529.42
4214,Product4214,Home,139.32
4215,Product4215,Sports,2764.56
4216,Product4216,Books,616.05
4217,Product4217,Books,3236.65
4218,Product4218,Home,3828.61
4219,Product4219,Home,333.41
4220,Product4220,Clothing,4481.04
4221,Product4221,Home,1015.74
4222,Product4222,Clothing,608.12
4223,Product4223,Home,1756.06
4224,Product4224,Sports,944.48
4225,Product4225,Sports,1007.13
4226,Product4226,Clothing,4478.66
4227,Product4227,Clothing,4042.6
4228,Product4228,Electronics,4251.09
4229,Product4229,Home,511.34
4230,Product4230,Sports,4799.03
4231,Product4231,Electronics,4031.21
4232,Product4232,Home,2791.49
4233,Product4233,Clothing,1245.62
4234,Product4234,Home,3891.56
4235,Product4235,Home,144.58
4236,Product4236,Clothing,4855.65
4237,Product4237,Electronics,3052.13
4238,Product4238,Clothing,1116.43
4239,Product4239,Books,3879.79
4240,Product4240,Home,4150.41
4241,Product4241,Clothing,3046.59
4242,Product4242,Books,237.87
4243,Product4243,Books,3644.31
4244,Product4244,Books,272.89
4245,Product4245,Clothing,4805.7
4246,Product4246,Sports,4105.06
4247,Product4247,Electronics,4701.27
4248,Product4248,Home,3157.08
4249,Product4249,Books,1576.36
4250,Product4250,Electronics,4709.65
4251,Product4251,Books,2745.81
4252,Product4252,Sports,2927.1
4253,Product4253,Home,3636.92
4254,Product4254,Home,3777.22
4255,Product4255,Electronics,4026.82
4256,Product4256,Home,439.09
4257,Product4257,Electronics,2518.19
4258,Product4258,Clothing,4496.19
4259,Product4259,Electronics,1652.2
4260,Product4260,Sports,3307.08
4261,Product4261,Electronics,2015.43
4262,Product4262,Clothing,2556.73
4263,Product4263,Sports,2140.58
4264,Product4264,Sports,1367.82
4265,Product4265,Sports,1872.96
4266,Product4266,Clothing,1089.77
4267,Product4267,Sports,1595.44
4268,Product4268,Books,4111.03
4269,Product4269,Sports,4894.32
4270,Product4270,Sports,391.78
4271,Product4271,Sports,3997.51
4272,Product4272,Clothing,1767.32
4273,Product4273,Clothing,4994.56
4274,Product4274,Clothing,4399.06
4275,Product4275,Electronics,4749.61
4276,Product4276,Clothing,1335.87
4277,Product4277,Books,727.95
4278,Product4278,Books,2769.34
4279,Product4279,Electronics,3991.55
4280,Product4280,Books,3372.8
4281,Product4281,Sports,4129.39
4282,Product4282,Electronics,1982.74
4283,Product4283,Sports,1681.25
4284,Product4284,Sports,4430.33
4285,Product4285,Books,1137.65
4286,Product4286,Home,4996.28
4287,Product4287,Sports,2402.04
4288,Product4288,Home,2616.53
4289,Product4289,Books,745.39
4290,Product4290,Clothing,3423.83
4291,Product4291,Books,2528.62
4292,Product4292,Clothing,2002.72
4293,Product4293,Books,3238.68
4294,Product4294,Sports,4631.17
4295,Product4295,Home,4297.34
4296,Product4296,Home,1396.63
4297,Product4297,Electronics,2433.41
4298,Product4298,Books,342.02
4299,Product4299,Home,4858.31
4300,Product4300,Sports,929.69
4301,Product4301,Electronics,1407.52
4302,Product4302,Books,4949.22
4303,Product4303,Electronics,917.52
4304,Product4304,Electronics,3009.56
4305,Product4305,Books,3082.55
4306,Product4306,Sports,2437.31
4307,Product4307,Home,1629.26
4308,Product4308,Clothing,1679.96
4309,Product4309,Electronics,316.12
4310,Product4310,Sports,1400.63
4311,Product4311,Electronics,2765.06
4312,Product4312,Sports,4054.59
4313,Product4313,Home,4182.67
4314,Product4314,Home,2033.9
4315,Product4315,Home,3309.8
4316,Product4316,Home,3184.67
4317,Product4317,Electronics,2545.33
4318,Product4318,Home,4563.22
4319,Product4319,Electronics,1693.51
4320,Product4320,Home,3724.25
4321,Product4321,Electronics,15.34
4322,Product4322,Sports,239.57
4323,Product4323,Clothing,4180.15
4324,Product4324,Electronics,62.1
4325,Product4325,Sports,2231.63
4326,Product4326,Sports,3917.93
4327,Product4327,Clothing,3764.52
4328,Product4328,Home,3959.36
4329,Product4329,Sports,1391.29
4330,Product4330,Home,1337.34
4331,Product4331,Electronics,458.97
4332,Product4332,Sports,1505.32
4333,Product4333,Electronics,4232.07
4334,Product4334,Home,871.47
4335,Product4335,Sports,4474.25
4336,Product4336,Electronics,4342.64
4337,Product4337,Electronics,881.1
4338,Product4338,Electronics,62.83
4339,Product4339,Clothing,1726.78
4340,Product4340,Books,1236.02
4341,Product4341,Home,1119.2
4342,Product4342,Books,3929.57
4343,Product4343,Clothing,1393.63
4344,Product4344,Sports,4030.79
4345,Product4345,Home,1807.26
4346,Product4346,Books,2199.68
4347,Product4347,Home,4316.12
4348,Product4348,Sports,3265.31
4349,Product4349,Books,151.5
4350,Product4350,Electronics,4604.92
4351,Product4351,Sports,3245.38
4352,Product4352,Electronics,2499.27
4353,Product4353,Electronics,2017.54
4354,Product4354,Electronics,3930.8
4355,Product4355,Sports,4375.04
4356,Product4356,Home,648.33
4357,Product4357,Clothing,2575.62
4358,Product4358,Books,1837.3
4359,Product4359,Home,1248.83
4360,Product4360,Sports,1373.25
4361,Product4361,Books,2793.39
4362,Product4362,Electronics,773.16
4363,Product4363,Home,2638.96
4364,Product4364,Sports,2732.03
4365,Product4365,Home,2475.47
4366,Product4366,Electronics,2149.27
4367,Product4367,Clothing,510.52
4368,Product4368,Books,1975.08
4369,Product4369,Home,1274.21
4370,Product4370,Electronics,1277.87
4371,Product4371,Clothing,3646.67
4372,Product4372,Home,322.59
4373,Product4373,Clothing,616.46
4374,Product4374,Electronics,1340.15
4375,Product4375,Electronics,1501.16
4376,Product4376,Home,855.23
4377,Product4377,Books,342.98
4378,Product4378,Books,3369.71
4379,Product4379,Books,2349.37
4380,Product4380,Home,2062.41
4381,Product4381,Books,4783.6
4382,Product4382,Sports,643.12
4383,Product4383,Books,3049.6
4384,Product4384,Clothing,3416.06
4385,Product4385,Clothing,4911.54
4386,Product4386,Books,2088.21
4387,Product4387,Sports,1875.92
4388,Product4388,Electronics,3530.1
4389,Product4389,Sports,1851.05
4390,Product4390,Books,944.93
4391,Product4391,Books,4234.14
4392,Product4392,Sports,1060.25
4393,Product4393,Books,3898.3
4394,Product4394,Clothing,1196.52
4395,Product4395,Books,4317.29
4396,Product4396,Sports,516.9
4397,Product4397,Home,1047.6
4398,Product4398,Sports,3326.23
4399,Product4399,Home,4999.09
4400,Product4400,Sports,3903.86
4401,Product4401,Clothing,3019.84
4402,Product4402,Sports,1133.66
4403,Product4403,Home,4858.46
4404,Product4404,Books,1844.82
4405,Product4405,Clothing,2719.21
4406,Product4406,Books,2263.29
4407,Product4407,Books,63.96
4408,Product4408,Sports,1765.94
4409,Product4409,Home,4428.97
4410,Product4410,Home,252.81
4411,Product4411,Clothing,4729.3
4412,Product4412,Books,708.87
4413,Product4413,Sports,1688.25
4414,Product4414,Books,2644.87
4415,Product4415,Home,403.05
4416,Product4416,Books,1389.36
4417,Product4417,Home,1264.7
4418,Product4418,Clothing,2797.65
4419,Product4419,Sports,4535.35
4420,Product4420,Electronics,4487.59
4421,Product4421,Electronics,2057.36
4422,Product4422,Sports,2365.86
4423,Product4423,Electronics,3705.13
4424,Product4424,Sports,1926.54
4425,Product4425,Clothing,2717.04
4426,Product4426,Books,4401.42
4427,Product4427,Books,69.93
4428,Product4428,Books,1896.16
4429,Product4429,Sports,3488.84
4430,Product4430,Clothing,1457.54
4431,Product4431,Home,4703.02
4432,Product4432,Clothing,861.34
4433,Product4433,Electronics,3663.23
4434,Product4434,Home,4523.74
4435,Product4435,Clothing,3066.52
4436,Product4436,Clothing,1092.3
4437,Product4437,Electronics,4092.32
4438,Product4438,Sports,3763.42
4439,Product4439,Sports,1653.89
4440,Product4440,Electronics,2274.84
4441,Product4441,Sports,2696.83
4442,Product4442,Electronics,90.96
4443,Product4443,Sports,921.65
4444,Product4444,Electronics,155.4
4445,Product4445,Sports,2795.46
4446,Product4446,Electronics,4604.55
4447,Product4447,Electronics,2994.29
4448,Product4448,Books,3812.34
4449,Product4449,Sports,1513.46
4450,Product4450,Clothing,4555.98
4451,Product4451,Sports,575.78
4452,Product4452,Books,2859.89
4453,Product4453,Sports,1299.75
4454,Product4454,Clothing,3660.43
4455,Product4455,Books,893.4
4456,Product4456,Clothing,3673.25
4457,Product4457,Sports,2168.72
4458,Product4458,Sports,4705.64
4459,Product4459,Home,789.38
4460,Product4460,Sports,3097.09
4461,Product4461,Books,288.52
4462,Product4462,Electronics,4037.94
4463,Product4463,Home,176.78
4464,Product4464,Home,1649.81
4465,Product4465,Clothing,1365.35
4466,Product4466,Electronics,1228.81
4467,Product4467,Clothing,2501.12
4468,Product4468,Clothing,4153.51
4469,Product4469,Books,43.89
4470,Product4470,Clothing,4361.21
4471,Product4471,Books,501.81
4472,Product4472,Electronics,3873.89
4473,Product4473,Books,943.87
4474,Product4474,Electronics,591.76
4475,Product4475,Clothing,554.8
4476,Product4476,Home,1319.95
4477,Product4477,Sports,3408.78
4478,Product4478,Home,2466.21
4479,Product4479,Electronics,4593.56
4480,Product4480,Home,2485.09
4481,Product4481,Sports,4751.57
4482,Product4482,Books,1446.86
4483,Product4483,Books,584.1
4484,Product4484,Electronics,4785.21
4485,Product4485,Clothing,1376.0
4486,Product4486,Books,3937.49
4487,Product4487,Electronics,4092.07
4488,Product4488,Books,1461.53
4489,Product4489,Clothing,4750.5
4490,Product4490,Home,1705.94
4491,Product4491,Sports,1624.33
4492,Product4492,Books,2780.72
4493,Product4493,Electronics,1271.72
4494,Product4494,Books,1658.98
4495,Product4495,Books,3896.52
4496,Product4496,Electronics,3908.81
4497,Product4497,Electronics,1165.79
4498,Product4498,Home,4535.34
4499,Product4499,Home,462.99
4500,Product4500,Sports,455.66
4501,Product4501,Home,3092.37
4502,Product4502,Books,1228.35
4503,Product4503,Home,969.24
4504,Product4504,Electronics,2652.17
4505,Product4505,Books,4585.32
4506,Product4506,Electronics,4419.19
4507,Product4507,Home,1930.52
4508,Product4508,Books,2092.64
4509,Product4509,Sports,4583.31
4510,Product4510,Clothing,1804.44
4511,Product4511,Clothing,1033.55
4512,Product4512,Home,3363.09
4513,Product4513,Electronics,3367.04
4514,Product4514,Home,4186.4
4515,Product4515,Electronics,4132.62
4516,Product4516,Clothing,2149.82
4517,Product4517,Clothing,506.21
4518,Product4518,Books,4036.83
4519,Product4519,Clothing,798.72
4520,Product4520,Home,2210.47
4521,Product4521,Books,914.46
4522,Product4522,Clothing,2276.94
4523,Product4523,Books,4845.09
4524,Product4524,Electronics,774.56
4525,Product4525,Home,1106.72
4526,Product4526,Books,2410.62
4527,Product4527,Home,320.03
4528,Product4528,Clothing,4137.85
4529,Product4529,Books,4576.87
4530,Product4530,Sports,3692.48
4531,Product4531,Electronics,3481.27
4532,Product4532,Electronics,4721.05
4533,Product4533,Books,2921.4
4534,Product4534,Books,3681.86
4535,Product4535,Books,1364.39
4536,Product4536,Sports,3575.45
4537,Product4537,Books,4075.32
4538,Product4538,Books,3777.08
4539,Product4539,Books,248.96
4540,Product4540,Electronics,56.73
4541,Product4541,Sports,2718.71
4542,Product4542,Electronics,2724.83
4543,Product4543,Clothing,3003.2
4544,Product4544,Electronics,242.38
4545,Product4545,Electronics,2657.0
4546,Product4546,Electronics,1293.25
4547,Product4547,Home,1654.29
4548,Product4548,Clothing,3892.48
4549,Product4549,Sports,2132.97
4550,Product4550,Sports,2710.15
4551,Product4551,Electronics,2696.89
4552,Product4552,Home,4737.97
4553,Product4553,Books,4094.32
4554,Product4554,Electronics,696.94
4555,Product4555,Home,516.11
4556,Product4556,Sports,1922.54
4557,Product4557,Clothing,3910.74
4558,Product4558,Clothing,3344.65
4559,Product4559,Electronics,1172.37
4560,Product4560,Sports,4844.83
4561,Product4561,Electronics,3209.28
4562,Product4562,Sports,399.81
4563,Product4563,Sports,793.85
4564,Product4564,Sports,4628.46
4565,Product4565,Clothing,4615.81
4566,Product4566,Sports,3452.38
4567,Product4567,Books,854.66
4568,Product4568,Clothing,1079.26
4569,Product4569,Sports,3834.45
4570,Product4570,Clothing,1885.02
4571,Product4571,Clothing,534.18
4572,Product4572,Electronics,229.4
4573,Product4573,Sports,1473.78
4574,Product4574,Clothing,504.01
4575,Product4575,Clothing,2324.5
4576,Product4576,Electronics,4750.68
4577,Product4577,Electronics,2222.41
4578,Product4578,Home,153.99
4579,Product4579,Electronics,3687.18
4580,Product4580,Books,2985.41
4581,Product4581,Clothing,1876.96
4582,Product4582,Home,1390.56
4583,Product4583,Clothing,3932.66
4584,Product4584,Books,3074.78
4585,Product4585,Books,3707.88
4586,Product4586,Home,3131.92
4587,Product4587,Books,3696.41
4588,Product4588,Electronics,3271.51
4589,Product4589,Books,788.98
4590,Product4590,Home,33.92
4591,Product4591,Clothing,1002.59
4592,Product4592,Home,2527.83
4593,Product4593,Home,895.1
4594,Product4594,Clothing,3846.62
4595,Product4595,Books,2573.4
4596,Product4596,Books,2650.79
4597,Product4597,Electronics,42.73
4598,Product4598,Electronics,2763.7
4599,Product4599,Electronics,4276.33
4600,Product4600,Books,1861.85
4601,Product4601,Home,1396.41
4602,Product4602,Books,3249.37
4603,Product4603,Electronics,361.29
4604,Product4604,Clothing,4324.43
4605,Product4605,Home,1309.24
4606,Product4606,Books,120.21
4607,Product4607,Clothing,3484.25
4608,Product4608,Electronics,4294.35
4609,Product4609,Clothing,4904.6
4610,Product4610,Sports,803.14
4611,Product4611,Home,3736.25
4612,Product4612,Books,1757.42
4613,Product4613,Clothing,736.57
4614,Product4614,Sports,1448.89
4615,Product4615,Books,37.34
4616,Product4616,Clothing,1244.9
4617,Product4617,Sports,4948.32
4618,Product4618,Books,849.31
4619,Product4619,Books,4339.47
4620,Product4620,Clothing,4966.41
4621,Product4621,Home,2636.11
4622,Product4622,Books,220.26
4623,Product4623,Clothing,4046.15
4624,Product4624,Sports,3115.04
4625,Product4625,Sports,4348.05
4626,Product4626,Home,706.03
4627,Product4627,Sports,2903.59
4628,Product4628,Sports,3934.06
4629,Product4629,Sports,151.0
4630,Product4630,Clothing,3056.62
4631,Product4631,Clothing,3460.22
4632,Product4632,Home,221.85
4633,Product4633,Sports,51.58
4634,Product4634,Home,2479.36
4635,Product4635,Sports,3989.46
4636,Product4636,Electronics,700.62
4637,Product4637,Electronics,1987.34
4638,Product4638,Sports,3982.64
4639,Product4639,Electronics,1134.55
4640,Product4640,Electronics,852.0
4641,Product4641,Sports,2186.35
4642,Product4642,Home,3777.16
4643,Product4643,Electronics,1269.31
4644,Product4644,Electronics,1381.05
4645,Product4645,Electronics,3322.0
4646,Product4646,Sports,292.4
4647,Product4647,Home,3310.19
4648,Product4648,Books,2470.94
4649,Product4649,Electronics,3241.61
4650,Product4650,Books,1935.25
4651,Product4651,Electronics,1815.13
4652,Product4652,Electronics,1338.88
4653,Product4653,Home,2447.84
4654,Product4654,Electronics,4078.41
4655,Product4655,Books,3354.36
4656,Product4656,Sports,835.67
4657,Product4657,Electronics,2955.14
4658,Product4658,Clothing,4169.46
4659,Product4659,Sports,4510.25
4660,Product4660,Clothing,3714.2
4661,Product4661,Home,2531.61
4662,Product4662,Clothing,2403.35
4663,Product4663,Electronics,3989.05
4664,Product4664,Books,4673.34
4665,Product4665,Clothing,777.84
4666,Product4666,Home,3456.02
4667,Product4667,Clothing,2837.48
4668,Product4668,Books,2503.04
4669,Product4669,Electronics,4529.92
4670,Product4670,Electronics,4213.01
4671,Product4671,Clothing,2530.37
4672,Product4672,Books,2582.34
4673,Product4673,Clothing,5.19
4674,Product4674,Home,61.53
4675,Product4675,Electronics,4314.56
4676,Product4676,Electronics,1228.68
4677,Product4677,Sports,1427.76
4678,Product4678,Books,4959.91
4679,Product4679,Home,2429.66
4680,Product4680,Electronics,1153.53
4681,Product4681,Clothing,3555.51
4682,Product4682,Electronics,4474.58
4683,Product4683,Home,4012.39
4684,Product4684,Home,25.83
4685,Product4685,Home,2602.42
4686,Product4686,Electronics,2010.52
4687,Product4687,Electronics,2714.34
4688,Product4688,Books,1242.14
4689,Product4689,Electronics,4137.27
4690,Product4690,Sports,4825.86
4691,Product4691,Electronics,1285.24
4692,Product4692,Electronics,3880.43
4693,Product4693,Books,3696.05
4694,Product4694,Electronics,1077.48
4695,Product4695,Clothing,3772.85
4696,Product4696,Electronics,4756.4
4697,Product4697,Clothing,1626.57
4698,Product4698,Home,1999.32
4699,Product4699,Sports,2928.81
4700,Product4700,Sports,1931.91
4701,Product4701,Electronics,1407.42
4702,Product4702,Home,3774.09
4703,Product4703,Books,645.75
4704,Product4704,Books,888.48
4705,Product4705,Home,309.24
4706,Product4706,Clothing,2589.85
4707,Product4707,Electronics,4764.07
4708,Product4708,Electronics,2402.86
4709,Product4709,Electronics,825.94
4710,Product4710,Clothing,2319.55
4711,Product4711,Electronics,3016.08
4712,Product4712,Sports,2457.02
4713,Product4713,Books,1404.77
4714,Product4714,Electronics,4254.18
4715,Product4715,Books,187.13
4716,Product4716,Clothing,1744.51
4717,Product4717,Books,4365.49
4718,Product4718,Books,349.07
4719,Product4719,Home,149.24
4720,Product4720,Books,1952.41
4721,Product4721,Clothing,996.54
4722,Product4722,Sports,4356.58
4723,Product4723,Books,654.22
4724,Product4724,Books,3536.52
4725,Product4725,Clothing,3234.98
4726,Product4726,Electronics,3456.21
4727,Product4727,Clothing,3499.44
4728,Product4728,Sports,3117.74
4729,Product4729,Books,522.45
4730,Product4730,Books,4095.15
4731,Product4731,Books,1794.95
4732,Product4732,Electronics,3470.33
4733,Product4733,Clothing,2032.99
4734,Product4734,Electronics,2393.27
4735,Product4735,Sports,3336.13
4736,Product4736,Clothing,1859.65
4737,Product4737,Books,3132.88
4738,Product4738,Books,4339.43
4739,Product4739,Books,3111.54
4740,Product4740,Electronics,1511.26
4741,Product4741,Home,3379.44
4742,Product4742,Home,1001.29
4743,Product4743,Books,2514.93
4744,Product4744,Sports,2622.95
4745,Product4745,Home,4500.36
4746,Product4746,Home,3150.18
4747,Product4747,Electronics,753.51
4748,Product4748,Home,1477.33
4749,Product4749,Books,4396.77
4750,Product4750,Home,480.95
4751,Product4751,Electronics,227.14
4752,Product4752,Books,4322.87
4753,Product4753,Home,3781.94
4754,Product4754,Electronics,1958.05
4755,Product4755,Clothing,3007.41
4756,Product4756,Clothing,3954.88
4757,Product4757,Electronics,2736.76
4758,Product4758,Home,3015.46
4759,Product4759,Clothing,4299.1
4760,Product4760,Books,754.09
4761,Product4761,Home,2342.87
4762,Product4762,Home,4378.71
4763,Product4763,Clothing,3544.82
4764,Product4764,Clothing,1312.15
4765,Product4765,Electronics,36.0
4766,Product4766,Sports,1850.9
4767,Product4767,Clothing,698.68
4768,Product4768,Sports,2662.91
4769,Product4769,Electronics,1160.29
4770,Product4770,Home,2114.36
4771,Product4771,Electronics,4971.38
4772,Product4772,Home,3947.82
4773,Product4773,Books,693.54
4774,Product4774,Home,4771.9
4775,Product4775,Electronics,3721.95
4776,Product4776,Clothing,2364.21
4777,Product4777,Clothing,4377.82
4778,Product4778,Clothing,3741.04
4779,Product4779,Home,3319.74
4780,Product4780,Clothing,4036.75
4781,Product4781,Books,1239.16
4782,Product4782,Electronics,3389.36
4783,Product4783,Sports,1038.48
4784,Product4784,Clothing,1445.87
4785,Product4785,Electronics,2903.34
4786,Product4786,Books,4204.4
4787,Product4787,Home,2071.88
4788,Product4788,Books,2165.23
4789,Product4789,Electronics,4814.78
4790,Product4790,Sports,1464.1
4791,Product4791,Home,461.64
4792,Product4792,Electronics,545.21
4793,Product4793,Clothing,2475.68
4794,Product4794,Sports,3611.11
4795,Product4795,Home,1131.14
4796,Product4796,Sports,3339.66
4797,Product4797,Home,246.67
4798,Product4798,Home,3397.83
4799,Product4799,Books,4152.13
4800,Product4800,Clothing,4855.39
4801,Product4801,Sports,1462.57
4802,Product4802,Clothing,3491.92
4803,Product4803,Clothing,1162.89
4804,Product4804,Clothing,4040.28
4805,Product4805,Clothing,3007.74
4806,Product4806,Books,4035.78
4807,Product4807,Clothing,2168.19
4808,Product4808,Clothing,3254.2
4809,Product4809,Clothing,4510.83
4810,Product4810,Electronics,4999.89
4811,Product4811,Clothing,762.75
4812,Product4812,Clothing,1808.31
4813,Product4813,Home,3916.7
4814,Product4814,Electronics,4179.21
4815,Product4815,Sports,1860.87
4816,Product4816,Electronics,1348.41
4817,Product4817,Electronics,3359.16
4818,Product4818,Electronics,3628.5
4819,Product4819,Books,1203.73
4820,Product4820,Sports,1225.98
4821,Product4821,Electronics,1968.77
4822,Product4822,Electronics,553.9
4823,Product4823,Sports,2757.33
4824,Product4824,Books,2045.75
4825,Product4825,Electronics,602.56
4826,Product4826,Clothing,3658.67
4827,Product4827,Electronics,2104.95
4828,Product4828,Books,46.49
4829,Product4829,Clothing,3085.36
4830,Product4830,Books,4852.0
4831,Product4831,Clothing,34.2
4832,Product4832,Sports,3993.21
4833,Product4833,Sports,1839.06
4834,Product4834,Books,3558.82
4835,Product4835,Electronics,4445.68
4836,Product4836,Electronics,4136.69
4837,Product4837,Books,1458.76
4838,Product4838,Clothing,845.11
4839,Product4839,Sports,428.09
4840,Product4840,Sports,1516.21
4841,Product4841,Electronics,3018.11
4842,Product4842,Clothing,3686.72
4843,Product4843,Electronics,2803.84
4844,Product4844,Clothing,2934.07
4845,Product4845,Electronics,2154.23
4846,Product4846,Clothing,2029.93
4847,Product4847,Home,1383.11
4848,Product4848,Electronics,1458.17
4849,Product4849,Sports,4993.07
4850,Product4850,Home,548.8
4851,Product4851,Electronics,2863.33
4852,Product4852,Electronics,3782.73
4853,Product4853,Books,2671.59
4854,Product4854,Electronics,915.28
4855,Product4855,Home,2803.32
4856,Product4856,Clothing,2215.7
4857,Product4857,Home,417.49
4858,Product4858,Books,959.03
4859,Product4859,Home,221.69
4860,Product4860,Home,458.42
4861,Product4861,Clothing,291.85
4862,Product4862,Clothing,4300.91
4863,Product4863,Clothing,1191.88
4864,Product4864,Clothing,3871.07
4865,Product4865,Clothing,4495.03
4866,Product4866,Books,4567.97
4867,Product4867,Clothing,4308.09
4868,Product4868,Home,4245.45
4869,Product4869,Home,271.78
4870,Product4870,Books,885.4
4871,Product4871,Clothing,2517.13
4872,Product4872,Clothing,4391.19
4873,Product4873,Sports,2610.93
4874,Product4874,Home,1130.11
4875,Product4875,Clothing,3327.11
4876,Product4876,Clothing,4972.12
4877,Product4877,Books,2097.08
4878,Product4878,Clothing,3222.25
4879,Product4879,Books,2069.02
4880,Product4880,Sports,4418.39
4881,Product4881,Home,462.51
4882,Product4882,Clothing,1577.81
4883,Product4883,Clothing,1313.46
4884,Product4884,Sports,677.66
4885,Product4885,Sports,2524.22
4886,Product4886,Clothing,1582.34
4887,Product4887,Books,3107.57
4888,Product4888,Electronics,4461.09
4889,Product4889,Sports,3350.91
4890,Product4890,Electronics,3763.8
4891,Product4891,Home,702.08
4892,Product4892,Clothing,2112.53
4893,Product4893,Books,1450.33
4894,Product4894,Books,4129.32
4895,Product4895,Sports,1580.38
4896,Product4896,Sports,230.91
4897,Product4897,Sports,4424.88
4898,Product4898,Books,1946.95
4899,Product4899,Books,1252.53
4900,Product4900,Clothing,4081.38
4901,Product4901,Electronics,2075.46
4902,Product4902,Sports,4011.66
4903,Product4903,Home,1193.7
4904,Product4904,Home,2523.34
4905,Product4905,Clothing,3434.62
4906,Product4906,Electronics,3555.94
4907,Product4907,Clothing,3307.06
4908,Product4908,Books,1864.05
4909,Product4909,Electronics,81.51
4910,Product4910,Electronics,1136.55
4911,Product4911,Books,4206.0
4912,Product4912,Sports,593.66
4913,Product4913,Clothing,4684.31
4914,Product4914,Sports,1254.0
4915,Product4915,Clothing,419.21
4916,Product4916,Books,1708.75
4917,Product4917,Sports,4476.26
4918,Product4918,Sports,763.53
4919,Product4919,Books,3756.78
4920,Product4920,Sports,2309.0
4921,Product4921,Electronics,545.44
4922,Product4922,Home,1426.71
4923,Product4923,Sports,3829.43
4924,Product4924,Home,1337.11
4925,Product4925,Home,2982.23
4926,Product4926,Books,3181.14
4927,Product4927,Home,1100.44
4928,Product4928,Books,3451.75
4929,Product4929,Clothing,864.66
4930,Product4930,Electronics,2134.98
4931,Product4931,Clothing,844.66
4932,Product4932,Sports,3523.14
4933,Product4933,Books,4426.93
4934,Product4934,Sports,1727.31
4935,Product4935,Clothing,1239.32
4936,Product4936,Home,535.99
4937,Product4937,Electronics,1070.15
4938,Product4938,Sports,3178.26
4939,Product4939,Sports,4238.32
4940,Product4940,Clothing,3859.48
4941,Product4941,Books,1413.06
4942,Product4942,Home,4846.24
4943,Product4943,Electronics,3805.51
4944,Product4944,Sports,4400.25
4945,Product4945,Home,3417.39
4946,Product4946,Books,2651.04
4947,Product4947,Books,3303.56
4948,Product4948,Books,4939.94
4949,Product4949,Clothing,4821.35
4950,Product4950,Clothing,886.82
4951,Product4951,Clothing,520.64
4952,Product4952,Clothing,378.33
4953,Product4953,Electronics,3661.72
4954,Product4954,Clothing,4731.49
4955,Product4955,Clothing,2607.13
4956,Product4956,Books,3342.41
4957,Product4957,Books,3753.28
4958,Product4958,Electronics,221.25
4959,Product4959,Electronics,4749.16
4960,Product4960,Clothing,2504.92
4961,Product4961,Home,3215.15
4962,Product4962,Books,3988.34
4963,Product4963,Clothing,1241.31
4964,Product4964,Sports,625.25
4965,Product4965,Home,4378.87
4966,Product4966,Home,4701.64
4967,Product4967,Sports,4451.72
4968,Product4968,Sports,379.35
4969,Product4969,Clothing,2086.9
4970,Product4970,Home,4633.7
4971,Product4971,Electronics,1986.37
4972,Product4972,Sports,171.2
4973,Product4973,Books,674.3
4974,Product4974,Sports,2432.99
4975,Product4975,Electronics,4452.47
4976,Product4976,Books,1593.79
4977,Product4977,Home,4539.0
4978,Product4978,Sports,1310.76
4979,Product4979,Home,2187.51
4980,Product4980,Electronics,4163.1
4981,Product4981,Electronics,1455.27
4982,Product4982,Clothing,906.45
4983,Product4983,Sports,1823.37
4984,Product4984,Books,4543.34
4985,Product4985,Books,1381.82
4986,Product4986,Clothing,772.87
4987,Product4987,Electronics,972.93
4988,Product4988,Electronics,20.23
4989,Product4989,Clothing,2071.85
4990,Product4990,Home,939.52
4991,Product4991,Sports,4805.07
4992,Product4992,Sports,4484.69
4993,Product4993,Electronics,3487.85
4994,Product4994,Electronics,2308.16
4995,Product4995,Sports,3798.75
4996,Product4996,Sports,1235.99
4997,Product4997,Home,3903.54
4998,Product4998,Clothing,330.99
4999,Product4999,Electronics,1118.95
5000,Product5000,Clothing,25.01
